1 0
2 0
3 0
4 0
5 0
6 0
7 0
8 0
9 0
10 0
11 0
12 0
13 0
14 0
15 0
16 0
17 0
18 0
19 0
20 0
21 0
22 0
23 0
24 0
25 4.0374919528370657e-10
26 4.0374919528370657e-10
27 4.0374919528370657e-10
28 4.0374919528370657e-10
29 4.0374919528370657e-10
30 4.0374919528370657e-10
31 4.0374919528370657e-10
32 4.0374919528370657e-10
33 4.0374919528370657e-10
34 8.459502874255598e-10
35 8.459502874255598e-10
36 8.459502874255598e-10
37 8.459502874255598e-10
38 8.459502874255598e-10
39 8.459502874255598e-10
40 8.459502874255598e-10
41 8.459502874255598e-10
42 8.459502874255598e-10
43 8.459502874255598e-10
44 8.459502874255598e-10
45 8.459502874255598e-10
46 8.459502874255598e-10
47 8.459502874255598e-10
48 8.459502874255598e-10
49 8.459502874255598e-10
50 8.459502874255598e-10
51 8.459502874255598e-10
52 8.459502874255598e-10
53 8.459502874255598e-10
54 8.459502874255598e-10
55 1.3602494501537892e-9
56 1.3602494501537892e-9
57 1.3602494501537892e-9
58 1.3602494501537892e-9
59 1.3602494501537892e-9
60 1.3602494501537892e-9
61 1.3602494501537892e-9
62 1.3602494501537892e-9
63 1.3602494501537892e-9
64 1.3602494501537892e-9
65 1.3602494501537892e-9
66 1.3602494501537892e-9
67 1.3602494501537892e-9
68 1.3602494501537892e-9
69 1.3602494501537892e-9
70 1.3602494501537892e-9
71 1.3602494501537892e-9
72 1.3602494501537892e-9
73 1.3602494501537892e-9
74 1.3602494501537892e-9
75 1.3602494501537892e-9
76 1.3602494501537892e-9
77 1.3602494501537892e-9
78 1.3602494501537892e-9
79 1.3602494501537892e-9
80 1.3602494501537892e-9
81 1.3602494501537892e-9
82 1.3602494501537892e-9
83 1.3602494501537892e-9
84 1.3602494501537892e-9
85 1.3602494501537892e-9
86 1.3602494501537892e-9
87 1.3602494501537892e-9
88 1.3602494501537892e-9
89 1.3602494501537892e-9
90 1.3602494501537892e-9
91 1.3602494501537892e-9
92 1.3602494501537892e-9
93 1.3602494501537892e-9
94 1.3602494501537892e-9
95 1.3602494501537892e-9
96 1.3602494501537892e-9
97 1.3602494501537892e-9
98 1.3602494501537892e-9
99 1.3602494501537892e-9
100 1.5012411647247157e-9
101 1.5012411647247157e-9
102 1.5012411647247157e-9
103 1.5012411647247157e-9
104 1.5012411647247157e-9
105 1.5012411647247157e-9
106 1.5012411647247157e-9
107 1.5012411647247157e-9
108 1.6742753117682567e-9
109 1.6742753117682567e-9
110 1.6742753117682567e-9
111 1.6742753117682567e-9
112 1.9867004880365136e-9
113 1.9867004880365136e-9
114 1.9867004880365136e-9
115 1.9867004880365136e-9
116 1.9867004880365136e-9
117 1.9867004880365136e-9
118 1.9867004880365136e-9
119 1.9867004880365136e-9
120 1.9867004880365136e-9
121 1.9867004880365136e-9
122 1.9867004880365136e-9
123 1.9867004880365136e-9
124 1.9867004880365136e-9
125 1.9867004880365136e-9
126 1.9867004880365136e-9
127 1.9867004880365136e-9
128 1.9867004880365136e-9
129 1.9867004880365136e-9
130 1.9867004880365136e-9
131 1.9867004880365136e-9
132 1.9867004880365136e-9
133 1.9867004880365136e-9
134 1.9867004880365136e-9
135 1.9867004880365136e-9
136 1.9867004880365136e-9
137 1.9867004880365136e-9
138 1.9867004880365136e-9
139 1.9867004880365136e-9
140 1.9867004880365136e-9
141 2.7509382027064583e-9
142 2.7509382027064583e-9
143 2.7509382027064583e-9
144 2.7509382027064583e-9
145 2.7509382027064583e-9
146 2.7509382027064583e-9
147 2.7509382027064583e-9
148 2.7509382027064583e-9
149 2.7509382027064583e-9
150 2.7509382027064583e-9
151 2.7509382027064583e-9
152 2.7509382027064583e-9
153 2.7509382027064583e-9
154 2.7509382027064583e-9
155 2.7509382027064583e-9
156 2.7509382027064583e-9
157 2.7509382027064583e-9
158 2.7509382027064583e-9
159 3.167503882033706e-9
160 3.167503882033706e-9
161 3.167503882033706e-9
162 3.167503882033706e-9
163 3.167503882033706e-9
164 3.167503882033706e-9
165 3.167503882033706e-9
166 3.167503882033706e-9
167 3.167503882033706e-9
168 3.167503882033706e-9
169 3.167503882033706e-9
170 3.167503882033706e-9
171 3.167503882033706e-9
172 3.167503882033706e-9
173 3.167503882033706e-9
174 3.167503882033706e-9
175 3.167503882033706e-9
176 3.167503882033706e-9
177 3.167503882033706e-9
178 3.167503882033706e-9
179 3.167503882033706e-9
180 3.167503882033706e-9
181 3.167503882033706e-9
182 3.167503882033706e-9
183 3.167503882033706e-9
184 3.167503882033706e-9
185 3.167503882033706e-9
186 3.167503882033706e-9
187 3.167503882033706e-9
188 3.167503882033706e-9
189 3.507165156462779e-9
190 3.507165156462779e-9
191 3.6866087678918525e-9
192 3.6866087678918525e-9
193 3.6866087678918525e-9
194 3.6866087678918525e-9
195 3.6866087678918525e-9
196 3.6866087678918525e-9
197 3.6866087678918525e-9
198 3.6866087678918525e-9
199 3.6866087678918525e-9
200 3.6866087678918525e-9
201 3.6866087678918525e-9
202 3.6866087678918525e-9
203 3.6866087678918525e-9
204 3.6866087678918525e-9
205 3.6866087678918525e-9
206 3.6866087678918525e-9
207 3.6866087678918525e-9
208 3.6866087678918525e-9
209 3.6866087678918525e-9
210 3.6866087678918525e-9
211 3.6866087678918525e-9
212 3.6866087678918525e-9
213 3.6866087678918525e-9
214 3.6866087678918525e-9
215 3.6866087678918525e-9
216 4.3579211670182565e-9
217 4.3579211670182565e-9
218 4.3579211670182565e-9
219 4.3579211670182565e-9
220 4.3579211670182565e-9
221 4.3579211670182565e-9
222 4.3579211670182565e-9
223 4.3579211670182565e-9
224 4.3579211670182565e-9
225 4.3579211670182565e-9
226 4.3579211670182565e-9
227 4.3579211670182565e-9
228 4.3579211670182565e-9
229 4.3579211670182565e-9
230 4.3579211670182565e-9
231 4.3579211670182565e-9
232 4.3579211670182565e-9
233 4.3579211670182565e-9
234 4.3579211670182565e-9
235 4.3579211670182565e-9
236 4.3579211670182565e-9
237 4.3579211670182565e-9
238 4.3579211670182565e-9
239 4.3579211670182565e-9
240 4.3579211670182565e-9
241 4.3579211670182565e-9
242 4.3579211670182565e-9
243 4.3579211670182565e-9
244 4.3579211670182565e-9
245 4.3579211670182565e-9
246 4.3579211670182565e-9
247 4.3579211670182565e-9
248 4.3579211670182565e-9
249 4.3579211670182565e-9
250 4.3579211670182565e-9
251 4.3579211670182565e-9
252 4.3579211670182565e-9
253 4.3579211670182565e-9
254 4.3579211670182565e-9
255 4.3579211670182565e-9
256 4.3579211670182565e-9
257 4.3579211670182565e-9
258 4.3579211670182565e-9
259 4.3579211670182565e-9
260 4.3579211670182565e-9
261 4.3579211670182565e-9
262 4.3579211670182565e-9
263 4.3579211670182565e-9
264 4.3579211670182565e-9
265 4.3579211670182565e-9
266 4.3579211670182565e-9
267 4.3579211670182565e-9
268 4.3579211670182565e-9
269 4.3579211670182565e-9
270 4.3579211670182565e-9
271 4.3579211670182565e-9
272 4.3579211670182565e-9
273 4.3579211670182565e-9
274 4.3579211670182565e-9
275 4.3579211670182565e-9
276 4.3579211670182565e-9
277 4.3579211670182565e-9
278 4.3579211670182565e-9
279 4.3579211670182565e-9
280 4.3579211670182565e-9
281 4.3579211670182565e-9
282 4.3579211670182565e-9
283 4.854596289027385e-9
284 4.854596289027385e-9
285 4.854596289027385e-9
286 4.854596289027385e-9
287 4.854596289027385e-9
288 4.854596289027385e-9
289 4.854596289027385e-9
290 4.854596289027385e-9
291 4.854596289027385e-9
292 4.854596289027385e-9
293 4.854596289027385e-9
294 6.176391397595504e-9
295 6.176391397595504e-9
296 6.176391397595504e-9
297 6.176391397595504e-9
298 6.176391397595504e-9
299 6.176391397595504e-9
300 6.176391397595504e-9
301 6.176391397595504e-9
302 6.176391397595504e-9
303 6.176391397595504e-9
304 6.176391397595504e-9
305 6.176391397595504e-9
306 6.176391397595504e-9
307 6.176391397595504e-9
308 6.176391397595504e-9
309 6.176391397595504e-9
310 6.176391397595504e-9
311 6.176391397595504e-9
312 6.176391397595504e-9
313 6.176391397595504e-9
314 6.176391397595504e-9
315 6.176391397595504e-9
316 6.176391397595504e-9
317 6.176391397595504e-9
318 6.584946316009128e-9
319 6.584946316009128e-9
320 6.584946316009128e-9
321 6.584946316009128e-9
322 6.735550699203651e-9
323 6.735550699203651e-9
324 6.735550699203651e-9
325 6.735550699203651e-9
326 6.735550699203651e-9
327 6.735550699203651e-9
328 6.735550699203651e-9
329 6.735550699203651e-9
330 6.735550699203651e-9
331 6.735550699203651e-9
332 6.735550699203651e-9
333 6.735550699203651e-9
334 6.735550699203651e-9
335 6.735550699203651e-9
336 6.735550699203651e-9
337 6.735550699203651e-9
338 6.735550699203651e-9
339 6.735550699203651e-9
340 6.735550699203651e-9
341 6.983888565799155e-9
342 6.983888565799155e-9
343 6.983888565799155e-9
344 6.983888565799155e-9
345 6.983888565799155e-9
346 6.983888565799155e-9
347 7.754535744854633e-9
348 7.754535744854633e-9
349 8.054142603533705e-9
350 8.054142603533705e-9
351 8.054142603533705e-9
352 8.054142603533705e-9
353 8.71584111167275e-9
354 8.71584111167275e-9
355 8.71584111167275e-9
356 8.71584111167275e-9
357 8.71584111167275e-9
358 8.71584111167275e-9
359 8.71584111167275e-9
360 8.71584111167275e-9
361 9.590629404969098e-9
362 9.590629404969098e-9
363 9.590629404969098e-9
364 9.590629404969098e-9
365 9.590629404969098e-9
366 9.842171086984548e-9
367 1.0808284010478227e-8
368 1.0808284010478227e-8
369 1.0808284010478227e-8
370 1.1276119904252805e-8
371 1.1276119904252805e-8
372 1.1276119904252805e-8
373 1.1276119904252805e-8
374 1.1276119904252805e-8
375 1.1276119904252805e-8
376 1.1276119904252805e-8
377 1.1276119904252805e-8
378 1.1276119904252805e-8
379 1.1276119904252805e-8
380 1.1276119904252805e-8
381 1.1276119904252805e-8
382 1.1276119904252805e-8
383 1.1276119904252805e-8
384 1.1276119904252805e-8
385 1.1276119904252805e-8
386 1.1276119904252805e-8
387 1.1276119904252805e-8
388 1.1276119904252805e-8
389 1.1276119904252805e-8
390 1.1276119904252805e-8
391 1.1276119904252805e-8
392 1.1276119904252805e-8
393 1.1453961607971906e-8
394 1.1453961607971906e-8
395 1.1453961607971906e-8
396 1.1453961607971906e-8
397 1.1453961607971906e-8
398 1.1453961607971906e-8
399 1.1936217115863759e-8
400 1.1936217115863759e-8
401 1.2322342270428365e-8
402 1.2322342270428365e-8
403 1.2322342270428365e-8
404 1.2322342270428365e-8
405 1.2322342270428365e-8
406 1.2322342270428365e-8
407 1.2322342270428365e-8
408 1.2322342270428365e-8
409 1.2322342270428365e-8
410 1.2322342270428365e-8
411 1.2322342270428365e-8
412 1.2322342270428365e-8
413 1.2322342270428365e-8
414 1.2322342270428365e-8
415 1.2322342270428365e-8
416 1.2322342270428365e-8
417 1.2322342270428365e-8
418 1.2322342270428365e-8
419 1.2322342270428365e-8
420 1.2322342270428365e-8
421 1.2322342270428365e-8
422 1.2798189536298448e-8
423 1.2798189536298448e-8
424 1.2798189536298448e-8
425 1.2798189536298448e-8
426 1.2798189536298448e-8
427 1.2798189536298448e-8
428 1.2798189536298448e-8
429 1.2798189536298448e-8
430 1.2798189536298448e-8
431 1.2798189536298448e-8
432 1.2798189536298448e-8
433 1.2798189536298448e-8
434 1.2798189536298448e-8
435 1.2798189536298448e-8
436 1.2798189536298448e-8
437 1.2798189536298448e-8
438 1.2798189536298448e-8
439 1.2798189536298448e-8
440 1.2798189536298448e-8
441 1.2798189536298448e-8
442 1.2798189536298448e-8
443 1.2798189536298448e-8
444 1.2798189536298448e-8
445 1.2798189536298448e-8
446 1.2798189536298448e-8
447 1.2798189536298448e-8
448 1.2798189536298448e-8
449 1.2798189536298448e-8
450 1.2798189536298448e-8
451 1.2798189536298448e-8
452 1.2798189536298448e-8
453 1.2798189536298448e-8
454 1.2798189536298448e-8
455 1.2798189536298448e-8
456 1.2798189536298448e-8
457 1.2798189536298448e-8
458 1.2798189536298448e-8
459 1.2798189536298448e-8
460 1.2798189536298448e-8
461 1.2798189536298448e-8
462 1.3288455193922045e-8
463 1.3288455193922045e-8
464 1.3288455193922045e-8
465 1.3288455193922045e-8
466 1.3288455193922045e-8
467 1.3288455193922045e-8
468 1.3956563166446623e-8
469 1.3956563166446623e-8
470 1.3956563166446623e-8
471 1.3956563166446623e-8
472 1.3956563166446623e-8
473 1.3956563166446623e-8
474 1.3956563166446623e-8
475 1.3956563166446623e-8
476 1.3956563166446623e-8
477 1.3956563166446623e-8
478 1.3956563166446623e-8
479 1.3956563166446623e-8
480 1.3956563166446623e-8
481 1.3956563166446623e-8
482 1.3956563166446623e-8
483 1.3956563166446623e-8
484 1.3956563166446623e-8
485 1.3956563166446623e-8
486 1.3956563166446623e-8
487 1.3956563166446623e-8
488 1.3956563166446623e-8
489 1.3956563166446623e-8
490 1.5026817815363054e-8
491 1.5026817815363054e-8
492 1.5026817815363054e-8
493 1.5026817815363054e-8
494 1.5581170171477522e-8
495 1.5581170171477522e-8
496 1.5581170171477522e-8
497 1.599292951649297e-8
498 1.599292951649297e-8
499 1.599292951649297e-8
500 1.599292951649297e-8
501 1.6212427543672045e-8
502 1.6212427543672045e-8
503 1.6212427543672045e-8
504 1.7098431635665722e-8
505 1.7098431635665722e-8
506 1.7098431635665722e-8
507 1.7098431635665722e-8
508 1.7098431635665722e-8
509 1.7098431635665722e-8
510 1.7098431635665722e-8
511 1.7098431635665722e-8
512 1.7098431635665722e-8
513 1.74861586979403e-8
514 1.74861586979403e-8
515 1.74861586979403e-8
516 1.7984435727659403e-8
517 1.7984435727659403e-8
518 1.7984435727659403e-8
519 1.7984435727659403e-8
520 1.7984435727659403e-8
521 1.7984435727659403e-8
522 1.7984435727659403e-8
523 1.7984435727659403e-8
524 1.7984435727659403e-8
525 1.7984435727659403e-8
526 1.7984435727659403e-8
527 1.7984435727659403e-8
528 1.7984435727659403e-8
529 1.7984435727659403e-8
530 1.7984435727659403e-8
531 1.7984435727659403e-8
532 1.8264816637909402e-8
533 1.8264816637909402e-8
534 1.850834755901123e-8
535 1.850834755901123e-8
536 1.850834755901123e-8
537 1.900662397754845e-8
538 1.900662397754845e-8
539 2.064244678127668e-8
540 2.064244678127668e-8
541 2.064244678127668e-8
542 2.064244678127668e-8
543 2.064244678127668e-8
544 2.064244678127668e-8
545 2.064244678127668e-8
546 2.064244678127668e-8
547 2.064244678127668e-8
548 2.064244678127668e-8
549 2.064244678127668e-8
550 2.064244678127668e-8
551 2.064244678127668e-8
552 2.064244678127668e-8
553 2.064244678127668e-8
554 2.064244678127668e-8
555 2.064244678127668e-8
556 2.064244678127668e-8
557 2.064244678127668e-8
558 2.064244678127668e-8
559 2.064244678127668e-8
560 2.064244678127668e-8
561 2.064244678127668e-8
562 2.064244678127668e-8
563 2.064244678127668e-8
564 2.064244678127668e-8
565 2.064244678127668e-8
566 2.064244678127668e-8
567 2.064244678127668e-8
568 2.064244678127668e-8
569 2.064244678127668e-8
570 2.064244678127668e-8
571 2.064244678127668e-8
572 2.064244678127668e-8
573 2.064244678127668e-8
574 2.064244678127668e-8
575 2.064244678127668e-8
576 2.064244678127668e-8
577 2.064244678127668e-8
578 2.064244678127668e-8
579 2.064244678127668e-8
580 2.064244678127668e-8
581 2.064244678127668e-8
582 2.064244678127668e-8
583 2.115033770198314e-8
584 2.115033770198314e-8
585 2.115033770198314e-8
586 2.115033770198314e-8
587 2.115033770198314e-8
588 2.115033770198314e-8
589 2.115033770198314e-8
590 2.115033770198314e-8
591 2.115033770198314e-8
592 2.115033770198314e-8
593 2.115033770198314e-8
594 2.115033770198314e-8
595 2.115033770198314e-8
596 2.115033770198314e-8
597 2.115033770198314e-8
598 2.115033770198314e-8
599 2.115033770198314e-8
600 2.115033770198314e-8
601 2.115033770198314e-8
602 2.115033770198314e-8
603 2.115033770198314e-8
604 2.115033770198314e-8
605 2.115033770198314e-8
606 2.115033770198314e-8
607 2.115033770198314e-8
608 2.1760766606856735e-8
609 2.1760766606856735e-8
610 2.1760766606856735e-8
611 2.1760766606856735e-8
612 2.2212580978804066e-8
613 2.2212580978804066e-8
614 2.2212580978804066e-8
615 2.2212580978804066e-8
616 2.2212580978804066e-8
617 2.2212580978804066e-8
618 2.2212580978804066e-8
619 2.2212580978804066e-8
620 2.2212580978804066e-8
621 2.2212580978804066e-8
622 2.2212580978804066e-8
623 2.2212580978804066e-8
624 2.2212580978804066e-8
625 2.2212580978804066e-8
626 2.2212580978804066e-8
627 2.2212580978804066e-8
628 2.2212580978804066e-8
629 2.2212580978804066e-8
630 2.2212580978804066e-8
631 2.337736285097401e-8
632 2.337736285097401e-8
633 2.337736285097401e-8
634 2.337736285097401e-8
635 2.337736285097401e-8
636 2.337736285097401e-8
637 2.337736285097401e-8
638 2.337736285097401e-8
639 2.337736285097401e-8
640 2.337736285097401e-8
641 2.337736285097401e-8
642 2.337736285097401e-8
643 2.337736285097401e-8
644 2.337736285097401e-8
645 2.337736285097401e-8
646 2.337736285097401e-8
647 2.337736285097401e-8
648 2.337736285097401e-8
649 2.337736285097401e-8
650 2.337736285097401e-8
651 2.3958952527613055e-8
652 2.3958952527613055e-8
653 2.3958952527613055e-8
654 2.3958952527613055e-8
655 2.4357894777403082e-8
656 2.4357894777403082e-8
657 2.4915452782483137e-8
658 2.4915452782483137e-8
659 2.4915452782483137e-8
660 2.4915452782483137e-8
661 2.4915452782483137e-8
662 2.4915452782483137e-8
663 2.4915452782483137e-8
664 2.4915452782483137e-8
665 2.4915452782483137e-8
666 2.4915452782483137e-8
667 2.5093293263838477e-8
668 2.5093293263838477e-8
669 2.5093293263838477e-8
670 2.5940844847792127e-8
671 2.5940844847792127e-8
672 2.5940844847792127e-8
673 2.6381444032224008e-8
674 2.6381444032224008e-8
675 2.6381444032224008e-8
676 2.6381444032224008e-8
677 2.6882924877363052e-8
678 2.6882924877363052e-8
679 2.6882924877363052e-8
680 2.6882924877363052e-8
681 2.6882924877363052e-8
682 2.6882924877363052e-8
683 2.6882924877363052e-8
684 2.6882924877363052e-8
685 2.6882924877363052e-8
686 2.6882924877363052e-8
687 2.6882924877363052e-8
688 2.7562247426221197e-8
689 2.7985221958752096e-8
690 2.7985221958752096e-8
691 2.7985221958752096e-8
692 2.7985221958752096e-8
693 2.7985221958752096e-8
694 2.7985221958752096e-8
695 2.7985221958752096e-8
696 2.7985221958752096e-8
697 2.7985221958752096e-8
698 2.7985221958752096e-8
699 2.7985221958752096e-8
700 2.7985221958752096e-8
701 2.7985221958752096e-8
702 2.7985221958752096e-8
703 2.7985221958752096e-8
704 2.7985221958752096e-8
705 2.7985221958752096e-8
706 2.7985221958752096e-8
707 2.7985221958752096e-8
708 2.7985221958752096e-8
709 2.7985221958752096e-8
710 2.7985221958752096e-8
711 2.7985221958752096e-8
712 2.7985221958752096e-8
713 2.9089121559032996e-8
714 2.9089121559032996e-8
715 2.9089121559032996e-8
716 2.9089121559032996e-8
717 2.9089121559032996e-8
718 2.9576182790054766e-8
719 2.9576182790054766e-8
720 2.9576182790054766e-8
721 2.9576182790054766e-8
722 2.9576182790054766e-8
723 2.9576182790054766e-8
724 2.9576182790054766e-8
725 2.9576182790054766e-8
726 2.9576182790054766e-8
727 3.1051787930783e-8
728 3.1051787930783e-8
729 3.1051787930783e-8
730 3.1479568797625697e-8
731 3.1479568797625697e-8
732 3.1479568797625697e-8
733 3.1479568797625697e-8
734 3.1479568797625697e-8
735 3.1479568797625697e-8
736 3.1479568797625697e-8
737 3.1479568797625697e-8
738 3.1479568797625697e-8
739 3.1479568797625697e-8
740 3.1479568797625697e-8
741 3.1479568797625697e-8
742 3.1479568797625697e-8
743 3.1479568797625697e-8
744 3.1479568797625697e-8
745 3.1479568797625697e-8
746 3.1479568797625697e-8
747 3.1479568797625697e-8
748 3.1479568797625697e-8
749 3.1479568797625697e-8
750 3.1479568797625697e-8
751 3.1479568797625697e-8
752 3.1479568797625697e-8
753 3.1479568797625697e-8
754 3.1479568797625697e-8
755 3.164619531382935e-8
756 3.164619531382935e-8
757 3.164619531382935e-8
758 3.164619531382935e-8
759 3.164619531382935e-8
760 3.164619531382935e-8
761 3.164619531382935e-8
762 3.164619531382935e-8
763 3.164619531382935e-8
764 3.2221376748446626e-8
765 3.2221376748446626e-8
766 3.2221376748446626e-8
767 3.2221376748446626e-8
768 3.24360684413139e-8
769 3.24360684413139e-8
770 3.24360684413139e-8
771 3.24360684413139e-8
772 3.24360684413139e-8
773 3.24360684413139e-8
774 3.24360684413139e-8
775 3.334290038944663e-8
776 3.334290038944663e-8
777 3.334290038944663e-8
778 3.334290038944663e-8
779 3.334290038944663e-8
780 3.334290038944663e-8
781 3.334290038944663e-8
782 3.334290038944663e-8
783 3.334290038944663e-8
784 3.334290038944663e-8
785 3.334290038944663e-8
786 3.334290038944663e-8
787 3.334290038944663e-8
788 3.334290038944663e-8
789 3.334290038944663e-8
790 3.355438765571208e-8
791 3.355438765571208e-8
792 3.355438765571208e-8
793 3.355438765571208e-8
794 3.355438765571208e-8
795 3.355438765571208e-8
796 3.355438765571208e-8
797 3.355438765571208e-8
798 3.355438765571208e-8
799 3.355438765571208e-8
800 3.4084707729085674e-8
801 3.4084707729085674e-8
802 3.4084707729085674e-8
803 3.4084707729085674e-8
804 3.4084707729085674e-8
805 3.4084707729085674e-8
806 3.4084707729085674e-8
807 3.4084707729085674e-8
808 3.4084707729085674e-8
809 3.4084707729085674e-8
810 3.4084707729085674e-8
811 3.4084707729085674e-8
812 3.4084707729085674e-8
813 3.4084707729085674e-8
814 3.4954689076888345e-8
815 3.4954689076888345e-8
816 3.4954689076888345e-8
817 3.4954689076888345e-8
818 3.4954689076888345e-8
819 3.4954689076888345e-8
820 3.5390480704644666e-8
821 3.5390480704644666e-8
822 3.5390480704644666e-8
823 3.5390480704644666e-8
824 3.5390480704644666e-8
825 3.5390480704644666e-8
826 3.5390480704644666e-8
827 3.5390480704644666e-8
828 3.5613183769607444e-8
829 3.5613183769607444e-8
830 3.5613183769607444e-8
831 3.5613183769607444e-8
832 3.5613183769607444e-8
833 3.5613183769607444e-8
834 3.5613183769607444e-8
835 3.5613183769607444e-8
836 3.5613183769607444e-8
837 3.5613183769607444e-8
838 3.5613183769607444e-8
839 3.5613183769607444e-8
840 3.5613183769607444e-8
841 3.5613183769607444e-8
842 3.5613183769607444e-8
843 3.613869750866924e-8
844 3.613869750866924e-8
845 3.613869750866924e-8
846 3.613869750866924e-8
847 3.613869750866924e-8
848 3.613869750866924e-8
849 3.613869750866924e-8
850 3.613869750866924e-8
851 3.613869750866924e-8
852 3.613869750866924e-8
853 3.613869750866924e-8
854 3.613869750866924e-8
855 3.613869750866924e-8
856 3.613869750866924e-8
857 3.646874550329284e-8
858 3.646874550329284e-8
859 3.646874550329284e-8
860 3.646874550329284e-8
861 3.646874550329284e-8
862 3.646874550329284e-8
863 3.646874550329284e-8
864 3.7297071138817417e-8
865 3.7297071138817417e-8
866 3.7297071138817417e-8
867 3.7297071138817417e-8
868 3.7297071138817417e-8
869 3.7297071138817417e-8
870 3.7297071138817417e-8
871 3.7297071138817417e-8
872 3.7297071138817417e-8
873 3.7297071138817417e-8
874 3.7297071138817417e-8
875 3.7297071138817417e-8
876 3.7297071138817417e-8
877 3.7297071138817417e-8
878 3.7297071138817417e-8
879 3.7297071138817417e-8
880 3.7297071138817417e-8
881 3.7297071138817417e-8
882 3.7297071138817417e-8
883 3.7297071138817417e-8
884 3.7297071138817417e-8
885 3.7297071138817417e-8
886 3.7297071138817417e-8
887 3.7297071138817417e-8
888 3.759187166318469e-8
889 3.759187166318469e-8
890 3.759187166318469e-8
891 3.7913909508076546e-8
892 3.7913909508076546e-8
893 3.7913909508076546e-8
894 3.7913909508076546e-8
895 3.7913909508076546e-8
896 3.7913909508076546e-8
897 3.7913909508076546e-8
898 3.7913909508076546e-8
899 3.7913909508076546e-8
900 3.7913909508076546e-8
901 3.7913909508076546e-8
902 3.7913909508076546e-8
903 3.7913909508076546e-8
904 3.7913909508076546e-8
905 3.7913909508076546e-8
906 3.842019729870927e-8
907 3.842019729870927e-8
908 3.842019729870927e-8
909 3.842019729870927e-8
910 3.842019729870927e-8
911 3.842019729870927e-8
912 3.842019729870927e-8
913 3.842019729870927e-8
914 3.842019729870927e-8
915 3.842019729870927e-8
916 3.842019729870927e-8
917 3.842019729870927e-8
918 3.842019729870927e-8
919 3.842019729870927e-8
920 3.842019729870927e-8
921 3.842019729870927e-8
922 3.842019729870927e-8
923 3.842019729870927e-8
924 3.842019729870927e-8
925 3.842019729870927e-8
926 3.871499782307654e-8
927 3.871499782307654e-8
928 3.923730713553651e-8
929 3.923730713553651e-8
930 3.923730713553651e-8
931 3.923730713553651e-8
932 3.923730713553651e-8
933 3.923730713553651e-8
934 3.923730713553651e-8
935 3.923730713553651e-8
936 3.923730713553651e-8
937 3.923730713553651e-8
938 3.923730713553651e-8
939 3.923730713553651e-8
940 3.923730713553651e-8
941 3.923730713553651e-8
942 3.923730713553651e-8
943 3.923730713553651e-8
944 3.923730713553651e-8
945 3.923730713553651e-8
946 3.923730713553651e-8
947 3.983652146407654e-8
948 3.983652146407654e-8
949 3.983652146407654e-8
950 3.983652146407654e-8
951 4.009927894478932e-8
952 4.009927894478932e-8
953 4.009927894478932e-8
954 4.009927894478932e-8
955 4.009927894478932e-8
956 4.009927894478932e-8
957 4.009927894478932e-8
958 4.009927894478932e-8
959 4.009927894478932e-8
960 4.009927894478932e-8
961 4.009927894478932e-8
962 4.064401924346207e-8
963 4.064401924346207e-8
964 4.064401924346207e-8
965 4.064401924346207e-8
966 4.064401924346207e-8
967 4.075456982208848e-8
968 4.075456982208848e-8
969 4.075456982208848e-8
970 4.075456982208848e-8
971 4.075456982208848e-8
972 4.144671007735393e-8
973 4.144671007735393e-8
974 4.1706263131464884e-8
975 4.1706263131464884e-8
976 4.1706263131464884e-8
977 4.1706263131464884e-8
978 4.1706263131464884e-8
979 4.1706263131464884e-8
980 4.227503571287851e-8
981 4.227503571287851e-8
982 4.227503571287851e-8
983 4.227503571287851e-8
984 4.257624570163132e-8
985 4.257624570163132e-8
986 4.257624570163132e-8
987 4.257624570163132e-8
988 4.257624570163132e-8
989 4.257624570163132e-8
990 4.257624570163132e-8
991 4.312258851919592e-8
992 4.312258851919592e-8
993 4.312258851919592e-8
994 4.322192391030688e-8
995 4.322192391030688e-8
996 4.3587219986368675e-8
997 4.3587219986368675e-8
998 4.3587219986368675e-8
999 4.3587219986368675e-8
1000 4.3587219986368675e-8
1001 4.3587219986368675e-8
1002 4.3587219986368675e-8
1003 4.3587219986368675e-8
1004 4.3587219986368675e-8
1005 4.3587219986368675e-8
1006 4.3587219986368675e-8
1007 4.3587219986368675e-8
1008 4.3587219986368675e-8
1009 4.3874009749822324e-8
1010 4.4425157679334965e-8
1011 4.4425157679334965e-8
1012 4.4425157679334965e-8
1013 4.477603475246137e-8
1014 4.477603475246137e-8
1015 4.477603475246137e-8
1016 4.477603475246137e-8
1017 4.477603475246137e-8
1018 4.477603475246137e-8
1019 4.477603475246137e-8
1020 4.477603475246137e-8
1021 4.477603475246137e-8
1022 4.477603475246137e-8
1023 4.477603475246137e-8
1024 4.477603475246137e-8
1025 4.477603475246137e-8
1026 4.477603475246137e-8
1027 4.477603475246137e-8
1028 4.477603475246137e-8
1029 4.477603475246137e-8
1030 4.477603475246137e-8
1031 4.477603475246137e-8
1032 4.477603475246137e-8
1033 4.477603475246137e-8
1034 4.477603475246137e-8
1035 4.477603475246137e-8
1036 4.477603475246137e-8
1037 4.477603475246137e-8
1038 4.477603475246137e-8
1039 4.477603475246137e-8
1040 4.477603475246137e-8
1041 4.477603475246137e-8
1042 4.477603475246137e-8
1043 4.477603475246137e-8
1044 4.477603475246137e-8
1045 4.477603475246137e-8
1046 4.477603475246137e-8
1047 4.477603475246137e-8
1048 4.477603475246137e-8
1049 4.477603475246137e-8
1050 4.477603475246137e-8
1051 4.477603475246137e-8
1052 4.477603475246137e-8
1053 4.477603475246137e-8
1054 4.477603475246137e-8
1055 4.424571345672401e-8
1056 4.424571345672401e-8
1057 4.424571345672401e-8
1058 4.40422363401903e-8
1059 4.40422363401903e-8
1060 4.40422363401903e-8
1061 4.40422363401903e-8
1062 4.40422363401903e-8
1063 4.40422363401903e-8
1064 4.40422363401903e-8
1065 4.38515769300639e-8
1066 4.372981116392205e-8
1067 4.363207829170295e-8
1068 4.363207829170295e-8
1069 4.363207829170295e-8
1070 4.363207829170295e-8
1071 4.363207829170295e-8
1072 4.363207829170295e-8
1073 4.363207829170295e-8
1074 4.363207829170295e-8
1075 4.363207829170295e-8
1076 4.363207829170295e-8
1077 4.363207829170295e-8
1078 4.4231292009061096e-8
1079 4.4231292009061096e-8
1080 4.4231292009061096e-8
1081 4.4231292009061096e-8
1082 4.4231292009061096e-8
1083 4.4727966519888346e-8
1084 4.4727966519888346e-8
1085 4.4727966519888346e-8
1086 4.4727966519888346e-8
1087 4.44892425442802e-8
1088 4.44892425442802e-8
1089 4.44892425442802e-8
1090 4.44892425442802e-8
1091 4.44892425442802e-8
1092 4.44892425442802e-8
1093 4.4369079297030196e-8
1094 4.4369079297030196e-8
1095 4.4369079297030196e-8
1096 4.4952271492561095e-8
1097 4.4952271492561095e-8
1098 4.4952271492561095e-8
1099 4.4952271492561095e-8
1100 4.4952271492561095e-8
1101 4.4952271492561095e-8
1102 4.4952271492561095e-8
1103 4.4952271492561095e-8
1104 4.4952271492561095e-8
1105 4.4952271492561095e-8
1106 4.4952271492561095e-8
1107 4.4952271492561095e-8
1108 4.4952271492561095e-8
1109 4.4952271492561095e-8
1110 4.4952271492561095e-8
1111 4.4952271492561095e-8
1112 4.4952271492561095e-8
1113 4.4952271492561095e-8
1114 4.590075976415379e-8
1115 4.590075976415379e-8
1116 4.590075976415379e-8
1117 4.590075976415379e-8
1118 4.590075976415379e-8
1119 4.590075976415379e-8
1120 4.590075976415379e-8
1121 4.590075976415379e-8
1122 4.590075976415379e-8
1123 4.590075976415379e-8
1124 4.590075976415379e-8
1125 4.590075976415379e-8
1126 4.590075976415379e-8
1127 4.590075976415379e-8
1128 4.590075976415379e-8
1129 4.590075976415379e-8
1130 4.590075976415379e-8
1131 4.590075976415379e-8
1132 4.590075976415379e-8
1133 4.590075976415379e-8
1134 4.590075976415379e-8
1135 4.590075976415379e-8
1136 4.590075976415379e-8
1137 4.590075976415379e-8
1138 4.590075976415379e-8
1139 4.590075976415379e-8
1140 4.6131472978848317e-8
1141 4.6131472978848317e-8
1142 4.650958676131742e-8
1143 4.650958676131742e-8
1144 4.650958676131742e-8
1145 4.650958676131742e-8
1146 4.650958676131742e-8
1147 4.650958676131742e-8
1148 4.650958676131742e-8
1149 4.650958676131742e-8
1150 4.650958676131742e-8
1151 4.650958676131742e-8
1152 4.650958676131742e-8
1153 4.650958676131742e-8
1154 4.650958676131742e-8
1155 4.650958676131742e-8
1156 4.650958676131742e-8
1157 4.650958676131742e-8
1158 4.650958676131742e-8
1159 4.650958676131742e-8
1160 4.650958676131742e-8
1161 4.650958676131742e-8
1162 4.650958676131742e-8
1163 4.650958676131742e-8
1164 4.650958676131742e-8
1165 4.650958676131742e-8
1166 4.650958676131742e-8
1167 4.650958676131742e-8
1168 4.650958676131742e-8
1169 4.650958676131742e-8
1170 4.650958676131742e-8
1171 4.650958676131742e-8
1172 4.650958676131742e-8
1173 4.650958676131742e-8
1174 4.650958676131742e-8
1175 4.650958676131742e-8
1176 4.650958676131742e-8
1177 4.650958676131742e-8
1178 4.650958676131742e-8
1179 4.650958676131742e-8
1180 4.650958676131742e-8
1181 4.650958676131742e-8
1182 4.650958676131742e-8
1183 4.650958676131742e-8
1184 4.650958676131742e-8
1185 4.650958676131742e-8
1186 4.650958676131742e-8
1187 4.650958676131742e-8
1188 4.650958676131742e-8
1189 4.650958676131742e-8
1190 4.650958676131742e-8
1191 4.650958676131742e-8
1192 4.67194721198729e-8
1193 4.67194721198729e-8
1194 4.67194721198729e-8
1195 4.67194721198729e-8
1196 4.67194721198729e-8
1197 4.67194721198729e-8
1198 4.67194721198729e-8
1199 4.67194721198729e-8
1200 4.67194721198729e-8
1201 4.67194721198729e-8
1202 4.67194721198729e-8
1203 4.67194721198729e-8
1204 4.67194721198729e-8
1205 4.67194721198729e-8
1206 4.67194721198729e-8
1207 4.67194721198729e-8
1208 4.67194721198729e-8
1209 4.67194721198729e-8
1210 4.67194721198729e-8
1211 4.67194721198729e-8
1212 4.67194721198729e-8
1213 4.67194721198729e-8
1214 4.7049520114496494e-8
1215 4.7049520114496494e-8
1216 4.7049520114496494e-8
1217 4.7049520114496494e-8
1218 4.740680604082655e-8
1219 4.740680604082655e-8
1220 4.792591214904846e-8
1221 4.792591214904846e-8
1222 4.792591214904846e-8
1223 4.792591214904846e-8
1224 4.792591214904846e-8
1225 4.792591214904846e-8
1226 4.792591214904846e-8
1227 4.792591214904846e-8
1228 4.836651072229846e-8
1229 4.836651072229846e-8
1230 4.836651072229846e-8
1231 4.836651072229846e-8
1232 4.928295595023666e-8
1233 4.928295595023666e-8
1234 4.928295595023666e-8
1235 4.928295595023666e-8
1236 4.928295595023666e-8
1237 4.928295595023666e-8
1238 4.944798055873034e-8
1239 4.944798055873034e-8
1240 4.944798055873034e-8
1241 4.944798055873034e-8
1242 4.964825263748034e-8
1243 5.0018355047853936e-8
1244 5.0018355047853936e-8
1245 5.0018355047853936e-8
1246 5.0018355047853936e-8
1247 5.0018355047853936e-8
1248 5.0018355047853936e-8
1249 5.0018355047853936e-8
1250 5.0018355047853936e-8
1251 5.0018355047853936e-8
1252 5.0018355047853936e-8
1253 5.0018355047853936e-8
1254 5.0018355047853936e-8
1255 5.0018355047853936e-8
1256 5.0018355047853936e-8
1257 5.0018355047853936e-8
1258 5.0018355047853936e-8
1259 5.0974854691542134e-8
1260 5.0974854691542134e-8
1261 5.0974854691542134e-8
1262 5.0974854691542134e-8
1263 5.0974854691542134e-8
1264 5.0974854691542134e-8
1265 5.0974854691542134e-8
1266 5.0974854691542134e-8
1267 5.0974854691542134e-8
1268 5.0974854691542134e-8
1269 5.0974854691542134e-8
1270 5.149876591171208e-8
1271 5.149876591171208e-8
1272 5.1785555675165725e-8
1273 5.1785555675165725e-8
1274 5.1785555675165725e-8
1275 5.1785555675165725e-8
1276 5.1785555675165725e-8
1277 5.1785555675165725e-8
1278 5.1785555675165725e-8
1279 5.1785555675165725e-8
1280 5.1785555675165725e-8
1281 5.1785555675165725e-8
1282 5.1785555675165725e-8
1283 5.1785555675165725e-8
1284 5.1785555675165725e-8
1285 5.1785555675165725e-8
1286 5.1785555675165725e-8
1287 5.1785555675165725e-8
1288 5.1785555675165725e-8
1289 5.1785555675165725e-8
1290 5.1785555675165725e-8
1291 5.1785555675165725e-8
1292 5.1785555675165725e-8
1293 5.1785555675165725e-8
1294 5.1785555675165725e-8
1295 5.1785555675165725e-8
1296 5.1785555675165725e-8
1297 5.1785555675165725e-8
1298 5.1785555675165725e-8
1299 5.1785555675165725e-8
1300 5.1785555675165725e-8
1301 5.1785555675165725e-8
1302 5.1785555675165725e-8
1303 5.1785555675165725e-8
1304 5.208996947933848e-8
1305 5.208996947933848e-8
1306 5.208996947933848e-8
1307 5.208996947933848e-8
1308 5.208996947933848e-8
1309 5.208996947933848e-8
1310 5.208996947933848e-8
1311 5.208996947933848e-8
1312 5.208996947933848e-8
1313 5.208996947933848e-8
1314 5.208996947933848e-8
1315 5.208996947933848e-8
1316 5.208996947933848e-8
1317 5.265233381873033e-8
1318 5.265233381873033e-8
1319 5.265233381873033e-8
1320 5.265233381873033e-8
1321 5.265233381873033e-8
1322 5.265233381873033e-8
1323 5.265233381873033e-8
1324 5.2993597612051256e-8
1325 5.2993597612051256e-8
1326 5.3770653644310386e-8
1327 5.3770653644310386e-8
1328 5.3770653644310386e-8
1329 5.3770653644310386e-8
1330 5.3770653644310386e-8
1331 5.3770653644310386e-8
1332 5.3770653644310386e-8
1333 5.3770653644310386e-8
1334 5.4405115443106734e-8
1335 5.4405115443106734e-8
1336 5.4405115443106734e-8
1337 5.4405115443106734e-8
1338 5.4405115443106734e-8
1339 5.4405115443106734e-8
1340 5.4405115443106734e-8
1341 5.4405115443106734e-8
1342 5.4405115443106734e-8
1343 5.4557321734011227e-8
1344 5.4557321734011227e-8
1345 5.4557321734011227e-8
1346 5.4557321734011227e-8
1347 5.4557321734011227e-8
1348 5.4557321734011227e-8
1349 5.4557321734011227e-8
1350 5.4557321734011227e-8
1351 5.4557321734011227e-8
1352 5.4557321734011227e-8
1353 5.4557321734011227e-8
1354 5.467908750015308e-8
1355 5.467908750015308e-8
1356 5.467908750015308e-8
1357 5.467908750015308e-8
1358 5.467908750015308e-8
1359 5.467908750015308e-8
1360 5.467908750015308e-8
1361 5.467908750015308e-8
1362 5.5063610135825827e-8
1363 5.5063610135825827e-8
1364 5.520620436928861e-8
1365 5.520620436928861e-8
1366 5.520620436928861e-8
1367 5.520620436928861e-8
1368 5.559713524698313e-8
1369 5.559713524698313e-8
1370 5.559713524698313e-8
1371 5.559713524698313e-8
1372 5.559713524698313e-8
1373 5.5954420562131305e-8
1374 5.5954420562131305e-8
1375 5.5954420562131305e-8
1376 5.5954420562131305e-8
1377 5.5954420562131305e-8
1378 5.5954420562131305e-8
1379 5.5954420562131305e-8
1380 5.5954420562131305e-8
1381 5.667539943444943e-8
1382 5.667539943444943e-8
1383 5.667539943444943e-8
1384 5.667539943444943e-8
1385 5.667539943444943e-8
1386 5.667539943444943e-8
1387 5.667539943444943e-8
1388 5.667539943444943e-8
1389 5.667539943444943e-8
1390 5.667539943444943e-8
1391 5.667539943444943e-8
1392 5.667539943444943e-8
1393 5.667539943444943e-8
1394 5.667539943444943e-8
1395 5.667539943444943e-8
1396 5.667539943444943e-8
1397 5.667539943444943e-8
1398 5.667539943444943e-8
1399 5.667539943444943e-8
1400 5.667539943444943e-8
1401 5.667539943444943e-8
1402 5.667539943444943e-8
1403 5.667539943444943e-8
1404 5.667539943444943e-8
1405 5.667539943444943e-8
1406 5.667539943444943e-8
1407 5.667539943444943e-8
1408 5.667539943444943e-8
1409 5.667539943444943e-8
1410 5.667539943444943e-8
1411 5.667539943444943e-8
1412 5.6874069605489454e-8
1413 5.6874069605489454e-8
1414 5.7513338349779485e-8
1415 5.7513338349779485e-8
1416 5.7513338349779485e-8
1417 5.7513338349779485e-8
1418 5.7513338349779485e-8
1419 5.7513338349779485e-8
1420 5.7513338349779485e-8
1421 5.7513338349779485e-8
1422 5.7513338349779485e-8
1423 5.7513338349779485e-8
1424 5.7513338349779485e-8
1425 5.7513338349779485e-8
1426 5.7513338349779485e-8
1427 5.7513338349779485e-8
1428 5.7513338349779485e-8
1429 5.7513338349779485e-8
1430 5.7513338349779485e-8
1431 5.7513338349779485e-8
1432 5.7513338349779485e-8
1433 5.7513338349779485e-8
1434 5.7513338349779485e-8
1435 5.7513338349779485e-8
1436 5.7513338349779485e-8
1437 5.7513338349779485e-8
1438 5.7513338349779485e-8
1439 5.7513338349779485e-8
1440 5.7513338349779485e-8
1441 5.7513338349779485e-8
1442 5.7513338349779485e-8
1443 5.7513338349779485e-8
1444 5.7513338349779485e-8
1445 5.7513338349779485e-8
1446 5.7513338349779485e-8
1447 5.7513338349779485e-8
1448 5.7513338349779485e-8
1449 5.7513338349779485e-8
1450 5.7513338349779485e-8
1451 5.7513338349779485e-8
1452 5.7513338349779485e-8
1453 5.7513338349779485e-8
1454 5.7513338349779485e-8
1455 5.7513338349779485e-8
1456 5.7513338349779485e-8
1457 5.7513338349779485e-8
1458 5.7513338349779485e-8
1459 5.7513338349779485e-8
1460 5.7513338349779485e-8
1461 5.7513338349779485e-8
1462 5.7513338349779485e-8
1463 5.7513338349779485e-8
1464 5.7513338349779485e-8
1465 5.7513338349779485e-8
1466 5.7513338349779485e-8
1467 5.7513338349779485e-8
1468 5.7513338349779485e-8
1469 5.7513338349779485e-8
1470 5.7513338349779485e-8
1471 5.7513338349779485e-8
1472 5.7513338349779485e-8
1473 5.7513338349779485e-8
1474 5.7513338349779485e-8
1475 5.7513338349779485e-8
1476 5.7513338349779485e-8
1477 5.7513338349779485e-8
1478 5.7513338349779485e-8
1479 5.7513338349779485e-8
1480 5.7513338349779485e-8
1481 5.7513338349779485e-8
1482 5.7513338349779485e-8
1483 5.775526675198946e-8
1484 5.775526675198946e-8
1485 5.775526675198946e-8
1486 5.775526675198946e-8
1487 5.775526675198946e-8
1488 5.775526675198946e-8
1489 5.775526675198946e-8
1490 5.775526675198946e-8
1491 5.775526675198946e-8
1492 5.8034045754529485e-8
1493 5.8034045754529485e-8
1494 5.8034045754529485e-8
1495 5.8034045754529485e-8
1496 5.8034045754529485e-8
1497 5.856436582790308e-8
1498 5.856436582790308e-8
1499 5.856436582790308e-8
1500 5.904822324350491e-8
1501 5.904822324350491e-8
1502 5.904822324350491e-8
1503 5.904822324350491e-8
1504 5.904822324350491e-8
1505 5.904822324350491e-8
1506 5.904822324350491e-8
1507 5.904822324350491e-8
1508 5.904822324350491e-8
1509 5.904822324350491e-8
1510 5.904822324350491e-8
1511 5.904822324350491e-8
1512 5.904822324350491e-8
1513 5.904822324350491e-8
1514 5.904822324350491e-8
1515 5.904822324350491e-8
1516 5.904822324350491e-8
1517 5.904822324350491e-8
1518 5.904822324350491e-8
1519 5.904822324350491e-8
1520 5.904822324350491e-8
1521 5.904822324350491e-8
1522 5.904822324350491e-8
1523 5.904822324350491e-8
1524 5.904822324350491e-8
1525 5.904822324350491e-8
1526 5.904822324350491e-8
1527 5.904822324350491e-8
1528 5.904822324350491e-8
1529 5.904822324350491e-8
1530 5.904822324350491e-8
1531 5.904822324350491e-8
1532 5.904822324350491e-8
1533 5.904822324350491e-8
1534 5.904822324350491e-8
1535 5.904822324350491e-8
1536 5.904822324350491e-8
1537 5.904822324350491e-8
1538 5.904822324350491e-8
1539 5.904822324350491e-8
1540 5.904822324350491e-8
1541 5.904822324350491e-8
1542 5.904822324350491e-8
1543 5.904822324350491e-8
1544 5.904822324350491e-8
1545 5.904822324350491e-8
1546 5.904822324350491e-8
1547 5.904822324350491e-8
1548 5.904822324350491e-8
1549 5.904822324350491e-8
1550 5.904822324350491e-8
1551 5.983969827869942e-8
1552 5.983969827869942e-8
1553 5.983969827869942e-8
1554 5.983969827869942e-8
1555 5.983969827869942e-8
1556 5.983969827869942e-8
1557 5.983969827869942e-8
1558 5.983969827869942e-8
1559 5.983969827869942e-8
1560 5.983969827869942e-8
1561 5.983969827869942e-8
1562 5.983969827869942e-8
1563 5.983969827869942e-8
1564 5.983969827869942e-8
1565 5.983969827869942e-8
1566 5.983969827869942e-8
1567 6.034117912383847e-8
1568 6.034117912383847e-8
1569 6.034117912383847e-8
1570 6.056388157761937e-8
1571 6.056388157761937e-8
1572 6.056388157761937e-8
1573 6.073691633584479e-8
1574 6.073691633584479e-8
1575 6.073691633584479e-8
1576 6.073691633584479e-8
1577 6.073691633584479e-8
1578 6.073691633584479e-8
1579 6.073691633584479e-8
1580 6.073691633584479e-8
1581 6.073691633584479e-8
1582 6.073691633584479e-8
1583 6.073691633584479e-8
1584 6.073691633584479e-8
1585 6.073691633584479e-8
1586 6.073691633584479e-8
1587 6.073691633584479e-8
1588 6.139861484398384e-8
1589 6.139861484398384e-8
1590 6.139861484398384e-8
1591 6.139861484398384e-8
1592 6.139861484398384e-8
1593 6.139861484398384e-8
1594 6.139861484398384e-8
1595 6.139861484398384e-8
1596 6.139861484398384e-8
1597 6.139861484398384e-8
1598 6.139861484398384e-8
1599 6.139861484398384e-8
1600 6.139861484398384e-8
1601 6.139861484398384e-8
1602 6.139861484398384e-8
1603 6.139861484398384e-8
1604 6.139861484398384e-8
1605 6.139861484398384e-8
1606 6.139861484398384e-8
1607 6.173186665402737e-8
1608 6.173186665402737e-8
1609 6.173186665402737e-8
1610 6.173186665402737e-8
1611 6.173186665402737e-8
1612 6.173186665402737e-8
1613 6.173186665402737e-8
1614 6.173186665402737e-8
1615 6.173186665402737e-8
1616 6.173186665402737e-8
1617 6.173186665402737e-8
1618 6.173186665402737e-8
1619 6.173186665402737e-8
1620 6.173186665402737e-8
1621 6.173186665402737e-8
1622 6.173186665402737e-8
1623 6.173186665402737e-8
1624 6.173186665402737e-8
1625 6.173186665402737e-8
1626 6.173186665402737e-8
1627 6.173186665402737e-8
1628 6.269317202084549e-8
1629 6.269317202084549e-8
1630 6.269317202084549e-8
1631 6.269317202084549e-8
1632 6.269317202084549e-8
1633 6.269317202084549e-8
1634 6.269317202084549e-8
1635 6.269317202084549e-8
1636 6.269317202084549e-8
1637 6.269317202084549e-8
1638 6.269317202084549e-8
1639 6.281493778698734e-8
1640 6.281493778698734e-8
1641 6.281493778698734e-8
1642 6.281493778698734e-8
1643 6.281493778698734e-8
1644 6.281493778698734e-8
1645 6.281493778698734e-8
1646 6.281493778698734e-8
1647 6.281493778698734e-8
1648 6.281493778698734e-8
1649 6.312736235207371e-8
1650 6.312736235207371e-8
1651 6.312736235207371e-8
1652 6.312736235207371e-8
1653 6.312736235207371e-8
1654 6.312736235207371e-8
1655 6.312736235207371e-8
1656 6.312736235207371e-8
1657 6.324432117272188e-8
1658 6.324432117272188e-8
1659 6.324432117272188e-8
1660 6.324432117272188e-8
1661 6.324432117272188e-8
1662 6.324432117272188e-8
1663 6.324432117272188e-8
1664 6.324432117272188e-8
1665 6.324432117272188e-8
1666 6.414634617536094e-8
1667 6.414634617536094e-8
1668 6.414634617536094e-8
1669 6.414634617536094e-8
1670 6.414634617536094e-8
1671 6.414634617536094e-8
1672 6.414634617536094e-8
1673 6.414634617536094e-8
1674 6.414634617536094e-8
1675 6.414634617536094e-8
1676 6.414634617536094e-8
1677 6.450042706390729e-8
1678 6.450042706390729e-8
1679 6.500190790904633e-8
1680 6.500190790904633e-8
1681 6.612663597664816e-8
1682 6.612663597664816e-8
1683 6.612663597664816e-8
1684 6.686523950086726e-8
1685 6.686523950086726e-8
1686 6.744682978868819e-8
1687 6.744682978868819e-8
1688 6.75525740330028e-8
1689 6.75525740330028e-8
1690 6.75525740330028e-8
1691 6.75525740330028e-8
1692 6.75525740330028e-8
1693 6.823830543506459e-8
1694 6.823830543506459e-8
1695 6.823830543506459e-8
1696 6.823830543506459e-8
1697 6.823830543506459e-8
1698 6.823830543506459e-8
1699 6.823830543506459e-8
1700 6.823830543506459e-8
1701 6.823830543506459e-8
1702 6.823830543506459e-8
1703 6.876221665523453e-8
1704 6.876221665523453e-8
1705 6.876221665523453e-8
1706 6.876221665523453e-8
1707 6.876221665523453e-8
1708 6.876221665523453e-8
1709 6.876221665523453e-8
1710 6.876221665523453e-8
1711 6.876221665523453e-8
1712 6.876221665523453e-8
1713 6.876221665523453e-8
1714 6.876221665523453e-8
1715 6.876221665523453e-8
1716 6.876221665523453e-8
1717 6.876221665523453e-8
1718 6.876221665523453e-8
1719 6.876221665523453e-8
1720 6.876221665523453e-8
1721 6.876221665523453e-8
1722 6.899292986992905e-8
1723 6.899292986992905e-8
1724 6.899292986992905e-8
1725 6.899292986992905e-8
1726 6.899292986992905e-8
1727 6.899292986992905e-8
1728 6.899292986992905e-8
1729 6.899292986992905e-8
1730 6.899292986992905e-8
1731 6.899292986992905e-8
1732 6.899292986992905e-8
1733 6.899292986992905e-8
1734 7.033555344581809e-8
1735 7.033555344581809e-8
1736 7.033555344581809e-8
1737 7.033555344581809e-8
1738 7.033555344581809e-8
1739 7.033555344581809e-8
1740 7.033555344581809e-8
1741 7.033555344581809e-8
1742 7.033555344581809e-8
1743 7.033555344581809e-8
1744 7.033555344581809e-8
1745 7.033555344581809e-8
1746 7.033555344581809e-8
1747 7.033555344581809e-8
1748 7.033555344581809e-8
1749 7.033555344581809e-8
1750 7.033555344581809e-8
1751 7.033555344581809e-8
1752 7.033555344581809e-8
1753 7.033555344581809e-8
1754 7.033555344581809e-8
1755 7.033555344581809e-8
1756 7.033555344581809e-8
1757 7.033555344581809e-8
1758 7.033555344581809e-8
1759 7.033555344581809e-8
1760 7.033555344581809e-8
1761 7.033555344581809e-8
1762 7.033555344581809e-8
1763 7.033555344581809e-8
1764 7.033555344581809e-8
1765 7.033555344581809e-8
1766 7.033555344581809e-8
1767 7.033555344581809e-8
1768 7.033555344581809e-8
1769 7.033555344581809e-8
1770 7.033555344581809e-8
1771 7.033555344581809e-8
1772 7.033555344581809e-8
1773 7.033555344581809e-8
1774 7.033555344581809e-8
1775 7.033555344581809e-8
1776 7.033555344581809e-8
1777 7.033555344581809e-8
1778 7.033555344581809e-8
1779 7.059190146214534e-8
1780 7.059190146214534e-8
1781 7.059190146214534e-8
1782 7.059190146214534e-8
1783 7.059190146214534e-8
1784 7.105813483702807e-8
1785 7.105813483702807e-8
1786 7.105813483702807e-8
1787 7.105813483702807e-8
1788 7.105813483702807e-8
1789 7.105813483702807e-8
1790 7.105813483702807e-8
1791 7.105813483702807e-8
1792 7.105813483702807e-8
1793 7.152116378530897e-8
1794 7.152116378530897e-8
1795 7.152116378530897e-8
1796 7.152116378530897e-8
1797 7.152116378530897e-8
1798 7.152116378530897e-8
1799 7.230783187500982e-8
1800 7.230783187500982e-8
1801 7.26827412308771e-8
1802 7.26827412308771e-8
1803 7.29983702225653e-8
1804 7.29983702225653e-8
1805 7.29983702225653e-8
1806 7.29983702225653e-8
1807 7.29983702225653e-8
1808 7.29983702225653e-8
1809 7.29983702225653e-8
1810 7.29983702225653e-8
1811 7.29983702225653e-8
1812 7.29983702225653e-8
1813 7.29983702225653e-8
1814 7.29983702225653e-8
1815 7.29983702225653e-8
1816 7.29983702225653e-8
1817 7.29983702225653e-8
1818 7.29983702225653e-8
1819 7.29983702225653e-8
1820 7.29983702225653e-8
1821 7.29983702225653e-8
1822 7.29983702225653e-8
1823 7.29983702225653e-8
1824 7.451402977904353e-8
1825 7.451402977904353e-8
1826 7.451402977904353e-8
1827 7.451402977904353e-8
1828 7.451402977904353e-8
1829 7.451402977904353e-8
1830 7.451402977904353e-8
1831 7.451402977904353e-8
1832 7.451402977904353e-8
1833 7.451402977904353e-8
1834 7.451402977904353e-8
1835 7.451402977904353e-8
1836 7.451402977904353e-8
1837 7.451402977904353e-8
1838 7.451402977904353e-8
1839 7.451402977904353e-8
1840 7.451402977904353e-8
1841 7.451402977904353e-8
1842 7.451402977904353e-8
1843 7.451402977904353e-8
1844 7.451402977904353e-8
1845 7.531031237091362e-8
1846 7.531031237091362e-8
1847 7.531031237091362e-8
1848 7.531031237091362e-8
1849 7.531031237091362e-8
1850 7.531031237091362e-8
1851 7.531031237091362e-8
1852 7.531031237091362e-8
1853 7.531031237091362e-8
1854 7.531031237091362e-8
1855 7.531031237091362e-8
1856 7.531031237091362e-8
1857 7.531031237091362e-8
1858 7.531031237091362e-8
1859 7.531031237091362e-8
1860 7.531031237091362e-8
1861 7.531031237091362e-8
1862 7.531031237091362e-8
1863 7.531031237091362e-8
1864 7.531031237091362e-8
1865 7.531031237091362e-8
1866 7.531031237091362e-8
1867 7.531031237091362e-8
1868 7.531031237091362e-8
1869 7.531031237091362e-8
1870 7.531031237091362e-8
1871 7.531031237091362e-8
1872 7.531031237091362e-8
1873 7.531031237091362e-8
1874 7.531031237091362e-8
1875 7.531031237091362e-8
1876 7.5462519273e-8
1877 7.5462519273e-8
1878 7.55730698516264e-8
1879 7.55730698516264e-8
1880 7.55730698516264e-8
1881 7.55730698516264e-8
1882 7.55730698516264e-8
1883 7.55730698516264e-8
1884 7.55730698516264e-8
1885 7.55730698516264e-8
1886 7.55730698516264e-8
1887 7.612101457690098e-8
1888 7.612101457690098e-8
1889 7.612101457690098e-8
1890 7.612101457690098e-8
1891 7.612101457690098e-8
1892 7.618990822088553e-8
1893 7.618990822088553e-8
1894 7.618990822088553e-8
1895 7.618990822088553e-8
1896 7.618990822088553e-8
1897 7.618990822088553e-8
1898 7.618990822088553e-8
1899 7.618990822088553e-8
1900 7.618990822088553e-8
1901 7.618990822088553e-8
1902 7.618990822088553e-8
1903 7.618990822088553e-8
1904 7.705027751124649e-8
1905 7.705027751124649e-8
1906 7.705027751124649e-8
1907 7.705027751124649e-8
1908 7.705027751124649e-8
1909 7.705027751124649e-8
1910 7.705027751124649e-8
1911 7.705027751124649e-8
1912 7.807246637231742e-8
1913 7.807246637231742e-8
1914 7.807246637231742e-8
1915 7.807246637231742e-8
1916 7.807246637231742e-8
1917 7.807246637231742e-8
1918 7.807246637231742e-8
1919 7.807246637231742e-8
1920 7.807246637231742e-8
1921 7.807246637231742e-8
1922 7.807246637231742e-8
1923 7.807246637231742e-8
1924 7.807246637231742e-8
1925 7.807246637231742e-8
1926 7.807246637231742e-8
1927 7.807246637231742e-8
1928 7.807246637231742e-8
1929 7.807246637231742e-8
1930 7.807246637231742e-8
1931 7.807246637231742e-8
1932 7.807246637231742e-8
1933 7.807246637231742e-8
1934 7.807246637231742e-8
1935 7.807246637231742e-8
1936 7.807246637231742e-8
1937 7.807246637231742e-8
1938 7.807246637231742e-8
1939 7.807246637231742e-8
1940 7.807246637231742e-8
1941 7.807246637231742e-8
1942 7.807246637231742e-8
1943 7.807246637231742e-8
1944 7.807246637231742e-8
1945 7.807246637231742e-8
1946 7.807246637231742e-8
1947 7.807246637231742e-8
1948 7.807246637231742e-8
1949 7.807246637231742e-8
1950 7.807246637231742e-8
1951 7.807246637231742e-8
1952 7.807246637231742e-8
1953 7.807246637231742e-8
1954 7.807246637231742e-8
1955 7.807246637231742e-8
1956 7.807246637231742e-8
1957 7.807246637231742e-8
1958 7.807246637231742e-8
1959 7.807246637231742e-8
1960 7.807246637231742e-8
1961 7.807246637231742e-8
1962 7.858356049726194e-8
1963 7.858356049726194e-8
1964 7.858356049726194e-8
1965 7.858356049726194e-8
1966 7.858356049726194e-8
1967 7.858356049726194e-8
1968 7.858356049726194e-8
1969 7.858356049726194e-8
1970 7.858356049726194e-8
1971 7.858356049726194e-8
1972 7.858356049726194e-8
1973 7.858356049726194e-8
1974 7.858356049726194e-8
1975 7.858356049726194e-8
1976 7.858356049726194e-8
1977 7.858356049726194e-8
1978 7.858356049726194e-8
1979 7.858356049726194e-8
1980 7.858356049726194e-8
1981 7.858356049726194e-8
1982 7.858356049726194e-8
1983 7.858356049726194e-8
1984 7.858356049726194e-8
1985 7.858356049726194e-8
1986 7.858356049726194e-8
1987 7.858356049726194e-8
1988 7.858356049726194e-8
1989 7.858356049726194e-8
1990 7.858356049726194e-8
1991 7.896327618744102e-8
1992 7.896327618744102e-8
1993 7.896327618744102e-8
1994 7.94903918342128e-8
1995 7.94903918342128e-8
1996 7.94903918342128e-8
1997 7.94903918342128e-8
1998 7.94903918342128e-8
1999 7.94903918342128e-8
2000 7.94903918342128e-8
2001 7.94903918342128e-8
2002 7.94903918342128e-8
2003 7.94903918342128e-8
2004 7.94903918342128e-8
2005 7.94903918342128e-8
2006 7.94903918342128e-8
2007 7.94903918342128e-8
2008 7.94903918342128e-8
2009 7.94903918342128e-8
2010 7.94903918342128e-8
2011 7.94903918342128e-8
2012 7.94903918342128e-8
2013 7.94903918342128e-8
2014 7.94903918342128e-8
2015 7.94903918342128e-8
2016 7.94903918342128e-8
2017 7.94903918342128e-8
2018 7.94903918342128e-8
2019 7.94903918342128e-8
2020 7.94903918342128e-8
2021 7.94903918342128e-8
2022 7.94903918342128e-8
2023 7.94903918342128e-8
2024 7.94903918342128e-8
2025 7.94903918342128e-8
2026 7.94903918342128e-8
2027 7.981403158681461e-8
2028 7.981403158681461e-8
2029 7.981403158681461e-8
2030 8.068721797240099e-8
2031 8.068721797240099e-8
2032 8.068721797240099e-8
2033 8.068721797240099e-8
2034 8.068721797240099e-8
2035 8.068721797240099e-8
2036 8.173344033857655e-8
2037 8.173344033857655e-8
2038 8.173344033857655e-8
2039 8.173344033857655e-8
2040 8.173344033857655e-8
2041 8.194813203144382e-8
2042 8.194813203144382e-8
2043 8.194813203144382e-8
2044 8.194813203144382e-8
2045 8.194813203144382e-8
2046 8.194813203144382e-8
2047 8.194813203144382e-8
2048 8.194813203144382e-8
2049 8.194813203144382e-8
2050 8.194813203144382e-8
2051 8.300236454735113e-8
2052 8.300236454735113e-8
2053 8.300236454735113e-8
2054 8.300236454735113e-8
2055 8.324910050623666e-8
2056 8.324910050623666e-8
2057 8.324910050623666e-8
2058 8.324910050623666e-8
2059 8.324910050623666e-8
2060 8.324910050623666e-8
2061 8.324910050623666e-8
2062 8.324910050623666e-8
2063 8.324910050623666e-8
2064 8.324910050623666e-8
2065 8.324910050623666e-8
2066 8.324910050623666e-8
2067 8.324910050623666e-8
2068 8.324910050623666e-8
2069 8.324910050623666e-8
2070 8.324910050623666e-8
2071 8.324910050623666e-8
2072 8.324910050623666e-8
2073 8.324910050623666e-8
2074 8.324910050623666e-8
2075 8.324910050623666e-8
2076 8.324910050623666e-8
2077 8.381466804986658e-8
2078 8.381466804986658e-8
2079 8.397809075065028e-8
2080 8.397809075065028e-8
2081 8.397809075065028e-8
2082 8.397809075065028e-8
2083 8.397809075065028e-8
2084 8.397809075065028e-8
2085 8.448117411468118e-8
2086 8.448117411468118e-8
2087 8.448117411468118e-8
2088 8.448117411468118e-8
2089 8.448117411468118e-8
2090 8.448117411468118e-8
2091 8.448117411468118e-8
2092 8.448117411468118e-8
2093 8.448117411468118e-8
2094 8.448117411468118e-8
2095 8.448117411468118e-8
2096 8.448117411468118e-8
2097 8.448117411468118e-8
2098 8.448117411468118e-8
2099 8.448117411468118e-8
2100 8.448117411468118e-8
2101 8.448117411468118e-8
2102 8.448117411468118e-8
2103 8.448117411468118e-8
2104 8.448117411468118e-8
2105 8.545369528019663e-8
2106 8.545369528019663e-8
2107 8.626920382049579e-8
2108 8.626920382049579e-8
2109 8.626920382049579e-8
2110 8.626920382049579e-8
2111 8.626920382049579e-8
2112 8.626920382049579e-8
2113 8.626920382049579e-8
2114 8.626920382049579e-8
2115 8.626920382049579e-8
2116 8.626920382049579e-8
2117 8.626920382049579e-8
2118 8.626920382049579e-8
2119 8.626920382049579e-8
2120 8.626920382049579e-8
2121 8.626920382049579e-8
2122 8.626920382049579e-8
2123 8.626920382049579e-8
2124 8.626920382049579e-8
2125 8.626920382049579e-8
2126 8.626920382049579e-8
2127 8.626920382049579e-8
2128 8.626920382049579e-8
2129 8.626920382049579e-8
2130 8.626920382049579e-8
2131 8.626920382049579e-8
2132 8.626920382049579e-8
2133 8.626920382049579e-8
2134 8.626920382049579e-8
2135 8.626920382049579e-8
2136 8.626920382049579e-8
2137 8.626920382049579e-8
2138 8.626920382049579e-8
2139 8.626920382049579e-8
2140 8.626920382049579e-8
2141 8.626920382049579e-8
2142 8.626920382049579e-8
2143 8.626920382049579e-8
2144 8.626920382049579e-8
2145 8.626920382049579e-8
2146 8.626920382049579e-8
2147 8.626920382049579e-8
2148 8.626920382049579e-8
2149 8.626920382049579e-8
2150 8.626920382049579e-8
2151 8.626920382049579e-8
2152 8.626920382049579e-8
2153 8.626920382049579e-8
2154 8.626920382049579e-8
2155 8.626920382049579e-8
2156 8.626920382049579e-8
2157 8.626920382049579e-8
2158 8.626920382049579e-8
2159 8.626920382049579e-8
2160 8.626920382049579e-8
2161 8.626920382049579e-8
2162 8.626920382049579e-8
2163 8.626920382049579e-8
2164 8.626920382049579e-8
2165 8.669858720623034e-8
2166 8.669858720623034e-8
2167 8.669858720623034e-8
2168 8.669858720623034e-8
2169 8.669858720623034e-8
2170 8.669858720623034e-8
2171 8.669858720623034e-8
2172 8.669858720623034e-8
2173 8.669858720623034e-8
2174 8.669858720623034e-8
2175 8.669858720623034e-8
2176 8.669858720623034e-8
2177 8.669858720623034e-8
2178 8.732984396724298e-8
2179 8.732984396724298e-8
2180 8.73731028095948e-8
2181 8.73731028095948e-8
2182 8.804761902414116e-8
2183 8.804761902414116e-8
2184 8.804761902414116e-8
2185 8.804761902414116e-8
2186 8.804761902414116e-8
2187 8.804761902414116e-8
2188 8.804761902414116e-8
2189 8.804761902414116e-8
2190 8.804761902414116e-8
2191 8.804761902414116e-8
2192 8.804761902414116e-8
2193 8.804761902414116e-8
2194 8.804761902414116e-8
2195 8.804761902414116e-8
2196 8.832639802668119e-8
2197 8.832639802668119e-8
2198 8.865644602130478e-8
2199 8.865644602130478e-8
2200 8.865644602130478e-8
2201 8.865644602130478e-8
2202 8.906339903200844e-8
2203 8.906339903200844e-8
2204 8.906339903200844e-8
2205 8.950399760525844e-8
2206 8.950399760525844e-8
2207 8.950399760525844e-8
2208 8.950399760525844e-8
2209 8.970907601832023e-8
2210 8.970907601832023e-8
2211 8.970907601832023e-8
2212 8.970907601832023e-8
2213 8.970907601832023e-8
2214 8.970907601832023e-8
2215 8.970907601832023e-8
2216 8.970907601832023e-8
2217 9.005034042282304e-8
2218 9.005034042282304e-8
2219 9.032431247986938e-8
2220 9.032431247986938e-8
2221 9.032431247986938e-8
2222 9.055502630574579e-8
2223 9.055502630574579e-8
2224 9.055502630574579e-8
2225 9.055502630574579e-8
2226 9.055502630574579e-8
2227 9.055502630574579e-8
2228 9.055502630574579e-8
2229 9.055502630574579e-8
2230 9.055502630574579e-8
2231 9.055502630574579e-8
2232 9.055502630574579e-8
2233 9.055502630574579e-8
2234 9.055502630574579e-8
2235 9.055502630574579e-8
2236 9.055502630574579e-8
2237 9.055502630574579e-8
2238 9.055502630574579e-8
2239 9.055502630574579e-8
2240 9.055502630574579e-8
2241 9.055502630574579e-8
2242 9.055502630574579e-8
2243 9.055502630574579e-8
2244 9.055502630574579e-8
2245 9.055502630574579e-8
2246 9.055502630574579e-8
2247 9.055502630574579e-8
2248 9.055502630574579e-8
2249 9.055502630574579e-8
2250 9.055502630574579e-8
2251 9.107733500702387e-8
2252 9.107733500702387e-8
2253 9.107733500702387e-8
2254 9.107733500702387e-8
2255 9.107733500702387e-8
2256 9.107733500702387e-8
2257 9.107733500702387e-8
2258 9.107733500702387e-8
2259 9.107733500702387e-8
2260 9.107733500702387e-8
2261 9.107733500702387e-8
2262 9.107733500702387e-8
2263 9.107733500702387e-8
2264 9.107733500702387e-8
2265 9.107733500702387e-8
2266 9.107733500702387e-8
2267 9.107733500702387e-8
2268 9.107733500702387e-8
2269 9.107733500702387e-8
2270 9.107733500702387e-8
2271 9.107733500702387e-8
2272 9.107733500702387e-8
2273 9.107733500702387e-8
2274 9.107733500702387e-8
2275 9.107733500702387e-8
2276 9.107733500702387e-8
2277 9.107733500702387e-8
2278 9.107733500702387e-8
2279 9.107733500702387e-8
2280 9.107733500702387e-8
2281 9.107733500702387e-8
2282 9.107733500702387e-8
2283 9.107733500702387e-8
2284 9.107733500702387e-8
2285 9.107733500702387e-8
2286 9.107733500702387e-8
2287 9.107733500702387e-8
2288 9.107733500702387e-8
2289 9.107733500702387e-8
2290 9.107733500702387e-8
2291 9.107733500702387e-8
2292 9.107733500702387e-8
2293 9.107733500702387e-8
2294 9.107733500702387e-8
2295 9.107733500702387e-8
2296 9.107733500702387e-8
2297 9.107733500702387e-8
2298 9.107733500702387e-8
2299 9.107733500702387e-8
2300 9.107733500702387e-8
2301 9.107733500702387e-8
2302 9.107733500702387e-8
2303 9.107733500702387e-8
2304 9.107733500702387e-8
2305 9.107733500702387e-8
2306 9.14089861317212e-8
2307 9.14089861317212e-8
2308 9.164771071851123e-8
2309 9.164771071851123e-8
2310 9.164771071851123e-8
2311 9.164771071851123e-8
2312 9.164771071851123e-8
2313 9.164771071851123e-8
2314 9.164771071851123e-8
2315 9.164771071851123e-8
2316 9.164771071851123e-8
2317 9.164771071851123e-8
2318 9.164771071851123e-8
2319 9.164771071851123e-8
2320 9.164771071851123e-8
2321 9.164771071851123e-8
2322 9.164771071851123e-8
2323 9.164771071851123e-8
2324 9.164771071851123e-8
2325 9.221007505790308e-8
2326 9.221007505790308e-8
2327 9.221007505790308e-8
2328 9.221007505790308e-8
2329 9.221007505790308e-8
2330 9.221007505790308e-8
2331 9.221007505790308e-8
2332 9.221007505790308e-8
2333 9.221007505790308e-8
2334 9.221007505790308e-8
2335 9.221007505790308e-8
2336 9.221007505790308e-8
2337 9.221007505790308e-8
2338 9.221007505790308e-8
2339 9.312972410126122e-8
2340 9.312972410126122e-8
2341 9.312972410126122e-8
2342 9.312972410126122e-8
2343 9.312972410126122e-8
2344 9.312972410126122e-8
2345 9.312972410126122e-8
2346 9.325309177511304e-8
2347 9.325309177511304e-8
2348 9.325309177511304e-8
2349 9.325309177511304e-8
2350 9.325309177511304e-8
2351 9.325309177511304e-8
2352 9.325309177511304e-8
2353 9.325309177511304e-8
2354 9.325309177511304e-8
2355 9.325309177511304e-8
2356 9.325309177511304e-8
2357 9.325309177511304e-8
2358 9.325309177511304e-8
2359 9.441947677735672e-8
2360 9.441947677735672e-8
2361 9.441947677735672e-8
2362 9.441947677735672e-8
2363 9.441947677735672e-8
2364 9.441947677735672e-8
2365 9.506996009798032e-8
2366 9.506996009798032e-8
2367 9.534553406273664e-8
2368 9.588706932362568e-8
2369 9.588706932362568e-8
2370 9.588706932362568e-8
2371 9.638855077994661e-8
2372 9.654235958974297e-8
2373 9.654235958974297e-8
2374 9.654235958974297e-8
2375 9.654235958974297e-8
2376 9.654235958974297e-8
2377 9.654235958974297e-8
2378 9.654235958974297e-8
2379 9.654235958974297e-8
2380 9.654235958974297e-8
2381 9.654235958974297e-8
2382 9.654235958974297e-8
2383 9.654235958974297e-8
2384 9.654235958974297e-8
2385 9.654235958974297e-8
2386 9.654235958974297e-8
2387 9.654235958974297e-8
2388 9.654235958974297e-8
2389 9.654235958974297e-8
2390 9.654235958974297e-8
2391 9.704864799155757e-8
2392 9.704864799155757e-8
2393 9.735626561115027e-8
2394 9.735626561115027e-8
2395 9.800674893177387e-8
2396 9.800674893177387e-8
2397 9.800674893177387e-8
2398 9.800674893177387e-8
2399 9.800674893177387e-8
2400 9.800674893177387e-8
2401 9.800674893177387e-8
2402 9.808365333667204e-8
2403 9.808365333667204e-8
2404 9.808365333667204e-8
2405 9.808365333667204e-8
2406 9.808365333667204e-8
2407 9.808365333667204e-8
2408 9.8984077042783e-8
2409 9.8984077042783e-8
2410 9.8984077042783e-8
2411 9.8984077042783e-8
2412 9.8984077042783e-8
2413 9.8984077042783e-8
2414 9.8984077042783e-8
2415 9.8984077042783e-8
2416 9.8984077042783e-8
2417 9.8984077042783e-8
2418 9.8984077042783e-8
2419 9.8984077042783e-8
2420 9.8984077042783e-8
2421 9.8984077042783e-8
2422 9.8984077042783e-8
2423 9.8984077042783e-8
2424 9.8984077042783e-8
2425 9.8984077042783e-8
2426 9.8984077042783e-8
2427 9.8984077042783e-8
2428 9.8984077042783e-8
2429 9.8984077042783e-8
2430 9.8984077042783e-8
2431 9.8984077042783e-8
2432 9.8984077042783e-8
2433 9.8984077042783e-8
2434 9.8984077042783e-8
2435 9.8984077042783e-8
2436 9.8984077042783e-8
2437 9.8984077042783e-8
2438 9.8984077042783e-8
2439 9.8984077042783e-8
2440 9.8984077042783e-8
2441 9.8984077042783e-8
2442 9.8984077042783e-8
2443 9.977875711576123e-8
2444 9.977875711576123e-8
2445 9.977875711576123e-8
2446 1.002113449280976e-7
2447 1.002113449280976e-7
2448 1.002113449280976e-7
2449 1.003971980039122e-7
2450 1.003971980039122e-7
2451 1.003971980039122e-7
2452 1.003971980039122e-7
2453 1.003971980039122e-7
2454 1.003971980039122e-7
2455 1.003971980039122e-7
2456 1.0045487584919942e-7
2457 1.0045487584919942e-7
2458 1.0045487584919942e-7
2459 1.0045487584919942e-7
2460 1.0045487584919942e-7
2461 1.0045487584919942e-7
2462 1.0092271113179213e-7
2463 1.0092271113179213e-7
2464 1.0115502625419662e-7
2465 1.0115502625419662e-7
2466 1.0167413175123664e-7
2467 1.0167413175123664e-7
2468 1.0167413175123664e-7
2469 1.0167413175123664e-7
2470 1.0167413175123664e-7
2471 1.0167413175123664e-7
2472 1.0167413175123664e-7
2473 1.0257135041956389e-7
2474 1.0257135041956389e-7
2475 1.0257135041956389e-7
2476 1.0344133237854843e-7
2477 1.0344133237854843e-7
2478 1.0344133237854843e-7
2479 1.0437700416609759e-7
2480 1.0437700416609759e-7
2481 1.0517648996220574e-7
2482 1.0517648996220574e-7
2483 1.0517648996220574e-7
2484 1.0651911414927667e-7
2485 1.0651911414927667e-7
2486 1.0651911414927667e-7
2487 1.0651911414927667e-7
2488 1.0651911414927667e-7
2489 1.072465030971622e-7
2490 1.072465030971622e-7
2491 1.072465030971622e-7
2492 1.072465030971622e-7
2493 1.0790179336327947e-7
2494 1.082030027408504e-7
2495 1.082030027408504e-7
2496 1.0863398803429492e-7
2497 1.0863398803429492e-7
2498 1.0863398803429492e-7
2499 1.0863398803429492e-7
2500 1.0863398803429492e-7
2501 1.088630987300976e-7
2502 1.088630987300976e-7
2503 1.088630987300976e-7
2504 1.088630987300976e-7
2505 1.088630987300976e-7
2506 1.088630987300976e-7
2507 1.088630987300976e-7
2508 1.088630987300976e-7
2509 1.0930369791452948e-7
2510 1.0930369791452948e-7
2511 1.0930369791452948e-7
2512 1.0930369791452948e-7
2513 1.0930369791452948e-7
2514 1.0930369791452948e-7
2515 1.0930369791452948e-7
2516 1.0947673328393678e-7
2517 1.0947673328393678e-7
2518 1.0947673328393678e-7
2519 1.0947673328393678e-7
2520 1.0947673328393678e-7
2521 1.0947673328393678e-7
2522 1.0947673328393678e-7
2523 1.0947673328393678e-7
2524 1.0947673328393678e-7
2525 1.0947673328393678e-7
2526 1.098131907429459e-7
2527 1.098131907429459e-7
2528 1.098131907429459e-7
2529 1.098131907429459e-7
2530 1.098131907429459e-7
2531 1.1072803406317414e-7
2532 1.1072803406317414e-7
2533 1.1072803406317414e-7
2534 1.1072803406317414e-7
2535 1.1072803406317414e-7
2536 1.1072803406317414e-7
2537 1.1072803406317414e-7
2538 1.1072803406317414e-7
2539 1.1072803406317414e-7
2540 1.1072803406317414e-7
2541 1.1072803406317414e-7
2542 1.1072803406317414e-7
2543 1.1072803406317414e-7
2544 1.1072803406317414e-7
2545 1.1072803406317414e-7
2546 1.1072803406317414e-7
2547 1.1072803406317414e-7
2548 1.1072803406317414e-7
2549 1.1072803406317414e-7
2550 1.1072803406317414e-7
2551 1.1072803406317414e-7
2552 1.1072803406317414e-7
2553 1.1072803406317414e-7
2554 1.1072803406317414e-7
2555 1.1072803406317414e-7
2556 1.1072803406317414e-7
2557 1.1072803406317414e-7
2558 1.1072803406317414e-7
2559 1.1072803406317414e-7
2560 1.1072803406317414e-7
2561 1.1072803406317414e-7
2562 1.1072803406317414e-7
2563 1.1072803406317414e-7
2564 1.1072803406317414e-7
2565 1.1072803406317414e-7
2566 1.1072803406317414e-7
2567 1.1072803406317414e-7
2568 1.1072803406317414e-7
2569 1.1072803406317414e-7
2570 1.1072803406317414e-7
2571 1.1072803406317414e-7
2572 1.1072803406317414e-7
2573 1.1072803406317414e-7
2574 1.1072803406317414e-7
2575 1.1072803406317414e-7
2576 1.1072803406317414e-7
2577 1.1072803406317414e-7
2578 1.1072803406317414e-7
2579 1.1072803406317414e-7
2580 1.1072803406317414e-7
2581 1.1072803406317414e-7
2582 1.1072803406317414e-7
2583 1.1072803406317414e-7
2584 1.1072803406317414e-7
2585 1.1072803406317414e-7
2586 1.1072803406317414e-7
2587 1.1072803406317414e-7
2588 1.1072803406317414e-7
2589 1.1072803406317414e-7
2590 1.1072803406317414e-7
2591 1.1072803406317414e-7
2592 1.1072803406317414e-7
2593 1.1072803406317414e-7
2594 1.1072803406317414e-7
2595 1.1072803406317414e-7
2596 1.1072803406317414e-7
2597 1.1072803406317414e-7
2598 1.1072803406317414e-7
2599 1.1072803406317414e-7
2600 1.1072803406317414e-7
2601 1.1072803406317414e-7
2602 1.1072803406317414e-7
2603 1.1072803406317414e-7
2604 1.1072803406317414e-7
2605 1.1072803406317414e-7
2606 1.1103244786734689e-7
2607 1.1103244786734689e-7
2608 1.1103244786734689e-7
2609 1.1103244786734689e-7
2610 1.1103244786734689e-7
2611 1.11370507234066e-7
2612 1.1154354199229142e-7
2613 1.1154354199229142e-7
2614 1.1216999364135603e-7
2615 1.1216999364135603e-7
2616 1.1216999364135603e-7
2617 1.1216999364135603e-7
2618 1.1216999364135603e-7
2619 1.1216999364135603e-7
2620 1.1216999364135603e-7
2621 1.1216999364135603e-7
2622 1.1216999364135603e-7
2623 1.1216999364135603e-7
2624 1.1216999364135603e-7
2625 1.1216999364135603e-7
2626 1.1216999364135603e-7
2627 1.1216999364135603e-7
2628 1.1216999364135603e-7
2629 1.1216999364135603e-7
2630 1.1216999364135603e-7
2631 1.1216999364135603e-7
2632 1.1216999364135603e-7
2633 1.1216999364135603e-7
2634 1.1216999364135603e-7
2635 1.1216999364135603e-7
2636 1.1216999364135603e-7
2637 1.1216999364135603e-7
2638 1.1216999364135603e-7
2639 1.1216999364135603e-7
2640 1.1216999364135603e-7
2641 1.1216999364135603e-7
2642 1.1216999364135603e-7
2643 1.1216999364135603e-7
2644 1.1216999364135603e-7
2645 1.1216999364135603e-7
2646 1.1216999364135603e-7
2647 1.1216999364135603e-7
2648 1.1216999364135603e-7
2649 1.1216999364135603e-7
2650 1.1216999364135603e-7
2651 1.1325306538549788e-7
2652 1.1325306538549788e-7
2653 1.1325306538549788e-7
2654 1.1325306538549788e-7
2655 1.1325306538549788e-7
2656 1.1325306538549788e-7
2657 1.1325306538549788e-7
2658 1.1325306538549788e-7
2659 1.1325306538549788e-7
2660 1.1430729667904141e-7
2661 1.1430729667904141e-7
2662 1.1430729667904141e-7
2663 1.1430729667904141e-7
2664 1.1430729667904141e-7
2665 1.1430729667904141e-7
2666 1.1430729667904141e-7
2667 1.1430729667904141e-7
2668 1.1430729667904141e-7
2669 1.1430729667904141e-7
2670 1.1430729667904141e-7
2671 1.1444187954040869e-7
2672 1.1444187954040869e-7
2673 1.1457806430948594e-7
2674 1.1457806430948594e-7
2675 1.1457806430948594e-7
2676 1.1457806430948594e-7
2677 1.1457806430948594e-7
2678 1.1457806430948594e-7
2679 1.1457806430948594e-7
2680 1.1457806430948594e-7
2681 1.1457806430948594e-7
2682 1.1457806430948594e-7
2683 1.1457806430948594e-7
2684 1.1457806430948594e-7
2685 1.1457806430948594e-7
2686 1.1457806430948594e-7
2687 1.1457806430948594e-7
2688 1.1457806430948594e-7
2689 1.1457806430948594e-7
2690 1.1457806430948594e-7
2691 1.1526219319265589e-7
2692 1.1526219319265589e-7
2693 1.1526219319265589e-7
2694 1.1526219319265589e-7
2695 1.1526219319265589e-7
2696 1.1526219319265589e-7
2697 1.1533108744782232e-7
2698 1.1533108744782232e-7
2699 1.1533108744782232e-7
2700 1.1533108744782232e-7
2701 1.1533108744782232e-7
2702 1.1533108744782232e-7
2703 1.1533108744782232e-7
2704 1.1533108744782232e-7
2705 1.1533108744782232e-7
2706 1.1533108744782232e-7
2707 1.1618665040387148e-7
2708 1.1618665040387148e-7
2709 1.1618665040387148e-7
2710 1.1618665040387148e-7
2711 1.1618665040387148e-7
2712 1.1618665040387148e-7
2713 1.1618665040387148e-7
2714 1.1618665040387148e-7
2715 1.1618665040387148e-7
2716 1.1618665040387148e-7
2717 1.1618665040387148e-7
2718 1.1618665040387148e-7
2719 1.1618665040387148e-7
2720 1.1618665040387148e-7
2721 1.1618665040387148e-7
2722 1.1618665040387148e-7
2723 1.1618665040387148e-7
2724 1.1618665040387148e-7
2725 1.1618665040387148e-7
2726 1.1618665040387148e-7
2727 1.1618665040387148e-7
2728 1.1618665040387148e-7
2729 1.1618665040387148e-7
2730 1.1660962493640238e-7
2731 1.1660962493640238e-7
2732 1.1660962493640238e-7
2733 1.1660962493640238e-7
2734 1.1660962493640238e-7
2735 1.1660962493640238e-7
2736 1.1660962493640238e-7
2737 1.1660962493640238e-7
2738 1.1660962493640238e-7
2739 1.1660962493640238e-7
2740 1.1660962493640238e-7
2741 1.1660962493640238e-7
2742 1.1660962493640238e-7
2743 1.1660962493640238e-7
2744 1.1660962493640238e-7
2745 1.1660962493640238e-7
2746 1.1660962493640238e-7
2747 1.1660962493640238e-7
2748 1.1660962493640238e-7
2749 1.1660962493640238e-7
2750 1.1660962493640238e-7
2751 1.1660962493640238e-7
2752 1.1660962493640238e-7
2753 1.1660962493640238e-7
2754 1.1660962493640238e-7
2755 1.1660962493640238e-7
2756 1.1685155333861235e-7
2757 1.1685155333861235e-7
2758 1.172136455992542e-7
2759 1.172136455992542e-7
2760 1.172136455992542e-7
2761 1.172136455992542e-7
2762 1.172136455992542e-7
2763 1.172136455992542e-7
2764 1.172136455992542e-7
2765 1.172136455992542e-7
2766 1.1766385745230968e-7
2767 1.1766385745230968e-7
2768 1.1766385745230968e-7
2769 1.1766385745230968e-7
2770 1.1766385745230968e-7
2771 1.1766385745230968e-7
2772 1.1766385745230968e-7
2773 1.1766385745230968e-7
2774 1.1766385745230968e-7
2775 1.1766385745230968e-7
2776 1.1766385745230968e-7
2777 1.1811246739765519e-7
2778 1.1811246739765519e-7
2779 1.1811246739765519e-7
2780 1.1811246739765519e-7
2781 1.1811246739765519e-7
2782 1.1811246739765519e-7
2783 1.1811246739765519e-7
2784 1.1811246739765519e-7
2785 1.1811246739765519e-7
2786 1.1811246739765519e-7
2787 1.1811246739765519e-7
2788 1.1811246739765519e-7
2789 1.1860273366646067e-7
2790 1.1860273366646067e-7
2791 1.1860273366646067e-7
2792 1.1860273366646067e-7
2793 1.1860273366646067e-7
2794 1.1860273366646067e-7
2795 1.1860273366646067e-7
2796 1.1860273366646067e-7
2797 1.1860273366646067e-7
2798 1.1860273366646067e-7
2799 1.1860273366646067e-7
2800 1.1860273366646067e-7
2801 1.1860273366646067e-7
2802 1.1860273366646067e-7
2803 1.1860273366646067e-7
2804 1.1860273366646067e-7
2805 1.1860273366646067e-7
2806 1.1860273366646067e-7
2807 1.1860273366646067e-7
2808 1.1860273366646067e-7
2809 1.1860273366646067e-7
2810 1.1860273366646067e-7
2811 1.1860273366646067e-7
2812 1.1860273366646067e-7
2813 1.1860273366646067e-7
2814 1.1860273366646067e-7
2815 1.1860273366646067e-7
2816 1.1860273366646067e-7
2817 1.1860273366646067e-7
2818 1.1860273366646067e-7
2819 1.1860273366646067e-7
2820 1.1860273366646067e-7
2821 1.1860273366646067e-7
2822 1.1860273366646067e-7
2823 1.1860273366646067e-7
2824 1.1860273366646067e-7
2825 1.1860273366646067e-7
2826 1.1860273366646067e-7
2827 1.1860273366646067e-7
2828 1.1860273366646067e-7
2829 1.1860273366646067e-7
2830 1.1882703802795153e-7
2831 1.1882703802795153e-7
2832 1.1882703802795153e-7
2833 1.1926122774799788e-7
2834 1.1926122774799788e-7
2835 1.1926122774799788e-7
2836 1.1926122774799788e-7
2837 1.1926122774799788e-7
2838 1.1926122774799788e-7
2839 1.1926122774799788e-7
2840 1.1926122774799788e-7
2841 1.1926122774799788e-7
2842 1.1926122774799788e-7
2843 1.1926122774799788e-7
2844 1.1926122774799788e-7
2845 1.1926122774799788e-7
2846 1.1926122774799788e-7
2847 1.1926122774799788e-7
2848 1.1926122774799788e-7
2849 1.1926122774799788e-7
2850 1.1926122774799788e-7
2851 1.1926122774799788e-7
2852 1.1926122774799788e-7
2853 1.1926122774799788e-7
2854 1.1926122774799788e-7
2855 1.1963613710386516e-7
2856 1.1963613710386516e-7
2857 1.1963613710386516e-7
2858 1.1963613710386516e-7
2859 1.1963613710386516e-7
2860 1.1963613710386516e-7
2861 1.1963613710386516e-7
2862 1.1963613710386516e-7
2863 1.1963613710386516e-7
2864 1.1963613710386516e-7
2865 1.1963613710386516e-7
2866 1.1963613710386516e-7
2867 1.1963613710386516e-7
2868 1.1963613710386516e-7
2869 1.1963613710386516e-7
2870 1.1963613710386516e-7
2871 1.1963613710386516e-7
2872 1.1963613710386516e-7
2873 1.1963613710386516e-7
2874 1.1963613710386516e-7
2875 1.1963613710386516e-7
2876 1.1963613710386516e-7
2877 1.1963613710386516e-7
2878 1.1963613710386516e-7
2879 1.1997099265516432e-7
2880 1.1997099265516432e-7
2881 1.1997099265516432e-7
2882 1.1997099265516432e-7
2883 1.1997099265516432e-7
2884 1.1997099265516432e-7
2885 1.1997099265516432e-7
2886 1.1997099265516432e-7
2887 1.1997099265516432e-7
2888 1.1997099265516432e-7
2889 1.1997099265516432e-7
2890 1.1997099265516432e-7
2891 1.1997099265516432e-7
2892 1.1997099265516432e-7
2893 1.1997099265516432e-7
2894 1.1997099265516432e-7
2895 1.1997099265516432e-7
2896 1.1997099265516432e-7
2897 1.1997099265516432e-7
2898 1.2043882793775702e-7
2899 1.2043882793775702e-7
2900 1.2043882793775702e-7
2901 1.2043882793775702e-7
2902 1.2043882793775702e-7
2903 1.2043882793775702e-7
2904 1.2043882793775702e-7
2905 1.2043882793775702e-7
2906 1.2043882793775702e-7
2907 1.2043882793775702e-7
2908 1.2043882793775702e-7
2909 1.2043882793775702e-7
2910 1.2043882793775702e-7
2911 1.2043882793775702e-7
2912 1.2043882793775702e-7
2913 1.2043882793775702e-7
2914 1.2043882793775702e-7
2915 1.2043882793775702e-7
2916 1.2043882793775702e-7
2917 1.2043882793775702e-7
2918 1.2043882793775702e-7
2919 1.2043882793775702e-7
2920 1.2043882793775702e-7
2921 1.2043882793775702e-7
2922 1.2043882793775702e-7
2923 1.2043882793775702e-7
2924 1.2043882793775702e-7
2925 1.2043882793775702e-7
2926 1.2043882793775702e-7
2927 1.2043882793775702e-7
2928 1.2043882793775702e-7
2929 1.2043882793775702e-7
2930 1.2043882793775702e-7
2931 1.2043882793775702e-7
2932 1.2043882793775702e-7
2933 1.2043882793775702e-7
2934 1.2049490387533426e-7
2935 1.2049490387533426e-7
2936 1.2049490387533426e-7
2937 1.2049490387533426e-7
2938 1.2049490387533426e-7
2939 1.2049490387533426e-7
2940 1.2049490387533426e-7
2941 1.2049490387533426e-7
2942 1.2049490387533426e-7
2943 1.2049490387533426e-7
2944 1.2049490387533426e-7
2945 1.2049490387533426e-7
2946 1.2073202533205056e-7
2947 1.2073202533205056e-7
2948 1.2073202533205056e-7
2949 1.2073202533205056e-7
2950 1.2073202533205056e-7
2951 1.2073202533205056e-7
2952 1.2073202533205056e-7
2953 1.2073202533205056e-7
2954 1.2073202533205056e-7
2955 1.2073202533205056e-7
2956 1.2073202533205056e-7
2957 1.2073202533205056e-7
2958 1.2073202533205056e-7
2959 1.2073202533205056e-7
2960 1.2073202533205056e-7
2961 1.2073202533205056e-7
2962 1.2073202533205056e-7
2963 1.2073202533205056e-7
2964 1.2073202533205056e-7
2965 1.2073202533205056e-7
2966 1.2073202533205056e-7
2967 1.2128317448392695e-7
2968 1.2128317448392695e-7
2969 1.2128317448392695e-7
2970 1.2128317448392695e-7
2971 1.2128317448392695e-7
2972 1.2128317448392695e-7
2973 1.2128317448392695e-7
2974 1.2128317448392695e-7
2975 1.2128317448392695e-7
2976 1.2128317448392695e-7
2977 1.2169172940234057e-7
2978 1.2169172940234057e-7
2979 1.2169172940234057e-7
2980 1.2169172940234057e-7
2981 1.2169172940234057e-7
2982 1.2169172940234057e-7
2983 1.2169172940234057e-7
2984 1.2169172940234057e-7
2985 1.2169172940234057e-7
2986 1.2230696464152596e-7
2987 1.2230696464152596e-7
2988 1.2230696464152596e-7
2989 1.2230696464152596e-7
2990 1.2230696464152596e-7
2991 1.2230696464152596e-7
2992 1.2230696464152596e-7
2993 1.2298788909809408e-7
2994 1.2298788909809408e-7
2995 1.240180893312605e-7
2996 1.240180893312605e-7
2997 1.241991360727633e-7
2998 1.241991360727633e-7
2999 1.241991360727633e-7
3000 1.241991360727633e-7
3001 1.241991360727633e-7
3002 1.2427764299655334e-7
3003 1.2427764299655334e-7
3004 1.2427764299655334e-7
3005 1.2427764299655334e-7
3006 1.2427764299655334e-7
3007 1.2476951056188692e-7
3008 1.2476951056188692e-7
3009 1.2476951056188692e-7
3010 1.2476951056188692e-7
3011 1.2476951056188692e-7
3012 1.2476951056188692e-7
3013 1.2476951056188692e-7
3014 1.2476951056188692e-7
3015 1.2476951056188692e-7
3016 1.2476951056188692e-7
3017 1.2476951056188692e-7
3018 1.2476951056188692e-7
3019 1.2476951056188692e-7
3020 1.2476951056188692e-7
3021 1.2476951056188692e-7
3022 1.2476951056188692e-7
3023 1.2476951056188692e-7
3024 1.2527579774133776e-7
3025 1.2527579774133776e-7
3026 1.2527579774133776e-7
3027 1.2527579774133776e-7
3028 1.2527579774133776e-7
3029 1.2527579774133776e-7
3030 1.2527579774133776e-7
3031 1.2527579774133776e-7
3032 1.2527579774133776e-7
3033 1.2527579774133776e-7
3034 1.2527579774133776e-7
3035 1.2527579774133776e-7
3036 1.2527579774133776e-7
3037 1.2527579774133776e-7
3038 1.2527579774133776e-7
3039 1.2527579774133776e-7
3040 1.2527579774133776e-7
3041 1.2527579774133776e-7
3042 1.2527579774133776e-7
3043 1.2527579774133776e-7
3044 1.2534308886643047e-7
3045 1.2534308886643047e-7
3046 1.2534308886643047e-7
3047 1.2534308886643047e-7
3048 1.2534308886643047e-7
3049 1.2534308886643047e-7
3050 1.2534308886643047e-7
3051 1.2534308886643047e-7
3052 1.2534308886643047e-7
3053 1.2534308886643047e-7
3054 1.2534308886643047e-7
3055 1.2534308886643047e-7
3056 1.2534308886643047e-7
3057 1.2534308886643047e-7
3058 1.267257668580695e-7
3059 1.267257668580695e-7
3060 1.267257668580695e-7
3061 1.267257668580695e-7
3062 1.267257668580695e-7
3063 1.267257668580695e-7
3064 1.267257668580695e-7
3065 1.267257668580695e-7
3066 1.267257668580695e-7
3067 1.267257668580695e-7
3068 1.267257668580695e-7
3069 1.267257668580695e-7
3070 1.267257668580695e-7
3071 1.267257668580695e-7
3072 1.267257668580695e-7
3073 1.267257668580695e-7
3074 1.271903977140604e-7
3075 1.271903977140604e-7
3076 1.271903977140604e-7
3077 1.271903977140604e-7
3078 1.271903977140604e-7
3079 1.271903977140604e-7
3080 1.271903977140604e-7
3081 1.271903977140604e-7
3082 1.271903977140604e-7
3083 1.271903977140604e-7
3084 1.271903977140604e-7
3085 1.271903977140604e-7
3086 1.271903977140604e-7
3087 1.271903977140604e-7
3088 1.271903977140604e-7
3089 1.271903977140604e-7
3090 1.271903977140604e-7
3091 1.2905052549046138e-7
3092 1.2905052549046138e-7
3093 1.2905052549046138e-7
3094 1.2905052549046138e-7
3095 1.2905052549046138e-7
3096 1.2905052549046138e-7
3097 1.2905052549046138e-7
3098 1.2905052549046138e-7
3099 1.2905052549046138e-7
3100 1.2905052549046138e-7
3101 1.3001022894956953e-7
3102 1.3001022894956953e-7
3103 1.3001022894956953e-7
3104 1.3001022894956953e-7
3105 1.3001022894956953e-7
3106 1.3001022894956953e-7
3107 1.3001022894956953e-7
3108 1.310404279603722e-7
3109 1.310404279603722e-7
3110 1.310404279603722e-7
3111 1.310404279603722e-7
3112 1.310404279603722e-7
3113 1.3109490260142136e-7
3114 1.3109490260142136e-7
3115 1.3109490260142136e-7
3116 1.3109490260142136e-7
3117 1.3109490260142136e-7
3118 1.3109490260142136e-7
3119 1.3109490260142136e-7
3120 1.3109490260142136e-7
3121 1.3109490260142136e-7
3122 1.3109490260142136e-7
3123 1.3109490260142136e-7
3124 1.3210747879386868e-7
3125 1.3210747879386868e-7
3126 1.3210747879386868e-7
3127 1.3210747879386868e-7
3128 1.3249039891064957e-7
3129 1.3249039891064957e-7
3130 1.3249039891064957e-7
3131 1.3249039891064957e-7
3132 1.3249039891064957e-7
3133 1.3293900885599508e-7
3134 1.3293900885599508e-7
3135 1.3293900885599508e-7
3136 1.3293900885599508e-7
3137 1.3293900885599508e-7
3138 1.3315370116004423e-7
3139 1.3315370116004423e-7
3140 1.3315370116004423e-7
3141 1.3315370116004423e-7
3142 1.336391610945379e-7
3143 1.336391610945379e-7
3144 1.336391610945379e-7
3145 1.336391610945379e-7
3146 1.336391610945379e-7
3147 1.336391610945379e-7
3148 1.336391610945379e-7
3149 1.336391610945379e-7
3150 1.336391610945379e-7
3151 1.336391610945379e-7
3152 1.336391610945379e-7
3153 1.336391610945379e-7
3154 1.336391610945379e-7
3155 1.336391610945379e-7
3156 1.336391610945379e-7
3157 1.336391610945379e-7
3158 1.336391610945379e-7
3159 1.336391610945379e-7
3160 1.336391610945379e-7
3161 1.336391610945379e-7
3162 1.336391610945379e-7
3163 1.336391610945379e-7
3164 1.336391610945379e-7
3165 1.336391610945379e-7
3166 1.336391610945379e-7
3167 1.336391610945379e-7
3168 1.336391610945379e-7
3169 1.336391610945379e-7
3170 1.336391610945379e-7
3171 1.336391610945379e-7
3172 1.336391610945379e-7
3173 1.336391610945379e-7
3174 1.336391610945379e-7
3175 1.336391610945379e-7
3176 1.336391610945379e-7
3177 1.336391610945379e-7
3178 1.336391610945379e-7
3179 1.336391610945379e-7
3180 1.336391610945379e-7
3181 1.336391610945379e-7
3182 1.336391610945379e-7
3183 1.336391610945379e-7
3184 1.336391610945379e-7
3185 1.336391610945379e-7
3186 1.336391610945379e-7
3187 1.336391610945379e-7
3188 1.336391610945379e-7
3189 1.336391610945379e-7
3190 1.336391610945379e-7
3191 1.336391610945379e-7
3192 1.336391610945379e-7
3193 1.336391610945379e-7
3194 1.336391610945379e-7
3195 1.336391610945379e-7
3196 1.336391610945379e-7
3197 1.336391610945379e-7
3198 1.336391610945379e-7
3199 1.336391610945379e-7
3200 1.3453798289293887e-7
3201 1.3453798289293887e-7
3202 1.3480554670796344e-7
3203 1.3480554670796344e-7
3204 1.3480554670796344e-7
3205 1.3480554670796344e-7
3206 1.3480554670796344e-7
3207 1.3480554670796344e-7
3208 1.3480554670796344e-7
3209 1.3480554670796344e-7
3210 1.3480554670796344e-7
3211 1.3480554670796344e-7
3212 1.3480554670796344e-7
3213 1.3480554670796344e-7
3214 1.3480554670796344e-7
3215 1.3480554670796344e-7
3216 1.3480554670796344e-7
3217 1.3480554670796344e-7
3218 1.3480554670796344e-7
3219 1.3480554670796344e-7
3220 1.3480554670796344e-7
3221 1.3480554670796344e-7
3222 1.3480554670796344e-7
3223 1.3480554670796344e-7
3224 1.3480554670796344e-7
3225 1.3480554670796344e-7
3226 1.3480554670796344e-7
3227 1.3504427068357158e-7
3228 1.3504427068357158e-7
3229 1.3539194271891426e-7
3230 1.3539194271891426e-7
3231 1.3555536541969797e-7
3232 1.3555536541969797e-7
3233 1.3555536541969797e-7
3234 1.3555536541969797e-7
3235 1.3555536541969797e-7
3236 1.360215987945807e-7
3237 1.360215987945807e-7
3238 1.360215987945807e-7
3239 1.36635232737238e-7
3240 1.36635232737238e-7
3241 1.36635232737238e-7
3242 1.36635232737238e-7
3243 1.36635232737238e-7
3244 1.36635232737238e-7
3245 1.36635232737238e-7
3246 1.36635232737238e-7
3247 1.36635232737238e-7
3248 1.36635232737238e-7
3249 1.36635232737238e-7
3250 1.36635232737238e-7
3251 1.36635232737238e-7
3252 1.36635232737238e-7
3253 1.36635232737238e-7
3254 1.36635232737238e-7
3255 1.3729532933766708e-7
3256 1.3729532933766708e-7
3257 1.3729532933766708e-7
3258 1.3729532933766708e-7
3259 1.3729532933766708e-7
3260 1.3729532933766708e-7
3261 1.3729532933766708e-7
3262 1.3729532933766708e-7
3263 1.3729532933766708e-7
3264 1.3729532933766708e-7
3265 1.3729532933766708e-7
3266 1.3729532933766708e-7
3267 1.3805155690260527e-7
3268 1.3805155690260527e-7
3269 1.3805155690260527e-7
3270 1.3805155690260527e-7
3271 1.3805155690260527e-7
3272 1.3805155690260527e-7
3273 1.3805155690260527e-7
3274 1.3805155690260527e-7
3275 1.3805155690260527e-7
3276 1.3831110995671622e-7
3277 1.3831110995671622e-7
3278 1.3831110995671622e-7
3279 1.3831110995671622e-7
3280 1.3831110995671622e-7
3281 1.3831110995671622e-7
3282 1.3831110995671622e-7
3283 1.3831110995671622e-7
3284 1.393493203396144e-7
3285 1.393493203396144e-7
3286 1.393493203396144e-7
3287 1.393493203396144e-7
3288 1.393493203396144e-7
3289 1.393493203396144e-7
3290 1.393493203396144e-7
3291 1.393493203396144e-7
3292 1.393493203396144e-7
3293 1.393493203396144e-7
3294 1.393493203396144e-7
3295 1.393493203396144e-7
3296 1.393493203396144e-7
3297 1.393493203396144e-7
3298 1.393493203396144e-7
3299 1.393493203396144e-7
3300 1.393493203396144e-7
3301 1.393493203396144e-7
3302 1.393493203396144e-7
3303 1.393493203396144e-7
3304 1.393493203396144e-7
3305 1.393493203396144e-7
3306 1.393493203396144e-7
3307 1.393493203396144e-7
3308 1.393493203396144e-7
3309 1.393493203396144e-7
3310 1.393493203396144e-7
3311 1.393493203396144e-7
3312 1.393493203396144e-7
3313 1.393493203396144e-7
3314 1.393493203396144e-7
3315 1.393493203396144e-7
3316 1.393493203396144e-7
3317 1.393493203396144e-7
3318 1.393493203396144e-7
3319 1.393493203396144e-7
3320 1.393493203396144e-7
3321 1.393493203396144e-7
3322 1.393493203396144e-7
3323 1.393493203396144e-7
3324 1.393493203396144e-7
3325 1.393493203396144e-7
3326 1.393493203396144e-7
3327 1.393493203396144e-7
3328 1.393493203396144e-7
3329 1.393493203396144e-7
3330 1.393493203396144e-7
3331 1.393493203396144e-7
3332 1.393493203396144e-7
3333 1.393493203396144e-7
3334 1.3991649101331806e-7
3335 1.3991649101331806e-7
3336 1.3991649101331806e-7
3337 1.3991649101331806e-7
3338 1.3991649101331806e-7
3339 1.3991649101331806e-7
3340 1.3991649101331806e-7
3341 1.3991649101331806e-7
3342 1.3991649101331806e-7
3343 1.3991649101331806e-7
3344 1.3991649101331806e-7
3345 1.3991649101331806e-7
3346 1.3991649101331806e-7
3347 1.3991649101331806e-7
3348 1.3991649101331806e-7
3349 1.3991649101331806e-7
3350 1.3991649101331806e-7
3351 1.3991649101331806e-7
3352 1.3991649101331806e-7
3353 1.3991649101331806e-7
3354 1.3991649101331806e-7
3355 1.3991649101331806e-7
3356 1.3991649101331806e-7
3357 1.3991649101331806e-7
3358 1.4021449596428717e-7
3359 1.4021449596428717e-7
3360 1.4021449596428717e-7
3361 1.4021449596428717e-7
3362 1.4021449596428717e-7
3363 1.4021449596428717e-7
3364 1.4021449596428717e-7
3365 1.4021449596428717e-7
3366 1.4021449596428717e-7
3367 1.4021449596428717e-7
3368 1.4021449596428717e-7
3369 1.4021449596428717e-7
3370 1.4021449596428717e-7
3371 1.4021449596428717e-7
3372 1.4021449596428717e-7
3373 1.4021449596428717e-7
3374 1.4021449596428717e-7
3375 1.4021449596428717e-7
3376 1.4021449596428717e-7
3377 1.4021449596428717e-7
3378 1.4021449596428717e-7
3379 1.4021449596428717e-7
3380 1.4021449596428717e-7
3381 1.4021449596428717e-7
3382 1.4021449596428717e-7
3383 1.4021449596428717e-7
3384 1.4021449596428717e-7
3385 1.4021449596428717e-7
3386 1.4021449596428717e-7
3387 1.4021449596428717e-7
3388 1.4021449596428717e-7
3389 1.4021449596428717e-7
3390 1.4021449596428717e-7
3391 1.4021449596428717e-7
3392 1.4099475581196624e-7
3393 1.4099475581196624e-7
3394 1.4099475581196624e-7
3395 1.4099475581196624e-7
3396 1.4099475581196624e-7
3397 1.4099475581196624e-7
3398 1.4099475581196624e-7
3399 1.4099475581196624e-7
3400 1.4099475581196624e-7
3401 1.4129596518953718e-7
3402 1.4129596518953718e-7
3403 1.4129596518953718e-7
3404 1.4129596518953718e-7
3405 1.4129596518953718e-7
3406 1.4129596518953718e-7
3407 1.4129596518953718e-7
3408 1.4129596518953718e-7
3409 1.4129596518953718e-7
3410 1.4129596518953718e-7
3411 1.4129596518953718e-7
3412 1.4183750106160811e-7
3413 1.4183750106160811e-7
3414 1.4183750106160811e-7
3415 1.4183750106160811e-7
3416 1.4183750106160811e-7
3417 1.4183750106160811e-7
3418 1.4183750106160811e-7
3419 1.4183750106160811e-7
3420 1.4183750106160811e-7
3421 1.4183750106160811e-7
3422 1.4183750106160811e-7
3423 1.4183750106160811e-7
3424 1.4183750106160811e-7
3425 1.4183750106160811e-7
3426 1.4183750106160811e-7
3427 1.4183750106160811e-7
3428 1.4183750106160811e-7
3429 1.4183750106160811e-7
3430 1.4258731916216078e-7
3431 1.4258731916216078e-7
3432 1.4258731916216078e-7
3433 1.4258731916216078e-7
3434 1.4258731916216078e-7
3435 1.4258731916216078e-7
3436 1.4258731916216078e-7
3437 1.4258731916216078e-7
3438 1.4314006961056526e-7
3439 1.4314006961056526e-7
3440 1.4314006961056526e-7
3441 1.4314006961056526e-7
3442 1.4314006961056526e-7
3443 1.4314006961056526e-7
3444 1.4314006961056526e-7
3445 1.4314006961056526e-7
3446 1.4314006961056526e-7
3447 1.4314006961056526e-7
3448 1.43486139738198e-7
3449 1.43486139738198e-7
3450 1.43486139738198e-7
3451 1.43486139738198e-7
3452 1.43486139738198e-7
3453 1.43486139738198e-7
3454 1.43486139738198e-7
3455 1.43486139738198e-7
3456 1.43486139738198e-7
3457 1.43486139738198e-7
3458 1.43486139738198e-7
3459 1.43486139738198e-7
3460 1.43486139738198e-7
3461 1.441494407652289e-7
3462 1.441494407652289e-7
3463 1.441494407652289e-7
3464 1.441494407652289e-7
3465 1.441494407652289e-7
3466 1.441494407652289e-7
3467 1.441494407652289e-7
3468 1.441494407652289e-7
3469 1.441494407652289e-7
3470 1.441494407652289e-7
3471 1.441494407652289e-7
3472 1.441494407652289e-7
3473 1.445900393384789e-7
3474 1.445900393384789e-7
3475 1.445900393384789e-7
3476 1.445900393384789e-7
3477 1.445900393384789e-7
3478 1.445900393384789e-7
3479 1.445900393384789e-7
3480 1.445900393384789e-7
3481 1.4495533602572258e-7
3482 1.4495533602572258e-7
3483 1.4495533602572258e-7
3484 1.4495533602572258e-7
3485 1.4495533602572258e-7
3486 1.4495533602572258e-7
3487 1.4495533602572258e-7
3488 1.4495533602572258e-7
3489 1.4495533602572258e-7
3490 1.4495533602572258e-7
3491 1.4495533602572258e-7
3492 1.4495533602572258e-7
3493 1.4495533602572258e-7
3494 1.4495533602572258e-7
3495 1.4495533602572258e-7
3496 1.4495533602572258e-7
3497 1.4495533602572258e-7
3498 1.4495533602572258e-7
3499 1.4536228903642625e-7
3500 1.4536228903642625e-7
3501 1.4536228903642625e-7
3502 1.4536228903642625e-7
3503 1.4536228903642625e-7
3504 1.4536228903642625e-7
3505 1.4536228903642625e-7
3506 1.4536228903642625e-7
3507 1.4536228903642625e-7
3508 1.461922165796608e-7
3509 1.461922165796608e-7
3510 1.461922165796608e-7
3511 1.461922165796608e-7
3512 1.461922165796608e-7
3513 1.461922165796608e-7
3514 1.461922165796608e-7
3515 1.461922165796608e-7
3516 1.461922165796608e-7
3517 1.461922165796608e-7
3518 1.463796715631854e-7
3519 1.463796715631854e-7
3520 1.463796715631854e-7
3521 1.463796715631854e-7
3522 1.463796715631854e-7
3523 1.463796715631854e-7
3524 1.463796715631854e-7
3525 1.463796715631854e-7
3526 1.463796715631854e-7
3527 1.463796715631854e-7
3528 1.463796715631854e-7
3529 1.4671773092990448e-7
3530 1.4671773092990448e-7
3531 1.4671773092990448e-7
3532 1.4671773092990448e-7
3533 1.4671773092990448e-7
3534 1.4671773092990448e-7
3535 1.4671773092990448e-7
3536 1.4671773092990448e-7
3537 1.4671773092990448e-7
3538 1.4671773092990448e-7
3539 1.4671773092990448e-7
3540 1.4671773092990448e-7
3541 1.4671773092990448e-7
3542 1.4671773092990448e-7
3543 1.4671773092990448e-7
3544 1.473890433290309e-7
3545 1.473890433290309e-7
3546 1.473890433290309e-7
3547 1.473890433290309e-7
3548 1.473890433290309e-7
3549 1.473890433290309e-7
3550 1.473890433290309e-7
3551 1.473890433290309e-7
3552 1.473890433290309e-7
3553 1.473890433290309e-7
3554 1.473890433290309e-7
3555 1.473890433290309e-7
3556 1.473890433290309e-7
3557 1.473890433290309e-7
3558 1.473890433290309e-7
3559 1.473890433290309e-7
3560 1.473890433290309e-7
3561 1.473890433290309e-7
3562 1.473890433290309e-7
3563 1.4793538553541363e-7
3564 1.4793538553541363e-7
3565 1.4793538553541363e-7
3566 1.4793538553541363e-7
3567 1.484352644728427e-7
3568 1.484352644728427e-7
3569 1.484352644728427e-7
3570 1.484352644728427e-7
3571 1.489816072904073e-7
3572 1.489816072904073e-7
3573 1.489816072904073e-7
3574 1.489816072904073e-7
3575 1.489816072904073e-7
3576 1.489816072904073e-7
3577 1.489816072904073e-7
3578 1.489816072904073e-7
3579 1.489816072904073e-7
3580 1.489816072904073e-7
3581 1.4928121414908636e-7
3582 1.4928121414908636e-7
3583 1.4928121414908636e-7
3584 1.4928121414908636e-7
3585 1.5023771379277455e-7
3586 1.5023771379277455e-7
3587 1.5023771379277455e-7
3588 1.504844491404782e-7
3589 1.504844491404782e-7
3590 1.504844491404782e-7
3591 1.504844491404782e-7
3592 1.504844491404782e-7
3593 1.504844491404782e-7
3594 1.504844491404782e-7
3595 1.504844491404782e-7
3596 1.504844491404782e-7
3597 1.504844491404782e-7
3598 1.504844491404782e-7
3599 1.504844491404782e-7
3600 1.504844491404782e-7
3601 1.504844491404782e-7
3602 1.504844491404782e-7
3603 1.504844491404782e-7
3604 1.504844491404782e-7
3605 1.504844491404782e-7
3606 1.504844491404782e-7
3607 1.504844491404782e-7
3608 1.504844491404782e-7
3609 1.504844491404782e-7
3610 1.511205134581664e-7
3611 1.5162840376769097e-7
3612 1.5162840376769097e-7
3613 1.5162840376769097e-7
3614 1.5162840376769097e-7
3615 1.5162840376769097e-7
3616 1.519840865639473e-7
3617 1.519840865639473e-7
3618 1.519840865639473e-7
3619 1.519840865639473e-7
3620 1.519840865639473e-7
3621 1.519840865639473e-7
3622 1.519840865639473e-7
3623 1.519840865639473e-7
3624 1.519840865639473e-7
3625 1.519840865639473e-7
3626 1.519840865639473e-7
3627 1.519840865639473e-7
3628 1.519840865639473e-7
3629 1.519840865639473e-7
3630 1.519840865639473e-7
3631 1.5264578507208633e-7
3632 1.5264578507208633e-7
3633 1.5264578507208633e-7
3634 1.5264578507208633e-7
3635 1.5264578507208633e-7
3636 1.531040082972373e-7
3637 1.531040082972373e-7
3638 1.531040082972373e-7
3639 1.531040082972373e-7
3640 1.531040082972373e-7
3641 1.531040082972373e-7
3642 1.531040082972373e-7
3643 1.531040082972373e-7
3644 1.531040082972373e-7
3645 1.531040082972373e-7
3646 1.531040082972373e-7
3647 1.531040082972373e-7
3648 1.531040082972373e-7
3649 1.531040082972373e-7
3650 1.531040082972373e-7
3651 1.531040082972373e-7
3652 1.531040082972373e-7
3653 1.5328024809324642e-7
3654 1.5328024809324642e-7
3655 1.5328024809324642e-7
3656 1.5378974031048097e-7
3657 1.5403647565818462e-7
3658 1.5435050274216285e-7
3659 1.5435050274216285e-7
3660 1.5435050274216285e-7
3661 1.5435050274216285e-7
3662 1.5435050274216285e-7
3663 1.5435050274216285e-7
3664 1.5435050274216285e-7
3665 1.5435050274216285e-7
3666 1.5435050274216285e-7
3667 1.5435050274216285e-7
3668 1.5435050274216285e-7
3669 1.5466292730724922e-7
3670 1.5466292730724922e-7
3671 1.5466292730724922e-7
3672 1.5466292730724922e-7
3673 1.5509711824965934e-7
3674 1.5509711824965934e-7
3675 1.5509711824965934e-7
3676 1.5509711824965934e-7
3677 1.5509711824965934e-7
3678 1.5509711824965934e-7
3679 1.5509711824965934e-7
3680 1.5509711824965934e-7
3681 1.5509711824965934e-7
3682 1.5553611491519937e-7
3683 1.5553611491519937e-7
3684 1.5553611491519937e-7
3685 1.5553611491519937e-7
3686 1.5553611491519937e-7
3687 1.5553611491519937e-7
3688 1.5553611491519937e-7
3689 1.5553611491519937e-7
3690 1.5553611491519937e-7
3691 1.5553611491519937e-7
3692 1.5553611491519937e-7
3693 1.5584373253479208e-7
3694 1.5584373253479208e-7
3695 1.5584373253479208e-7
3696 1.5584373253479208e-7
3697 1.560343913337366e-7
3698 1.560343913337366e-7
3699 1.560343913337366e-7
3700 1.560343913337366e-7
3701 1.560343913337366e-7
3702 1.560343913337366e-7
3703 1.560343913337366e-7
3704 1.560343913337366e-7
3705 1.560343913337366e-7
3706 1.560343913337366e-7
3707 1.560343913337366e-7
3708 1.560343913337366e-7
3709 1.560343913337366e-7
3710 1.560343913337366e-7
3711 1.560343913337366e-7
3712 1.560343913337366e-7
3713 1.560343913337366e-7
3714 1.560343913337366e-7
3715 1.560343913337366e-7
3716 1.560343913337366e-7
3717 1.560343913337366e-7
3718 1.560343913337366e-7
3719 1.560343913337366e-7
3720 1.560343913337366e-7
3721 1.560343913337366e-7
3722 1.560343913337366e-7
3723 1.565198506570484e-7
3724 1.565198506570484e-7
3725 1.567505638717429e-7
3726 1.567505638717429e-7
3727 1.5686592017349924e-7
3728 1.5686592017349924e-7
3729 1.571559143635547e-7
3730 1.571559143635547e-7
3731 1.571559143635547e-7
3732 1.571559143635547e-7
3733 1.571559143635547e-7
3734 1.571559143635547e-7
3735 1.571559143635547e-7
3736 1.571559143635547e-7
3737 1.571559143635547e-7
3738 1.571559143635547e-7
3739 1.571559143635547e-7
3740 1.5898399726275555e-7
3741 1.5898399726275555e-7
3742 1.5898399726275555e-7
3743 1.5898399726275555e-7
3744 1.5898399726275555e-7
3745 1.5898399726275555e-7
3746 1.5898399726275555e-7
3747 1.5898399726275555e-7
3748 1.5898399726275555e-7
3749 1.5898399726275555e-7
3750 1.5898399726275555e-7
3751 1.5898399726275555e-7
3752 1.5898399726275555e-7
3753 1.5898399726275555e-7
3754 1.5953834961887002e-7
3755 1.5953834961887002e-7
3756 1.5953834961887002e-7
3757 1.5953834961887002e-7
3758 1.5953834961887002e-7
3759 1.5953834961887002e-7
3760 1.5953834961887002e-7
3761 1.604948492625582e-7
3762 1.604948492625582e-7
3763 1.604948492625582e-7
3764 1.604948492625582e-7
3765 1.604948492625582e-7
3766 1.604948492625582e-7
3767 1.604948492625582e-7
3768 1.604948492625582e-7
3769 1.604948492625582e-7
3770 1.604948492625582e-7
3771 1.604948492625582e-7
3772 1.604948492625582e-7
3773 1.604948492625582e-7
3774 1.604948492625582e-7
3775 1.6102677246600555e-7
3776 1.6102677246600555e-7
3777 1.6102677246600555e-7
3778 1.6102677246600555e-7
3779 1.6102677246600555e-7
3780 1.6102677246600555e-7
3781 1.6102677246600555e-7
3782 1.6102677246600555e-7
3783 1.6102677246600555e-7
3784 1.6102677246600555e-7
3785 1.6102677246600555e-7
3786 1.6102677246600555e-7
3787 1.6102677246600555e-7
3788 1.6102677246600555e-7
3789 1.6102677246600555e-7
3790 1.6102677246600555e-7
3791 1.6102677246600555e-7
3792 1.6102677246600555e-7
3793 1.6102677246600555e-7
3794 1.6102677246600555e-7
3795 1.6102677246600555e-7
3796 1.6102677246600555e-7
3797 1.6102677246600555e-7
3798 1.6102677246600555e-7
3799 1.6102677246600555e-7
3800 1.6102677246600555e-7
3801 1.6102677246600555e-7
3802 1.6102677246600555e-7
3803 1.612831204823328e-7
3804 1.612831204823328e-7
3805 1.612831204823328e-7
3806 1.612831204823328e-7
3807 1.612831204823328e-7
3808 1.6138726159657365e-7
3809 1.6138726159657365e-7
3810 1.6138726159657365e-7
3811 1.6138726159657365e-7
3812 1.6138726159657365e-7
3813 1.6138726159657365e-7
3814 1.6177658995537632e-7
3815 1.6177658995537632e-7
3816 1.6177658995537632e-7
3817 1.6177658995537632e-7
3818 1.6177658995537632e-7
3819 1.6177658995537632e-7
3820 1.6177658995537632e-7
3821 1.6177658995537632e-7
3822 1.6177658995537632e-7
3823 1.6177658995537632e-7
3824 1.6177658995537632e-7
3825 1.6177658995537632e-7
3826 1.6273469211795638e-7
3827 1.6273469211795638e-7
3828 1.6343804817191915e-7
3829 1.6343804817191915e-7
3830 1.6343804817191915e-7
3831 1.6343804817191915e-7
3832 1.6343804817191915e-7
3833 1.6343804817191915e-7
3834 1.6343804817191915e-7
3835 1.6343804817191915e-7
3836 1.6343804817191915e-7
3837 1.6343804817191915e-7
3838 1.6343804817191915e-7
3839 1.6343804817191915e-7
3840 1.6343804817191915e-7
3841 1.6343804817191915e-7
3842 1.6343804817191915e-7
3843 1.6343804817191915e-7
3844 1.6343804817191915e-7
3845 1.6343804817191915e-7
3846 1.6343804817191915e-7
3847 1.6343804817191915e-7
3848 1.6343804817191915e-7
3849 1.6343804817191915e-7
3850 1.6343804817191915e-7
3851 1.6343804817191915e-7
3852 1.6343804817191915e-7
3853 1.6343804817191915e-7
3854 1.6343804817191915e-7
3855 1.6343804817191915e-7
3856 1.6343804817191915e-7
3857 1.6343804817191915e-7
3858 1.6343804817191915e-7
3859 1.638049467668728e-7
3860 1.638049467668728e-7
3861 1.638049467668728e-7
3862 1.6456598005494094e-7
3863 1.6456598005494094e-7
3864 1.6456598005494094e-7
3865 1.6456598005494094e-7
3866 1.6456598005494094e-7
3867 1.6456598005494094e-7
3868 1.6456598005494094e-7
3869 1.6456598005494094e-7
3870 1.6456598005494094e-7
3871 1.6456598005494094e-7
3872 1.6456598005494094e-7
3873 1.6456598005494094e-7
3874 1.648784052312092e-7
3875 1.648784052312092e-7
3876 1.648784052312092e-7
3877 1.648784052312092e-7
3878 1.648784052312092e-7
3879 1.648784052312092e-7
3880 1.648784052312092e-7
3881 1.648784052312092e-7
3882 1.648784052312092e-7
3883 1.6512514057891284e-7
3884 1.6512514057891284e-7
3885 1.6512514057891284e-7
3886 1.6512514057891284e-7
3887 1.6512514057891284e-7
3888 1.6512514057891284e-7
3889 1.6512514057891284e-7
3890 1.6512514057891284e-7
3891 1.6512514057891284e-7
3892 1.6512514057891284e-7
3893 1.6512514057891284e-7
3894 1.6535745631249923e-7
3895 1.6535745631249923e-7
3896 1.6535745631249923e-7
3897 1.6535745631249923e-7
3898 1.6535745631249923e-7
3899 1.664709691925856e-7
3900 1.664709691925856e-7
3901 1.664709691925856e-7
3902 1.664709691925856e-7
3903 1.664709691925856e-7
3904 1.664709691925856e-7
3905 1.670894094695547e-7
3906 1.670894094695547e-7
3907 1.670894094695547e-7
3908 1.670894094695547e-7
3909 1.670894094695547e-7
3910 1.6741465174104837e-7
3911 1.6741465174104837e-7
3912 1.6749315805365651e-7
3913 1.6749315805365651e-7
3914 1.6755564284443742e-7
3915 1.6755564284443742e-7
3916 1.6755564284443742e-7
3917 1.6755564284443742e-7
3918 1.6755564284443742e-7
3919 1.6760691244770286e-7
3920 1.6760691244770286e-7
3921 1.6760691244770286e-7
3922 1.6760691244770286e-7
3923 1.6760691244770286e-7
3924 1.6760691244770286e-7
3925 1.6760691244770286e-7
3926 1.6760691244770286e-7
3927 1.6810518886624008e-7
3928 1.6810518886624008e-7
3929 1.6810518886624008e-7
3930 1.6810518886624008e-7
3931 1.6810518886624008e-7
3932 1.6810518886624008e-7
3933 1.6810518886624008e-7
3934 1.6810518886624008e-7
3935 1.6810518886624008e-7
3936 1.6810518886624008e-7
3937 1.6847208746119374e-7
3938 1.6847208746119374e-7
3939 1.6847208746119374e-7
3940 1.688566100968665e-7
3941 1.688566100968665e-7
3942 1.6898318219732016e-7
3943 1.6898318219732016e-7
3944 1.6898318219732016e-7
3945 1.6898318219732016e-7
3946 1.6898318219732016e-7
3947 1.6898318219732016e-7
3948 1.6913218467280472e-7
3949 1.6913218467280472e-7
3950 1.6913218467280472e-7
3951 1.6913218467280472e-7
3952 1.6913218467280472e-7
3953 1.6913218467280472e-7
3954 1.6913218467280472e-7
3955 1.6978106547453647e-7
3956 1.6978106547453647e-7
3957 1.6978106547453647e-7
3958 1.6978106547453647e-7
3959 1.6978106547453647e-7
3960 1.6978106547453647e-7
3961 1.7010310270824644e-7
3962 1.7010310270824644e-7
3963 1.7010310270824644e-7
3964 1.7010310270824644e-7
3965 1.7010310270824644e-7
3966 1.7010310270824644e-7
3967 1.7010310270824644e-7
3968 1.7010310270824644e-7
3969 1.7010310270824644e-7
3970 1.7010310270824644e-7
3971 1.7010310270824644e-7
3972 1.7010310270824644e-7
3973 1.7010310270824644e-7
3974 1.708881688902373e-7
3975 1.708881688902373e-7
3976 1.708881688902373e-7
3977 1.7112368905042551e-7
3978 1.7112368905042551e-7
3979 1.7112368905042551e-7
3980 1.7112368905042551e-7
3981 1.7141047881387916e-7
3982 1.7141047881387916e-7
3983 1.7141047881387916e-7
3984 1.7141047881387916e-7
3985 1.7141047881387916e-7
3986 1.7141047881387916e-7
3987 1.7141047881387916e-7
3988 1.7141047881387916e-7
3989 1.7141047881387916e-7
3990 1.7141047881387916e-7
3991 1.7237659173737284e-7
3992 1.7237659173737284e-7
3993 1.7237659173737284e-7
3994 1.7237659173737284e-7
3995 1.7237659173737284e-7
3996 1.7237659173737284e-7
3997 1.7258006824272466e-7
3998 1.7258006824272466e-7
3999 1.7258006824272466e-7
4000 1.7269542454448099e-7
4001 1.7269542454448099e-7
4002 1.7269542454448099e-7
4003 1.7269542454448099e-7
4004 1.7269542454448099e-7
4005 1.7269542454448099e-7
4006 1.7269542454448099e-7
4007 1.7269542454448099e-7
4008 1.735894393973883e-7
4009 1.735894393973883e-7
4010 1.735894393973883e-7
4011 1.735894393973883e-7
4012 1.7392108991090375e-7
4013 1.7392108991090375e-7
4014 1.7392108991090375e-7
4015 1.7392108991090375e-7
4016 1.7392108991090375e-7
4017 1.7392108991090375e-7
4018 1.7392108991090375e-7
4019 1.7392108991090375e-7
4020 1.7392108991090375e-7
4021 1.7392108991090375e-7
4022 1.7392108991090375e-7
4023 1.7392108991090375e-7
4024 1.7392108991090375e-7
4025 1.7392108991090375e-7
4026 1.7392108991090375e-7
4027 1.7392108991090375e-7
4028 1.7392108991090375e-7
4029 1.7392108991090375e-7
4030 1.7392108991090375e-7
4031 1.7392108991090375e-7
4032 1.7392108991090375e-7
4033 1.7456997132381737e-7
4034 1.7456997132381737e-7
4035 1.7456997132381737e-7
4036 1.7509228124745922e-7
4037 1.7509228124745922e-7
4038 1.7509228124745922e-7
4039 1.7509228124745922e-7
4040 1.7509228124745922e-7
4041 1.7509228124745922e-7
4042 1.7509228124745922e-7
4043 1.7509228124745922e-7
4044 1.7509228124745922e-7
4045 1.7509228124745922e-7
4046 1.7509228124745922e-7
4047 1.7509228124745922e-7
4048 1.7509228124745922e-7
4049 1.7509228124745922e-7
4050 1.7535343620928015e-7
4051 1.7535343620928015e-7
4052 1.7535343620928015e-7
4053 1.7535343620928015e-7
4054 1.7535343620928015e-7
4055 1.7535343620928015e-7
4056 1.7535343620928015e-7
4057 1.7535343620928015e-7
4058 1.7572834556514743e-7
4059 1.7572834556514743e-7
4060 1.7572834556514743e-7
4061 1.7624584915447749e-7
4062 1.7624584915447749e-7
4063 1.7624584915447749e-7
4064 1.7624584915447749e-7
4065 1.7624584915447749e-7
4066 1.7624584915447749e-7
4067 1.7624584915447749e-7
4068 1.7624584915447749e-7
4069 1.7685627867053297e-7
4070 1.7685627867053297e-7
4071 1.7685627867053297e-7
4072 1.7685627867053297e-7
4073 1.7685627867053297e-7
4074 1.7685627867053297e-7
4075 1.7685627867053297e-7
4076 1.7685627867053297e-7
4077 1.7685627867053297e-7
4078 1.7685627867053297e-7
4079 1.7685627867053297e-7
4080 1.7685627867053297e-7
4081 1.7685627867053297e-7
4082 1.7685627867053297e-7
4083 1.7766537835762847e-7
4084 1.7766537835762847e-7
4085 1.7766537835762847e-7
4086 1.7766537835762847e-7
4087 1.7766537835762847e-7
4088 1.7766537835762847e-7
4089 1.7766537835762847e-7
4090 1.7766537835762847e-7
4091 1.7766537835762847e-7
4092 1.7766537835762847e-7
4093 1.7766537835762847e-7
4094 1.7766537835762847e-7
4095 1.7766537835762847e-7
4096 1.7766537835762847e-7
4097 1.7766537835762847e-7
4098 1.7766537835762847e-7
4099 1.7766537835762847e-7
4100 1.7766537835762847e-7
4101 1.7766537835762847e-7
4102 1.7766537835762847e-7
4103 1.7766537835762847e-7
4104 1.7766537835762847e-7
4105 1.7766537835762847e-7
4106 1.7766537835762847e-7
4107 1.7903363734633213e-7
4108 1.7903363734633213e-7
4109 1.7903363734633213e-7
4110 1.7903363734633213e-7
4111 1.7903363734633213e-7
4112 1.7903363734633213e-7
4113 1.7903363734633213e-7
4114 1.7903363734633213e-7
4115 1.7903363734633213e-7
4116 1.7903363734633213e-7
4117 1.7903363734633213e-7
4118 1.7953031185715937e-7
4119 1.7953031185715937e-7
4120 1.7953031185715937e-7
4121 1.7953031185715937e-7
4122 1.7953031185715937e-7
4123 1.7953031185715937e-7
4124 1.7953031185715937e-7
4125 1.7953031185715937e-7
4126 1.801872046421685e-7
4127 1.801872046421685e-7
4128 1.801872046421685e-7
4129 1.801872046421685e-7
4130 1.801872046421685e-7
4131 1.801872046421685e-7
4132 1.801872046421685e-7
4133 1.801872046421685e-7
4134 1.801872046421685e-7
4135 1.801872046421685e-7
4136 1.801872046421685e-7
4137 1.801872046421685e-7
4138 1.801872046421685e-7
4139 1.801872046421685e-7
4140 1.801872046421685e-7
4141 1.801872046421685e-7
4142 1.801872046421685e-7
4143 1.801872046421685e-7
4144 1.8086652780220853e-7
4145 1.8086652780220853e-7
4146 1.8086652780220853e-7
4147 1.8086652780220853e-7
4148 1.8086652780220853e-7
4149 1.8086652780220853e-7
4150 1.8086652780220853e-7
4151 1.8086652780220853e-7
4152 1.8086652780220853e-7
4153 1.8086652780220853e-7
4154 1.8086652780220853e-7
4155 1.8086652780220853e-7
4156 1.8086652780220853e-7
4157 1.8086652780220853e-7
4158 1.8086652780220853e-7
4159 1.8086652780220853e-7
4160 1.8122060869075488e-7
4161 1.8122060869075488e-7
4162 1.8122060869075488e-7
4163 1.8122060869075488e-7
4164 1.8122060869075488e-7
4165 1.8122060869075488e-7
4166 1.8122060869075488e-7
4167 1.8122060869075488e-7
4168 1.8122060869075488e-7
4169 1.8122060869075488e-7
4170 1.8122060869075488e-7
4171 1.8122060869075488e-7
4172 1.8122060869075488e-7
4173 1.8122060869075488e-7
4174 1.8122060869075488e-7
4175 1.8122060869075488e-7
4176 1.8122060869075488e-7
4177 1.8122060869075488e-7
4178 1.8122060869075488e-7
4179 1.8122060869075488e-7
4180 1.8122060869075488e-7
4181 1.8122060869075488e-7
4182 1.8122060869075488e-7
4183 1.8122060869075488e-7
4184 1.8122060869075488e-7
4185 1.8122060869075488e-7
4186 1.8122060869075488e-7
4187 1.8122060869075488e-7
4188 1.8122060869075488e-7
4189 1.8122060869075488e-7
4190 1.8122060869075488e-7
4191 1.8122060869075488e-7
4192 1.8122060869075488e-7
4193 1.8122060869075488e-7
4194 1.8122060869075488e-7
4195 1.8122060869075488e-7
4196 1.8122060869075488e-7
4197 1.8122060869075488e-7
4198 1.8200567487274575e-7
4199 1.8200567487274575e-7
4200 1.8200567487274575e-7
4201 1.8200567487274575e-7
4202 1.8200567487274575e-7
4203 1.8200567487274575e-7
4204 1.8200567487274575e-7
4205 1.8262731957631667e-7
4206 1.8262731957631667e-7
4207 1.8262731957631667e-7
4208 1.8272825748631947e-7
4209 1.8272825748631947e-7
4210 1.8272825748631947e-7
4211 1.8272825748631947e-7
4212 1.8272825748631947e-7
4213 1.8272825748631947e-7
4214 1.8272825748631947e-7
4215 1.8272825748631947e-7
4216 1.8272825748631947e-7
4217 1.8272825748631947e-7
4218 1.8272825748631947e-7
4219 1.8272825748631947e-7
4220 1.8272825748631947e-7
4221 1.8272825748631947e-7
4222 1.8272825748631947e-7
4223 1.8272825748631947e-7
4224 1.8272825748631947e-7
4225 1.8272825748631947e-7
4226 1.8272825748631947e-7
4227 1.8272825748631947e-7
4228 1.8272825748631947e-7
4229 1.8272825748631947e-7
4230 1.8272825748631947e-7
4231 1.8272825748631947e-7
4232 1.8272825748631947e-7
4233 1.8272825748631947e-7
4234 1.8272825748631947e-7
4235 1.8272825748631947e-7
4236 1.8272825748631947e-7
4237 1.8272825748631947e-7
4238 1.8272825748631947e-7
4239 1.8272825748631947e-7
4240 1.8272825748631947e-7
4241 1.8272825748631947e-7
4242 1.8272825748631947e-7
4243 1.8272825748631947e-7
4244 1.8272825748631947e-7
4245 1.8272825748631947e-7
4246 1.8272825748631947e-7
4247 1.8272825748631947e-7
4248 1.8324415855675766e-7
4249 1.8324415855675766e-7
4250 1.8324415855675766e-7
4251 1.8324415855675766e-7
4252 1.8324415855675766e-7
4253 1.8324415855675766e-7
4254 1.8382094128790302e-7
4255 1.8382094128790302e-7
4256 1.8382094128790302e-7
4257 1.8382094128790302e-7
4258 1.8490561493975484e-7
4259 1.8490561493975484e-7
4260 1.8490561493975484e-7
4261 1.8490561493975484e-7
4262 1.8490561493975484e-7
4263 1.8490561493975484e-7
4264 1.8490561493975484e-7
4265 1.8490561493975484e-7
4266 1.8490561493975484e-7
4267 1.8490561493975484e-7
4268 1.8490561493975484e-7
4269 1.8490561493975484e-7
4270 1.8490561493975484e-7
4271 1.8490561493975484e-7
4272 1.8490561493975484e-7
4273 1.8490561493975484e-7
4274 1.8490561493975484e-7
4275 1.8490561493975484e-7
4276 1.8490561493975484e-7
4277 1.8490561493975484e-7
4278 1.8490561493975484e-7
4279 1.8490561493975484e-7
4280 1.8490561493975484e-7
4281 1.8490561493975484e-7
4282 1.8490561493975484e-7
4283 1.8577880132534123e-7
4284 1.8577880132534123e-7
4285 1.8577880132534123e-7
4286 1.8577880132534123e-7
4287 1.8577880132534123e-7
4288 1.8577880132534123e-7
4289 1.8577880132534123e-7
4290 1.8577880132534123e-7
4291 1.8577880132534123e-7
4292 1.8577880132534123e-7
4293 1.8577880132534123e-7
4294 1.8577880132534123e-7
4295 1.8603514995285036e-7
4296 1.8603514995285036e-7
4297 1.8603514995285036e-7
4298 1.8603514995285036e-7
4299 1.8603514995285036e-7
4300 1.8603514995285036e-7
4301 1.8603514995285036e-7
4302 1.8603514995285036e-7
4303 1.8603514995285036e-7
4304 1.8603514995285036e-7
4305 1.8603514995285036e-7
4306 1.8603514995285036e-7
4307 1.8603514995285036e-7
4308 1.8603514995285036e-7
4309 1.8603514995285036e-7
4310 1.8603514995285036e-7
4311 1.8603514995285036e-7
4312 1.8603514995285036e-7
4313 1.8603514995285036e-7
4314 1.8603514995285036e-7
4315 1.8603514995285036e-7
4316 1.8603514995285036e-7
4317 1.8603514995285036e-7
4318 1.8603514995285036e-7
4319 1.8603514995285036e-7
4320 1.8603514995285036e-7
4321 1.8603514995285036e-7
4322 1.8603514995285036e-7
4323 1.8603514995285036e-7
4324 1.8603514995285036e-7
4325 1.8603514995285036e-7
4326 1.8603514995285036e-7
4327 1.8603514995285036e-7
4328 1.861585170155203e-7
4329 1.861585170155203e-7
4330 1.861585170155203e-7
4331 1.861585170155203e-7
4332 1.861585170155203e-7
4333 1.8632033597504839e-7
4334 1.8632033597504839e-7
4335 1.8632033597504839e-7
4336 1.8632033597504839e-7
4337 1.8632033597504839e-7
4338 1.8632033597504839e-7
4339 1.8632033597504839e-7
4340 1.8632033597504839e-7
4341 1.8650458653197115e-7
4342 1.8650458653197115e-7
4343 1.8650458653197115e-7
4344 1.8650458653197115e-7
4345 1.8650458653197115e-7
4346 1.8683783895319658e-7
4347 1.8683783895319658e-7
4348 1.8683783895319658e-7
4349 1.876148949854557e-7
4350 1.876148949854557e-7
4351 1.876148949854557e-7
4352 1.8791129802871483e-7
4353 1.8791129802871483e-7
4354 1.8791129802871483e-7
4355 1.8791129802871483e-7
4356 1.8791129802871483e-7
4357 1.8791129802871483e-7
4358 1.8791129802871483e-7
4359 1.8791129802871483e-7
4360 1.8791129802871483e-7
4361 1.8791129802871483e-7
4362 1.8791129802871483e-7
4363 1.8791129802871483e-7
4364 1.8835990736287845e-7
4365 1.8835990736287845e-7
4366 1.8835990736287845e-7
4367 1.8835990736287845e-7
4368 1.8835990736287845e-7
4369 1.8835990736287845e-7
4370 1.8835990736287845e-7
4371 1.8835990736287845e-7
4372 1.8835990736287845e-7
4373 1.8835990736287845e-7
4374 1.8899917488480472e-7
4375 1.8899917488480472e-7
4376 1.8899917488480472e-7
4377 1.8899917488480472e-7
4378 1.8899917488480472e-7
4379 1.8899917488480472e-7
4380 1.8899917488480472e-7
4381 1.8899917488480472e-7
4382 1.8958236708033561e-7
4383 1.8958236708033561e-7
4384 1.8958236708033561e-7
4385 1.8958236708033561e-7
4386 1.8958236708033561e-7
4387 1.8958236708033561e-7
4388 1.8958236708033561e-7
4389 1.8958236708033561e-7
4390 1.8958236708033561e-7
4391 1.8958236708033561e-7
4392 1.903754440232401e-7
4393 1.903754440232401e-7
4394 1.903754440232401e-7
4395 1.903754440232401e-7
4396 1.903754440232401e-7
4397 1.903754440232401e-7
4398 1.903754440232401e-7
4399 1.9092979760171834e-7
4400 1.9092979760171834e-7
4401 1.9092979760171834e-7
4402 1.9092979760171834e-7
4403 1.9092979760171834e-7
4404 1.9092979760171834e-7
4405 1.9092979760171834e-7
4406 1.9092979760171834e-7
4407 1.9092979760171834e-7
4408 1.9092979760171834e-7
4409 1.9092979760171834e-7
4410 1.9092979760171834e-7
4411 1.9092979760171834e-7
4412 1.9092979760171834e-7
4413 1.9092979760171834e-7
4414 1.9092979760171834e-7
4415 1.9199524469395922e-7
4416 1.9199524469395922e-7
4417 1.9199524469395922e-7
4418 1.9199524469395922e-7
4419 1.9230927116675557e-7
4420 1.9230927116675557e-7
4421 1.9230927116675557e-7
4422 1.9230927116675557e-7
4423 1.9230927116675557e-7
4424 1.9230927116675557e-7
4425 1.9230927116675557e-7
4426 1.9247750020185107e-7
4427 1.9247750020185107e-7
4428 1.9247750020185107e-7
4429 1.9257363055517832e-7
4430 1.9257363055517832e-7
4431 1.9257363055517832e-7
4432 1.9257363055517832e-7
4433 1.9257363055517832e-7
4434 1.9257363055517832e-7
4435 1.9257363055517832e-7
4436 1.9257363055517832e-7
4437 1.9257363055517832e-7
4438 1.9257363055517832e-7
4439 1.9257363055517832e-7
4440 1.9257363055517832e-7
4441 1.9257363055517832e-7
4442 1.9257363055517832e-7
4443 1.9257363055517832e-7
4444 1.9257363055517832e-7
4445 1.9257363055517832e-7
4446 1.9257363055517832e-7
4447 1.9291489373731736e-7
4448 1.9291489373731736e-7
4449 1.9323052272900555e-7
4450 1.9323052272900555e-7
4451 1.9358300109866004e-7
4452 1.9358300109866004e-7
4453 1.941549781066755e-7
4454 1.941549781066755e-7
4455 1.941549781066755e-7
4456 1.941549781066755e-7
4457 1.941549781066755e-7
4458 1.941549781066755e-7
4459 1.941549781066755e-7
4460 1.941549781066755e-7
4461 1.941549781066755e-7
4462 1.941549781066755e-7
4463 1.941549781066755e-7
4464 1.941549781066755e-7
4465 1.9463402857678363e-7
4466 1.9475899815834542e-7
4467 1.958324566226818e-7
4468 1.958324566226818e-7
4469 1.958324566226818e-7
4470 1.958324566226818e-7
4471 1.958324566226818e-7
4472 1.958324566226818e-7
4473 1.958324566226818e-7
4474 1.958324566226818e-7
4475 1.958324566226818e-7
4476 1.958324566226818e-7
4477 1.958324566226818e-7
4478 1.958324566226818e-7
4479 1.9608880525019094e-7
4480 1.9608880525019094e-7
4481 1.964428855275554e-7
4482 1.964428855275554e-7
4483 1.964428855275554e-7
4484 1.964428855275554e-7
4485 1.964428855275554e-7
4486 1.964428855275554e-7
4487 1.964428855275554e-7
4488 1.964428855275554e-7
4489 1.964428855275554e-7
4490 1.964428855275554e-7
4491 1.964428855275554e-7
4492 1.964428855275554e-7
4493 1.964428855275554e-7
4494 1.964428855275554e-7
4495 1.964428855275554e-7
4496 1.964428855275554e-7
4497 1.964428855275554e-7
4498 1.964428855275554e-7
4499 1.964428855275554e-7
4500 1.964428855275554e-7
4501 1.9676812718786719e-7
4502 1.9676812718786719e-7
4503 1.9676812718786719e-7
4504 1.9676812718786719e-7
4505 1.9676812718786719e-7
4506 1.9676812718786719e-7
4507 1.9676812718786719e-7
4508 1.9676812718786719e-7
4509 1.9676812718786719e-7
4510 1.9676812718786719e-7
4511 1.9676812718786719e-7
4512 1.9676812718786719e-7
4513 1.9676812718786719e-7
4514 1.9676812718786719e-7
4515 1.9676812718786719e-7
4516 1.9676812718786719e-7
4517 1.9676812718786719e-7
4518 1.9676812718786719e-7
4519 1.9676812718786719e-7
4520 1.9676812718786719e-7
4521 1.9676812718786719e-7
4522 1.9676812718786719e-7
4523 1.9676812718786719e-7
4524 1.9676812718786719e-7
4525 1.9676812718786719e-7
4526 1.9676812718786719e-7
4527 1.9676812718786719e-7
4528 1.9676812718786719e-7
4529 1.9676812718786719e-7
4530 1.9676812718786719e-7
4531 1.9676812718786719e-7
4532 1.9676812718786719e-7
4533 1.9676812718786719e-7
4534 1.9676812718786719e-7
4535 1.9676812718786719e-7
4536 1.9676812718786719e-7
4537 1.9676812718786719e-7
4538 1.9676812718786719e-7
4539 1.9676812718786719e-7
4540 1.9676812718786719e-7
4541 1.9676812718786719e-7
4542 1.972567915489627e-7
4543 1.972567915489627e-7
4544 1.972567915489627e-7
4545 1.976204863284964e-7
4546 1.976204863284964e-7
4547 1.9814119373324642e-7
4548 1.9814119373324642e-7
4549 1.9814119373324642e-7
4550 1.9814119373324642e-7
4551 1.9814119373324642e-7
4552 1.9814119373324642e-7
4553 1.9814119373324642e-7
4554 1.9814119373324642e-7
4555 1.9814119373324642e-7
4556 1.9814119373324642e-7
4557 1.9814119373324642e-7
4558 1.9814119373324642e-7
4559 1.9814119373324642e-7
4560 1.9814119373324642e-7
4561 1.9814119373324642e-7
4562 1.9814119373324642e-7
4563 1.9814119373324642e-7
4564 1.9814119373324642e-7
4565 1.9814119373324642e-7
4566 1.9814119373324642e-7
4567 1.9814119373324642e-7
4568 1.9814119373324642e-7
4569 1.9814119373324642e-7
4570 1.9814119373324642e-7
4571 1.9814119373324642e-7
4572 1.9814119373324642e-7
4573 1.9814119373324642e-7
4574 1.9814119373324642e-7
4575 1.9814119373324642e-7
4576 1.9814119373324642e-7
4577 1.9814119373324642e-7
4578 1.9814119373324642e-7
4579 1.9814119373324642e-7
4580 1.9814119373324642e-7
4581 1.9814119373324642e-7
4582 1.9814119373324642e-7
4583 1.9814119373324642e-7
4584 1.9814119373324642e-7
4585 1.9814119373324642e-7
4586 1.9814119373324642e-7
4587 1.9814119373324642e-7
4588 1.988669801622401e-7
4589 1.988669801622401e-7
4590 1.988669801622401e-7
4591 1.988669801622401e-7
4592 1.988669801622401e-7
4593 1.988669801622401e-7
4594 1.988669801622401e-7
4595 1.988669801622401e-7
4596 1.988669801622401e-7
4597 1.988669801622401e-7
4598 1.988669801622401e-7
4599 1.988669801622401e-7
4600 1.988669801622401e-7
4601 1.988669801622401e-7
4602 1.988669801622401e-7
4603 1.9947420525169375e-7
4604 1.9947420525169375e-7
4605 1.9947420525169375e-7
4606 1.9947420525169375e-7
4607 1.9966967099613196e-7
4608 1.9966967099613196e-7
4609 1.9966967099613196e-7
4610 1.9996286900160738e-7
4611 1.9996286900160738e-7
4612 1.9996286900160738e-7
4613 1.9996286900160738e-7
4614 1.9996286900160738e-7
4615 1.9996286900160738e-7
4616 1.9996286900160738e-7
4617 1.9996286900160738e-7
4618 1.9996286900160738e-7
4619 1.9996286900160738e-7
4620 1.9996286900160738e-7
4621 1.9996286900160738e-7
4622 1.9996286900160738e-7
4623 1.9996286900160738e-7
4624 2.0013590498219657e-7
4625 2.0013590498219657e-7
4626 2.0013590498219657e-7
4627 2.0013590498219657e-7
4628 2.0013590498219657e-7
4629 2.0013590498219657e-7
4630 2.0013590498219657e-7
4631 2.0013590498219657e-7
4632 2.0013590498219657e-7
4633 2.0083926103615934e-7
4634 2.0083926103615934e-7
4635 2.0083926103615934e-7
4636 2.0083926103615934e-7
4637 2.0083926103615934e-7
4638 2.0133112982385668e-7
4639 2.0133112982385668e-7
4640 2.0133112982385668e-7
4641 2.0133112982385668e-7
4642 2.0133112982385668e-7
4643 2.0136797981300486e-7
4644 2.0136797981300486e-7
4645 2.0136797981300486e-7
4646 2.0136797981300486e-7
4647 2.0136797981300486e-7
4648 2.0136797981300486e-7
4649 2.0136797981300486e-7
4650 2.0136797981300486e-7
4651 2.0136797981300486e-7
4652 2.0136797981300486e-7
4653 2.0136797981300486e-7
4654 2.0136797981300486e-7
4655 2.0136797981300486e-7
4656 2.0136797981300486e-7
4657 2.0136797981300486e-7
4658 2.0136797981300486e-7
4659 2.0136797981300486e-7
4660 2.0136797981300486e-7
4661 2.0136797981300486e-7
4662 2.0136797981300486e-7
4663 2.0136797981300486e-7
4664 2.0136797981300486e-7
4665 2.0152979938371484e-7
4666 2.0152979938371484e-7
4667 2.0152979938371484e-7
4668 2.0152979938371484e-7
4669 2.0152979938371484e-7
4670 2.0152979938371484e-7
4671 2.0152979938371484e-7
4672 2.0214503523408212e-7
4673 2.0214503523408212e-7
4674 2.0237254402217481e-7
4675 2.0237254402217481e-7
4676 2.0237254402217481e-7
4677 2.0237254402217481e-7
4678 2.0237254402217481e-7
4679 2.0237254402217481e-7
4680 2.0237254402217481e-7
4681 2.025247503130793e-7
4682 2.025247503130793e-7
4683 2.025247503130793e-7
4684 2.025247503130793e-7
4685 2.025247503130793e-7
4686 2.025247503130793e-7
4687 2.025247503130793e-7
4688 2.025247503130793e-7
4689 2.025247503130793e-7
4690 2.025247503130793e-7
4691 2.025247503130793e-7
4692 2.025247503130793e-7
4693 2.025247503130793e-7
4694 2.025247503130793e-7
4695 2.025247503130793e-7
4696 2.025247503130793e-7
4697 2.025247503130793e-7
4698 2.025247503130793e-7
4699 2.0289325081574294e-7
4700 2.0289325081574294e-7
4701 2.0289325081574294e-7
4702 2.0289325081574294e-7
4703 2.035004759051966e-7
4704 2.035004759051966e-7
4705 2.0438647999719027e-7
4706 2.0438647999719027e-7
4707 2.0438647999719027e-7
4708 2.0438647999719027e-7
4709 2.04915197551672e-7
4710 2.04915197551672e-7
4711 2.04915197551672e-7
4712 2.0532215056237567e-7
4713 2.0532215056237567e-7
4714 2.0532215056237567e-7
4715 2.0532215056237567e-7
4716 2.0532215056237567e-7
4717 2.0532215056237567e-7
4718 2.0532215056237567e-7
4719 2.0532215056237567e-7
4720 2.0532215056237567e-7
4721 2.0532215056237567e-7
4722 2.0587970795627384e-7
4723 2.0587970795627384e-7
4724 2.0587970795627384e-7
4725 2.0587970795627384e-7
4726 2.0587970795627384e-7
4727 2.0587970795627384e-7
4728 2.0647571724703015e-7
4729 2.0647571724703015e-7
4730 2.0647571724703015e-7
4731 2.0647571724703015e-7
4732 2.0647571724703015e-7
4733 2.0647571724703015e-7
4734 2.0647571724703015e-7
4735 2.0647571724703015e-7
4736 2.0647571724703015e-7
4737 2.0647571724703015e-7
4738 2.0647571724703015e-7
4739 2.0647571724703015e-7
4740 2.0647571724703015e-7
4741 2.0647571724703015e-7
4742 2.0647571724703015e-7
4743 2.0647571724703015e-7
4744 2.0647571724703015e-7
4745 2.0647571724703015e-7
4746 2.0647571724703015e-7
4747 2.0647571724703015e-7
4748 2.0647571724703015e-7
4749 2.0647571724703015e-7
4750 2.0647571724703015e-7
4751 2.0647571724703015e-7
4752 2.0647571724703015e-7
4753 2.0647571724703015e-7
4754 2.0647571724703015e-7
4755 2.0647571724703015e-7
4756 2.0647571724703015e-7
4757 2.0647571724703015e-7
4758 2.0647571724703015e-7
4759 2.0647571724703015e-7
4760 2.0647571724703015e-7
4761 2.0647571724703015e-7
4762 2.0647571724703015e-7
4763 2.0647571724703015e-7
4764 2.0647571724703015e-7
4765 2.0647571724703015e-7
4766 2.0647571724703015e-7
4767 2.0647571724703015e-7
4768 2.0647571724703015e-7
4769 2.0647571724703015e-7
4770 2.070076392281137e-7
4771 2.070076392281137e-7
4772 2.070076392281137e-7
4773 2.070076392281137e-7
4774 2.070076392281137e-7
4775 2.070076392281137e-7
4776 2.070076392281137e-7
4777 2.070076392281137e-7
4778 2.070076392281137e-7
4779 2.070076392281137e-7
4780 2.070076392281137e-7
4781 2.070076392281137e-7
4782 2.070076392281137e-7
4783 2.0775745793984827e-7
4784 2.0775745793984827e-7
4785 2.0775745793984827e-7
4786 2.0775745793984827e-7
4787 2.0775745793984827e-7
4788 2.0775745793984827e-7
4789 2.085953968551783e-7
4790 2.085953968551783e-7
4791 2.085953968551783e-7
4792 2.085953968551783e-7
4793 2.085953968551783e-7
4794 2.085953968551783e-7
4795 2.085953968551783e-7
4796 2.085953968551783e-7
4797 2.085953968551783e-7
4798 2.085953968551783e-7
4799 2.0886936952340654e-7
4800 2.0886936952340654e-7
4801 2.0886936952340654e-7
4802 2.0886936952340654e-7
4803 2.0886936952340654e-7
4804 2.0886936952340654e-7
4805 2.0886936952340654e-7
4806 2.0896710300680752e-7
4807 2.0896710300680752e-7
4808 2.0896710300680752e-7
4809 2.0896710300680752e-7
4810 2.0896710300680752e-7
4811 2.0896710300680752e-7
4812 2.0896710300680752e-7
4813 2.0896710300680752e-7
4814 2.0896710300680752e-7
4815 2.0896710300680752e-7
4816 2.0896710300680752e-7
4817 2.0896710300680752e-7
4818 2.0896710300680752e-7
4819 2.0896710300680752e-7
4820 2.0896710300680752e-7
4821 2.0896710300680752e-7
4822 2.0896710300680752e-7
4823 2.0921544026222114e-7
4824 2.0921544026222114e-7
4825 2.0921544026222114e-7
4826 2.0921544026222114e-7
4827 2.0921544026222114e-7
4828 2.0921544026222114e-7
4829 2.0947339079744025e-7
4830 2.0947339079744025e-7
4831 2.0947339079744025e-7
4832 2.0947339079744025e-7
4833 2.0947339079744025e-7
4834 2.1013669182447115e-7
4835 2.1013669182447115e-7
4836 2.1064778656059755e-7
4837 2.1064778656059755e-7
4838 2.1064778656059755e-7
4839 2.1064778656059755e-7
4840 2.1064778656059755e-7
4841 2.1101788958215302e-7
4842 2.1101788958215302e-7
4843 2.1101788958215302e-7
4844 2.1101788958215302e-7
4845 2.1101788958215302e-7
4846 2.1101788958215302e-7
4847 2.1101788958215302e-7
4848 2.1101788958215302e-7
4849 2.1101788958215302e-7
4850 2.1101788958215302e-7
4851 2.1101788958215302e-7
4852 2.1101788958215302e-7
4853 2.1101788958215302e-7
4854 2.1101788958215302e-7
4855 2.1101788958215302e-7
4856 2.1101788958215302e-7
4857 2.1101788958215302e-7
4858 2.1119412876698028e-7
4859 2.1119412876698028e-7
4860 2.1119412876698028e-7
4861 2.1119412876698028e-7
4862 2.1119412876698028e-7
4863 2.1119412876698028e-7
4864 2.1119412876698028e-7
4865 2.1199201326656035e-7
4866 2.1199201326656035e-7
4867 2.1199201326656035e-7
4868 2.1199201326656035e-7
4869 2.1199201326656035e-7
4870 2.1199201326656035e-7
4871 2.1199201326656035e-7
4872 2.1253515165752312e-7
4873 2.1253515165752312e-7
4874 2.1253515165752312e-7
4875 2.1253515165752312e-7
4876 2.1253515165752312e-7
4877 2.1253515165752312e-7
4878 2.129901698448904e-7
4879 2.129901698448904e-7
4880 2.129901698448904e-7
4881 2.129901698448904e-7
4882 2.129901698448904e-7
4883 2.129901698448904e-7
4884 2.129901698448904e-7
4885 2.129901698448904e-7
4886 2.129901698448904e-7
4887 2.129901698448904e-7
4888 2.129901698448904e-7
4889 2.129901698448904e-7
4890 2.136502664453195e-7
4891 2.136502664453195e-7
4892 2.136502664453195e-7
4893 2.136502664453195e-7
4894 2.146275945563286e-7
4895 2.146275945563286e-7
4896 2.146275945563286e-7
4897 2.146275945563286e-7
4898 2.146275945563286e-7
4899 2.146275945563286e-7
4900 2.146275945563286e-7
4901 2.1504416023565587e-7
4902 2.1504416023565587e-7
4903 2.1504416023565587e-7
4904 2.1504416023565587e-7
4905 2.1504416023565587e-7
4906 2.1504416023565587e-7
4907 2.1504416023565587e-7
4908 2.1504416023565587e-7
4909 2.1504416023565587e-7
4910 2.1504416023565587e-7
4911 2.153325519068195e-7
4912 2.153325519068195e-7
4913 2.153325519068195e-7
4914 2.153325519068195e-7
4915 2.153325519068195e-7
4916 2.153325519068195e-7
4917 2.153325519068195e-7
4918 2.153325519068195e-7
4919 2.1564978280621766e-7
4920 2.1564978280621766e-7
4921 2.1564978280621766e-7
4922 2.1564978280621766e-7
4923 2.1564978280621766e-7
4924 2.1564978280621766e-7
4925 2.1564978280621766e-7
4926 2.1564978280621766e-7
4927 2.1564978280621766e-7
4928 2.1564978280621766e-7
4929 2.1564978280621766e-7
4930 2.1564978280621766e-7
4931 2.1564978280621766e-7
4932 2.1564978280621766e-7
4933 2.1564978280621766e-7
4934 2.1564978280621766e-7
4935 2.1564978280621766e-7
4936 2.1564978280621766e-7
4937 2.1564978280621766e-7
4938 2.1564978280621766e-7
4939 2.1585806503469942e-7
4940 2.1585806503469942e-7
4941 2.1585806503469942e-7
4942 2.1585806503469942e-7
4943 2.1585806503469942e-7
4944 2.1585806503469942e-7
4945 2.1585806503469942e-7
4946 2.1585806503469942e-7
4947 2.1585806503469942e-7
4948 2.1595419538802666e-7
4949 2.1595419538802666e-7
4950 2.1637717053173945e-7
4951 2.1637717053173945e-7
4952 2.1637717053173945e-7
4953 2.1637717053173945e-7
4954 2.1637717053173945e-7
4955 2.1637717053173945e-7
4956 2.1637717053173945e-7
4957 2.1637717053173945e-7
4958 2.1637717053173945e-7
4959 2.1637717053173945e-7
4960 2.1637717053173945e-7
4961 2.1637717053173945e-7
4962 2.1637717053173945e-7
4963 2.1637717053173945e-7
4964 2.1637717053173945e-7
4965 2.1637717053173945e-7
4966 2.1637717053173945e-7
4967 2.1637717053173945e-7
4968 2.1637717053173945e-7
4969 2.1637717053173945e-7
4970 2.1637717053173945e-7
4971 2.1637717053173945e-7
4972 2.1637717053173945e-7
4973 2.1637717053173945e-7
4974 2.1637717053173945e-7
4975 2.1637717053173945e-7
4976 2.1637717053173945e-7
4977 2.1637717053173945e-7
4978 2.1637717053173945e-7
4979 2.1637717053173945e-7
4980 2.1637717053173945e-7
4981 2.1637717053173945e-7
4982 2.1637717053173945e-7
4983 2.1637717053173945e-7
4984 2.1637717053173945e-7
4985 2.1637717053173945e-7
4986 2.1637717053173945e-7
4987 2.1637717053173945e-7
4988 2.1637717053173945e-7
4989 2.1637717053173945e-7
4990 2.1637717053173945e-7
4991 2.1637717053173945e-7
4992 2.1637717053173945e-7
4993 2.1637717053173945e-7
4994 2.1637717053173945e-7
4995 2.1637717053173945e-7
4996 2.1637717053173945e-7
4997 2.1637717053173945e-7
4998 2.1637717053173945e-7
4999 2.1637717053173945e-7
5000 2.1637717053173945e-7
5001 2.1637717053173945e-7
5002 2.1637717053173945e-7
5003 2.1637717053173945e-7
5004 2.1637717053173945e-7
5005 2.1637717053173945e-7
5006 2.1637717053173945e-7
5007 2.1637717053173945e-7
5008 2.1637717053173945e-7
5009 2.1637717053173945e-7
5010 2.1637717053173945e-7
5011 2.1637717053173945e-7
5012 2.1637717053173945e-7
5013 2.1637717053173945e-7
5014 2.1637717053173945e-7
5015 2.1637717053173945e-7
5016 2.1637717053173945e-7
5017 2.1637717053173945e-7
5018 2.1637717053173945e-7
5019 2.1637717053173945e-7
5020 2.1637717053173945e-7
5021 2.1637717053173945e-7
5022 2.1637717053173945e-7
5023 2.1637717053173945e-7
5024 2.1637717053173945e-7
5025 2.1637717053173945e-7
5026 2.1637717053173945e-7
5027 2.1637717053173945e-7
5028 2.1637717053173945e-7
5029 2.1637717053173945e-7
5030 2.1637717053173945e-7
5031 2.1637717053173945e-7
5032 2.1637717053173945e-7
5033 2.1637717053173945e-7
5034 2.1637717053173945e-7
5035 2.1637717053173945e-7
5036 2.1637717053173945e-7
5037 2.1637717053173945e-7
5038 2.1637717053173945e-7
5039 2.1637717053173945e-7
5040 2.1637717053173945e-7
5041 2.1637717053173945e-7
5042 2.1637717053173945e-7
5043 2.1637717053173945e-7
5044 2.1637717053173945e-7
5045 2.1637717053173945e-7
5046 2.1637717053173945e-7
5047 2.1637717053173945e-7
5048 2.1637717053173945e-7
5049 2.1637717053173945e-7
5050 2.1637717053173945e-7
5051 2.1637717053173945e-7
5052 2.1637717053173945e-7
5053 2.1637717053173945e-7
5054 2.1637717053173945e-7
5055 2.1637717053173945e-7
5056 2.1637717053173945e-7
5057 2.1637717053173945e-7
5058 2.1637717053173945e-7
5059 2.1637717053173945e-7
5060 2.1637717053173945e-7
5061 2.1637717053173945e-7
5062 2.1637717053173945e-7
5063 2.1637717053173945e-7
5064 2.1637717053173945e-7
5065 2.1637717053173945e-7
5066 2.1637717053173945e-7
5067 2.1637717053173945e-7
5068 2.1637717053173945e-7
5069 2.1637717053173945e-7
5070 2.1637717053173945e-7
5071 2.1637717053173945e-7
5072 2.1637717053173945e-7
5073 2.1701964309144943e-7
5074 2.1701964309144943e-7
5075 2.1701964309144943e-7
5076 2.1701964309144943e-7
5077 2.1701964309144943e-7
5078 2.1701964309144943e-7
5079 2.1701964309144943e-7
5080 2.1701964309144943e-7
5081 2.1701964309144943e-7
5082 2.1701964309144943e-7
5083 2.1701964309144943e-7
5084 2.1701964309144943e-7
5085 2.1701964309144943e-7
5086 2.1701964309144943e-7
5087 2.1701964309144943e-7
5088 2.1701964309144943e-7
5089 2.1701964309144943e-7
5090 2.1701964309144943e-7
5091 2.1701964309144943e-7
5092 2.1701964309144943e-7
5093 2.1701964309144943e-7
5094 2.1701964309144943e-7
5095 2.1701964309144943e-7
5096 2.1701964309144943e-7
5097 2.1701964309144943e-7
5098 2.1701964309144943e-7
5099 2.1701964309144943e-7
5100 2.1701964309144943e-7
5101 2.1701964309144943e-7
5102 2.1701964309144943e-7
5103 2.1701964309144943e-7
5104 2.1701964309144943e-7
5105 2.1701964309144943e-7
5106 2.1701964309144943e-7
5107 2.1701964309144943e-7
5108 2.1701964309144943e-7
5109 2.1701964309144943e-7
5110 2.1701964309144943e-7
5111 2.1701964309144943e-7
5112 2.1701964309144943e-7
5113 2.1701964309144943e-7
5114 2.1753554355070576e-7
5115 2.1753554355070576e-7
5116 2.1753554355070576e-7
5117 2.1753554355070576e-7
5118 2.1753554355070576e-7
5119 2.1753554355070576e-7
5120 2.1753554355070576e-7
5121 2.1753554355070576e-7
5122 2.1805625156663763e-7
5123 2.1805625156663763e-7
5124 2.1805625156663763e-7
5125 2.1805625156663763e-7
5126 2.1830619134094312e-7
5127 2.1830619134094312e-7
5128 2.1830619134094312e-7
5129 2.1830619134094312e-7
5130 2.1830619134094312e-7
5131 2.1868911145772402e-7
5132 2.1868911145772402e-7
5133 2.1868911145772402e-7
5134 2.1868911145772402e-7
5135 2.1868911145772402e-7
5136 2.1868911145772402e-7
5137 2.1868911145772402e-7
5138 2.1868911145772402e-7
5139 2.1868911145772402e-7
5140 2.1868911145772402e-7
5141 2.1868911145772402e-7
5142 2.1868911145772402e-7
5143 2.1868911145772402e-7
5144 2.1868911145772402e-7
5145 2.1868911145772402e-7
5146 2.1868911145772402e-7
5147 2.1868911145772402e-7
5148 2.1868911145772402e-7
5149 2.1868911145772402e-7
5150 2.1930755112351123e-7
5151 2.1930755112351123e-7
5152 2.1930755112351123e-7
5153 2.1930755112351123e-7
5154 2.1930755112351123e-7
5155 2.1930755112351123e-7
5156 2.1930755112351123e-7
5157 2.1930755112351123e-7
5158 2.1930755112351123e-7
5159 2.1930755112351123e-7
5160 2.1930755112351123e-7
5161 2.1930755112351123e-7
5162 2.1930755112351123e-7
5163 2.1959914783245856e-7
5164 2.1959914783245856e-7
5165 2.1959914783245856e-7
5166 2.1959914783245856e-7
5167 2.1959914783245856e-7
5168 2.1959914783245856e-7
5169 2.2026725580498313e-7
5170 2.2051719496810673e-7
5171 2.2051719496810673e-7
5172 2.2051719496810673e-7
5173 2.2051719496810673e-7
5174 2.2051719496810673e-7
5175 2.2051719496810673e-7
5176 2.2051719496810673e-7
5177 2.2051719496810673e-7
5178 2.2051719496810673e-7
5179 2.2051719496810673e-7
5180 2.2051719496810673e-7
5181 2.2094016950063763e-7
5182 2.2094016950063763e-7
5183 2.2094016950063763e-7
5184 2.2094016950063763e-7
5185 2.2131187442990309e-7
5186 2.2131187442990309e-7
5187 2.2131187442990309e-7
5188 2.2131187442990309e-7
5189 2.2131187442990309e-7
5190 2.2131187442990309e-7
5191 2.2226677216588133e-7
5192 2.2226677216588133e-7
5193 2.2226677216588133e-7
5194 2.2226677216588133e-7
5195 2.2226677216588133e-7
5196 2.2226677216588133e-7
5197 2.2226677216588133e-7
5198 2.2226677216588133e-7
5199 2.2226677216588133e-7
5200 2.2226677216588133e-7
5201 2.2226677216588133e-7
5202 2.2226677216588133e-7
5203 2.2226677216588133e-7
5204 2.2226677216588133e-7
5205 2.2226677216588133e-7
5206 2.2264809098613413e-7
5207 2.2264809098613413e-7
5208 2.2264809098613413e-7
5209 2.2264809098613413e-7
5210 2.2264809098613413e-7
5211 2.2316719587199228e-7
5212 2.2316719587199228e-7
5213 2.2316719587199228e-7
5214 2.2316719587199228e-7
5215 2.2316719587199228e-7
5216 2.2316719587199228e-7
5217 2.2316719587199228e-7
5218 2.2316719587199228e-7
5219 2.2316719587199228e-7
5220 2.2316719587199228e-7
5221 2.2345238311655408e-7
5222 2.2345238311655408e-7
5223 2.2345238311655408e-7
5224 2.2345238311655408e-7
5225 2.2345238311655408e-7
5226 2.2345238311655408e-7
5227 2.2345238311655408e-7
5228 2.2345238311655408e-7
5229 2.2345238311655408e-7
5230 2.238513253663441e-7
5231 2.238513253663441e-7
5232 2.238513253663441e-7
5233 2.238513253663441e-7
5234 2.238513253663441e-7
5235 2.238513253663441e-7
5236 2.238513253663441e-7
5237 2.238513253663441e-7
5238 2.238513253663441e-7
5239 2.238513253663441e-7
5240 2.238513253663441e-7
5241 2.238513253663441e-7
5242 2.238513253663441e-7
5243 2.238513253663441e-7
5244 2.2443131374645507e-7
5245 2.2443131374645507e-7
5246 2.2443131374645507e-7
5247 2.2443131374645507e-7
5248 2.2443131374645507e-7
5249 2.2443131374645507e-7
5250 2.2443131374645507e-7
5251 2.2443131374645507e-7
5252 2.250801951593687e-7
5253 2.250801951593687e-7
5254 2.250801951593687e-7
5255 2.250801951593687e-7
5256 2.250801951593687e-7
5257 2.250801951593687e-7
5258 2.250801951593687e-7
5259 2.250801951593687e-7
5260 2.250801951593687e-7
5261 2.250801951593687e-7
5262 2.250801951593687e-7
5263 2.250801951593687e-7
5264 2.250801951593687e-7
5265 2.250801951593687e-7
5266 2.250801951593687e-7
5267 2.250801951593687e-7
5268 2.250801951593687e-7
5269 2.250801951593687e-7
5270 2.250801951593687e-7
5271 2.250801951593687e-7
5272 2.2549996526529777e-7
5273 2.2549996526529777e-7
5274 2.2549996526529777e-7
5275 2.2549996526529777e-7
5276 2.2672082368622684e-7
5277 2.2672082368622684e-7
5278 2.2672082368622684e-7
5279 2.2672082368622684e-7
5280 2.2672082368622684e-7
5281 2.2672082368622684e-7
5282 2.2672082368622684e-7
5283 2.2672082368622684e-7
5284 2.2672082368622684e-7
5285 2.2672082368622684e-7
5286 2.2672082368622684e-7
5287 2.2672082368622684e-7
5288 2.2672082368622684e-7
5289 2.2672082368622684e-7
5290 2.2672082368622684e-7
5291 2.272207026236559e-7
5292 2.272207026236559e-7
5293 2.2755555817495507e-7
5294 2.2755555817495507e-7
5295 2.2755555817495507e-7
5296 2.2755555817495507e-7
5297 2.2755555817495507e-7
5298 2.2755555817495507e-7
5299 2.2803300673735323e-7
5300 2.2803300673735323e-7
5301 2.2803300673735323e-7
5302 2.2803300673735323e-7
5303 2.2803300673735323e-7
5304 2.2803300673735323e-7
5305 2.2803300673735323e-7
5306 2.2803300673735323e-7
5307 2.2803300673735323e-7
5308 2.2803300673735323e-7
5309 2.2803300673735323e-7
5310 2.2803300673735323e-7
5311 2.2803300673735323e-7
5312 2.2803300673735323e-7
5313 2.2803300673735323e-7
5314 2.2803300673735323e-7
5315 2.2803300673735323e-7
5316 2.2803300673735323e-7
5317 2.2803300673735323e-7
5318 2.2803300673735323e-7
5319 2.2803300673735323e-7
5320 2.2803300673735323e-7
5321 2.2803300673735323e-7
5322 2.2803300673735323e-7
5323 2.2803300673735323e-7
5324 2.2803300673735323e-7
5325 2.3037378689157234e-7
5326 2.3037378689157234e-7
5327 2.3037378689157234e-7
5328 2.3037378689157234e-7
5329 2.3037378689157234e-7
5330 2.3037378689157234e-7
5331 2.3037378689157234e-7
5332 2.3037378689157234e-7
5333 2.3037378689157234e-7
5334 2.3037378689157234e-7
5335 2.3037378689157234e-7
5336 2.3058046782352597e-7
5337 2.3058046782352597e-7
5338 2.3058046782352597e-7
5339 2.3058046782352597e-7
5340 2.3058046782352597e-7
5341 2.3058046782352597e-7
5342 2.3058046782352597e-7
5343 2.3058046782352597e-7
5344 2.3058046782352597e-7
5345 2.3058046782352597e-7
5346 2.3058046782352597e-7
5347 2.3058046782352597e-7
5348 2.3058046782352597e-7
5349 2.3058046782352597e-7
5350 2.3058046782352597e-7
5351 2.3058046782352597e-7
5352 2.3058046782352597e-7
5353 2.3058046782352597e-7
5354 2.3081598798371418e-7
5355 2.3081598798371418e-7
5356 2.3107073409233147e-7
5357 2.3107073409233147e-7
5358 2.3125658594578232e-7
5359 2.3125658594578232e-7
5360 2.3125658594578232e-7
5361 2.3125658594578232e-7
5362 2.3125658594578232e-7
5363 2.3125658594578232e-7
5364 2.3125658594578232e-7
5365 2.3125658594578232e-7
5366 2.3125658594578232e-7
5367 2.3125658594578232e-7
5368 2.3125658594578232e-7
5369 2.3125658594578232e-7
5370 2.3125658594578232e-7
5371 2.3125658594578232e-7
5372 2.3125658594578232e-7
5373 2.3125658594578232e-7
5374 2.3125658594578232e-7
5375 2.3125658594578232e-7
5376 2.3125658594578232e-7
5377 2.3125658594578232e-7
5378 2.3125658594578232e-7
5379 2.3125658594578232e-7
5380 2.3125658594578232e-7
5381 2.3125658594578232e-7
5382 2.3125658594578232e-7
5383 2.3125658594578232e-7
5384 2.3125658594578232e-7
5385 2.3125658594578232e-7
5386 2.3125658594578232e-7
5387 2.3125658594578232e-7
5388 2.3125658594578232e-7
5389 2.3125658594578232e-7
5390 2.3125658594578232e-7
5391 2.3125658594578232e-7
5392 2.3125658594578232e-7
5393 2.3125658594578232e-7
5394 2.3125658594578232e-7
5395 2.3125658594578232e-7
5396 2.3125658594578232e-7
5397 2.3125658594578232e-7
5398 2.3125658594578232e-7
5399 2.3125658594578232e-7
5400 2.3125658594578232e-7
5401 2.3125658594578232e-7
5402 2.3125658594578232e-7
5403 2.3125658594578232e-7
5404 2.3125658594578232e-7
5405 2.3125658594578232e-7
5406 2.3125658594578232e-7
5407 2.3125658594578232e-7
5408 2.3125658594578232e-7
5409 2.3125658594578232e-7
5410 2.317644762553069e-7
5411 2.317644762553069e-7
5412 2.317644762553069e-7
5413 2.317644762553069e-7
5414 2.3218424697241783e-7
5415 2.3218424697241783e-7
5416 2.3218424697241783e-7
5417 2.3218424697241783e-7
5418 2.325735759424024e-7
5419 2.325735759424024e-7
5420 2.325735759424024e-7
5421 2.325735759424024e-7
5422 2.3308467067852879e-7
5423 2.3308467067852879e-7
5424 2.3308467067852879e-7
5425 2.3308467067852879e-7
5426 2.3308467067852879e-7
5427 2.3308467067852879e-7
5428 2.3308467067852879e-7
5429 2.3308467067852879e-7
5430 2.3308467067852879e-7
5431 2.3308467067852879e-7
5432 2.3308467067852879e-7
5433 2.3308467067852879e-7
5434 2.3308467067852879e-7
5435 2.3308467067852879e-7
5436 2.3308467067852879e-7
5437 2.3308467067852879e-7
5438 2.3308467067852879e-7
5439 2.3308467067852879e-7
5440 2.3308467067852879e-7
5441 2.3308467067852879e-7
5442 2.3308467067852879e-7
5443 2.3308467067852879e-7
5444 2.3308467067852879e-7
5445 2.3308467067852879e-7
5446 2.3308467067852879e-7
5447 2.3308467067852879e-7
5448 2.3308467067852879e-7
5449 2.3308467067852879e-7
5450 2.3308467067852879e-7
5451 2.3349162368923245e-7
5452 2.3349162368923245e-7
5453 2.3349162368923245e-7
5454 2.3349162368923245e-7
5455 2.3349162368923245e-7
5456 2.3349162368923245e-7
5457 2.3349162368923245e-7
5458 2.3349162368923245e-7
5459 2.3349162368923245e-7
5460 2.3461635175683428e-7
5461 2.3461635175683428e-7
5462 2.3461635175683428e-7
5463 2.3461635175683428e-7
5464 2.3461635175683428e-7
5465 2.3461635175683428e-7
5466 2.3461635175683428e-7
5467 2.3461635175683428e-7
5468 2.3461635175683428e-7
5469 2.3461635175683428e-7
5470 2.3461635175683428e-7
5471 2.3461635175683428e-7
5472 2.3461635175683428e-7
5473 2.3461635175683428e-7
5474 2.3461635175683428e-7
5475 2.3461635175683428e-7
5476 2.3503291743616154e-7
5477 2.3503291743616154e-7
5478 2.355904754412416e-7
5479 2.355904754412416e-7
5480 2.355904754412416e-7
5481 2.355904754412416e-7
5482 2.355904754412416e-7
5483 2.3572345578371703e-7
5484 2.3572345578371703e-7
5485 2.3572345578371703e-7
5486 2.3572345578371703e-7
5487 2.3572345578371703e-7
5488 2.3572345578371703e-7
5489 2.3572345578371703e-7
5490 2.3572345578371703e-7
5491 2.3572345578371703e-7
5492 2.3572345578371703e-7
5493 2.3572345578371703e-7
5494 2.3572345578371703e-7
5495 2.3572345578371703e-7
5496 2.364188004655843e-7
5497 2.364188004655843e-7
5498 2.364188004655843e-7
5499 2.364188004655843e-7
5500 2.364188004655843e-7
5501 2.3661747002544245e-7
5502 2.3661747002544245e-7
5503 2.3661747002544245e-7
5504 2.3661747002544245e-7
5505 2.3661747002544245e-7
5506 2.3661747002544245e-7
5507 2.3784794172617701e-7
5508 2.3784794172617701e-7
5509 2.3784794172617701e-7
5510 2.3784794172617701e-7
5511 2.3784794172617701e-7
5512 2.3784794172617701e-7
5513 2.3784794172617701e-7
5514 2.3784794172617701e-7
5515 2.3784794172617701e-7
5516 2.3784794172617701e-7
5517 2.3784794172617701e-7
5518 2.3784794172617701e-7
5519 2.3784794172617701e-7
5520 2.3784794172617701e-7
5521 2.3784794172617701e-7
5522 2.3784794172617701e-7
5523 2.3784794172617701e-7
5524 2.3784794172617701e-7
5525 2.3784794172617701e-7
5526 2.3784794172617701e-7
5527 2.3784794172617701e-7
5528 2.3784794172617701e-7
5529 2.3784794172617701e-7
5530 2.3784794172617701e-7
5531 2.3784794172617701e-7
5532 2.3784794172617701e-7
5533 2.3784794172617701e-7
5534 2.3784794172617701e-7
5535 2.3784794172617701e-7
5536 2.3784794172617701e-7
5537 2.3784794172617701e-7
5538 2.3784794172617701e-7
5539 2.3784794172617701e-7
5540 2.3784794172617701e-7
5541 2.3784794172617701e-7
5542 2.3784794172617701e-7
5543 2.3784794172617701e-7
5544 2.3784794172617701e-7
5545 2.3784794172617701e-7
5546 2.3784794172617701e-7
5547 2.3784794172617701e-7
5548 2.3784794172617701e-7
5549 2.3784794172617701e-7
5550 2.3784794172617701e-7
5551 2.3784794172617701e-7
5552 2.3784794172617701e-7
5553 2.3784794172617701e-7
5554 2.3784794172617701e-7
5555 2.3784794172617701e-7
5556 2.3784794172617701e-7
5557 2.3784794172617701e-7
5558 2.3784794172617701e-7
5559 2.3861698638634065e-7
5560 2.3861698638634065e-7
5561 2.3861698638634065e-7
5562 2.3861698638634065e-7
5563 2.3861698638634065e-7
5564 2.3861698638634065e-7
5565 2.3874355787561244e-7
5566 2.3874355787561244e-7
5567 2.3874355787561244e-7
5568 2.3874355787561244e-7
5569 2.3874355787561244e-7
5570 2.3874355787561244e-7
5571 2.3874355787561244e-7
5572 2.3899189574220795e-7
5573 2.3899189574220795e-7
5574 2.3899189574220795e-7
5575 2.4003330994052606e-7
5576 2.4003330994052606e-7
5577 2.4003330994052606e-7
5578 2.4003330994052606e-7
5579 2.4003330994052606e-7
5580 2.4003330994052606e-7
5581 2.4003330994052606e-7
5582 2.4003330994052606e-7
5583 2.4003330994052606e-7
5584 2.4003330994052606e-7
5585 2.4003330994052606e-7
5586 2.4003330994052606e-7
5587 2.4003330994052606e-7
5588 2.4003330994052606e-7
5589 2.4003330994052606e-7
5590 2.4003330994052606e-7
5591 2.4003330994052606e-7
5592 2.4003330994052606e-7
5593 2.4003330994052606e-7
5594 2.4003330994052606e-7
5595 2.4003330994052606e-7
5596 2.406389325110879e-7
5597 2.406389325110879e-7
5598 2.406389325110879e-7
5599 2.406389325110879e-7
5600 2.406389325110879e-7
5601 2.406389325110879e-7
5602 2.406389325110879e-7
5603 2.406389325110879e-7
5604 2.406389325110879e-7
5605 2.406389325110879e-7
5606 2.406389325110879e-7
5607 2.406389325110879e-7
5608 2.406389325110879e-7
5609 2.406389325110879e-7
5610 2.406389325110879e-7
5611 2.406389325110879e-7
5612 2.406389325110879e-7
5613 2.406389325110879e-7
5614 2.406389325110879e-7
5615 2.406389325110879e-7
5616 2.406389325110879e-7
5617 2.406389325110879e-7
5618 2.408231830680106e-7
5619 2.408231830680106e-7
5620 2.408231830680106e-7
5621 2.408231830680106e-7
5622 2.408231830680106e-7
5623 2.408231830680106e-7
5624 2.408231830680106e-7
5625 2.408231830680106e-7
5626 2.408231830680106e-7
5627 2.408231830680106e-7
5628 2.408231830680106e-7
5629 2.408231830680106e-7
5630 2.408231830680106e-7
5631 2.408231830680106e-7
5632 2.408231830680106e-7
5633 2.408231830680106e-7
5634 2.408231830680106e-7
5635 2.408231830680106e-7
5636 2.408231830680106e-7
5637 2.408231830680106e-7
5638 2.408231830680106e-7
5639 2.408231830680106e-7
5640 2.408231830680106e-7
5641 2.408231830680106e-7
5642 2.408231830680106e-7
5643 2.408231830680106e-7
5644 2.408231830680106e-7
5645 2.408231830680106e-7
5646 2.408231830680106e-7
5647 2.408231830680106e-7
5648 2.408231830680106e-7
5649 2.408231830680106e-7
5650 2.408231830680106e-7
5651 2.408231830680106e-7
5652 2.408231830680106e-7
5653 2.408231830680106e-7
5654 2.408231830680106e-7
5655 2.408231830680106e-7
5656 2.412589753069488e-7
5657 2.412589753069488e-7
5658 2.412589753069488e-7
5659 2.4162587390190246e-7
5660 2.4162587390190246e-7
5661 2.4162587390190246e-7
5662 2.4162587390190246e-7
5663 2.4162587390190246e-7
5664 2.4162587390190246e-7
5665 2.4162587390190246e-7
5666 2.4162587390190246e-7
5667 2.4162587390190246e-7
5668 2.4162587390190246e-7
5669 2.4162587390190246e-7
5670 2.4162587390190246e-7
5671 2.4162587390190246e-7
5672 2.4162587390190246e-7
5673 2.421177420784179e-7
5674 2.421177420784179e-7
5675 2.421177420784179e-7
5676 2.421177420784179e-7
5677 2.421177420784179e-7
5678 2.421177420784179e-7
5679 2.421177420784179e-7
5680 2.421177420784179e-7
5681 2.421177420784179e-7
5682 2.421177420784179e-7
5683 2.421177420784179e-7
5684 2.421177420784179e-7
5685 2.421177420784179e-7
5686 2.421177420784179e-7
5687 2.421177420784179e-7
5688 2.421177420784179e-7
5689 2.421177420784179e-7
5690 2.421177420784179e-7
5691 2.421177420784179e-7
5692 2.421177420784179e-7
5693 2.421177420784179e-7
5694 2.421177420784179e-7
5695 2.421177420784179e-7
5696 2.421177420784179e-7
5697 2.421177420784179e-7
5698 2.421177420784179e-7
5699 2.421177420784179e-7
5700 2.421177420784179e-7
5701 2.421177420784179e-7
5702 2.421177420784179e-7
5703 2.421177420784179e-7
5704 2.421177420784179e-7
5705 2.421177420784179e-7
5706 2.421177420784179e-7
5707 2.421177420784179e-7
5708 2.421177420784179e-7
5709 2.421177420784179e-7
5710 2.421177420784179e-7
5711 2.421177420784179e-7
5712 2.421177420784179e-7
5713 2.421177420784179e-7
5714 2.421177420784179e-7
5715 2.421177420784179e-7
5716 2.421177420784179e-7
5717 2.421177420784179e-7
5718 2.421177420784179e-7
5719 2.421177420784179e-7
5720 2.421177420784179e-7
5721 2.421177420784179e-7
5722 2.421177420784179e-7
5723 2.421177420784179e-7
5724 2.421177420784179e-7
5725 2.421177420784179e-7
5726 2.421177420784179e-7
5727 2.421177420784179e-7
5728 2.421177420784179e-7
5729 2.421177420784179e-7
5730 2.421177420784179e-7
5731 2.421177420784179e-7
5732 2.421177420784179e-7
5733 2.421177420784179e-7
5734 2.421177420784179e-7
5735 2.421177420784179e-7
5736 2.421177420784179e-7
5737 2.4242536092037434e-7
5738 2.4242536092037434e-7
5739 2.4242536092037434e-7
5740 2.4242536092037434e-7
5741 2.4242536092037434e-7
5742 2.430662315723743e-7
5743 2.430662315723743e-7
5744 2.430662315723743e-7
5745 2.4347799091738975e-7
5746 2.4347799091738975e-7
5747 2.4347799091738975e-7
5748 2.4347799091738975e-7
5749 2.4347799091738975e-7
5750 2.4347799091738975e-7
5751 2.4347799091738975e-7
5752 2.435869389771243e-7
5753 2.435869389771243e-7
5754 2.435869389771243e-7
5755 2.435869389771243e-7
5756 2.435869389771243e-7
5757 2.435869389771243e-7
5758 2.435869389771243e-7
5759 2.435869389771243e-7
5760 2.435869389771243e-7
5761 2.435869389771243e-7
5762 2.4390737430312426e-7
5763 2.4390737430312426e-7
5764 2.4390737430312426e-7
5765 2.4390737430312426e-7
5766 2.4390737430312426e-7
5767 2.4390737430312426e-7
5768 2.4390737430312426e-7
5769 2.4402753693919236e-7
5770 2.4402753693919236e-7
5771 2.4479337717275415e-7
5772 2.4603346215329417e-7
5773 2.4603346215329417e-7
5774 2.4603346215329417e-7
5775 2.4603346215329417e-7
5776 2.4603346215329417e-7
5777 2.4603346215329417e-7
5778 2.4603346215329417e-7
5779 2.4603346215329417e-7
5780 2.4603346215329417e-7
5781 2.4603346215329417e-7
5782 2.4603346215329417e-7
5783 2.4603346215329417e-7
5784 2.4603346215329417e-7
5785 2.4603346215329417e-7
5786 2.4603346215329417e-7
5787 2.4603346215329417e-7
5788 2.4603346215329417e-7
5789 2.4603346215329417e-7
5790 2.4603346215329417e-7
5791 2.4603346215329417e-7
5792 2.4603346215329417e-7
5793 2.4603346215329417e-7
5794 2.4603346215329417e-7
5795 2.4603346215329417e-7
5796 2.4603346215329417e-7
5797 2.4637312403890513e-7
5798 2.4637312403890513e-7
5799 2.4637312403890513e-7
5800 2.4637312403890513e-7
5801 2.4637312403890513e-7
5802 2.4637312403890513e-7
5803 2.4637312403890513e-7
5804 2.4637312403890513e-7
5805 2.4637312403890513e-7
5806 2.4637312403890513e-7
5807 2.4637312403890513e-7
5808 2.4637312403890513e-7
5809 2.466695264709824e-7
5810 2.466695264709824e-7
5811 2.466695264709824e-7
5812 2.466695264709824e-7
5813 2.466695264709824e-7
5814 2.466695264709824e-7
5815 2.466695264709824e-7
5816 2.466695264709824e-7
5817 2.466695264709824e-7
5818 2.466695264709824e-7
5819 2.471165332862542e-7
5820 2.471165332862542e-7
5821 2.471165332862542e-7
5822 2.471165332862542e-7
5823 2.471165332862542e-7
5824 2.471165332862542e-7
5825 2.471165332862542e-7
5826 2.471165332862542e-7
5827 2.471165332862542e-7
5828 2.471165332862542e-7
5829 2.471165332862542e-7
5830 2.471165332862542e-7
5831 2.471165332862542e-7
5832 2.471165332862542e-7
5833 2.471165332862542e-7
5834 2.471165332862542e-7
5835 2.471165332862542e-7
5836 2.471165332862542e-7
5837 2.471165332862542e-7
5838 2.471165332862542e-7
5839 2.471165332862542e-7
5840 2.471165332862542e-7
5841 2.471165332862542e-7
5842 2.471165332862542e-7
5843 2.471165332862542e-7
5844 2.471165332862542e-7
5845 2.471165332862542e-7
5846 2.471165332862542e-7
5847 2.471165332862542e-7
5848 2.471165332862542e-7
5849 2.471165332862542e-7
5850 2.471165332862542e-7
5851 2.471165332862542e-7
5852 2.471165332862542e-7
5853 2.471165332862542e-7
5854 2.471165332862542e-7
5855 2.471165332862542e-7
5856 2.471165332862542e-7
5857 2.471165332862542e-7
5858 2.471165332862542e-7
5859 2.471165332862542e-7
5860 2.4737768763689324e-7
5861 2.4737768763689324e-7
5862 2.4737768763689324e-7
5863 2.4752188377806597e-7
5864 2.4752188377806597e-7
5865 2.4752188377806597e-7
5866 2.4752188377806597e-7
5867 2.4752188377806597e-7
5868 2.4752188377806597e-7
5869 2.4752188377806597e-7
5870 2.4752188377806597e-7
5871 2.4752188377806597e-7
5872 2.4752188377806597e-7
5873 2.4752188377806597e-7
5874 2.4752188377806597e-7
5875 2.4752188377806597e-7
5876 2.4814513038934687e-7
5877 2.4814513038934687e-7
5878 2.4814513038934687e-7
5879 2.4814513038934687e-7
5880 2.4814513038934687e-7
5881 2.4814513038934687e-7
5882 2.4814513038934687e-7
5883 2.4814513038934687e-7
5884 2.4814513038934687e-7
5885 2.4814513038934687e-7
5886 2.4814513038934687e-7
5887 2.4814513038934687e-7
5888 2.485873314814887e-7
5889 2.485873314814887e-7
5890 2.485873314814887e-7
5891 2.485873314814887e-7
5892 2.485873314814887e-7
5893 2.485873314814887e-7
5894 2.485873314814887e-7
5895 2.485873314814887e-7
5896 2.485873314814887e-7
5897 2.485873314814887e-7
5898 2.489045623808869e-7
5899 2.489045623808869e-7
5900 2.489045623808869e-7
5901 2.489045623808869e-7
5902 2.489045623808869e-7
5903 2.489045623808869e-7
5904 2.489045623808869e-7
5905 2.489045623808869e-7
5906 2.489045623808869e-7
5907 2.489045623808869e-7
5908 2.4906317813617693e-7
5909 2.4906317813617693e-7
5910 2.4906317813617693e-7
5911 2.4973128549751963e-7
5912 2.4973128549751963e-7
5913 2.4973128549751963e-7
5914 2.4973128549751963e-7
5915 2.4973128549751963e-7
5916 2.5016707773645783e-7
5917 2.5016707773645783e-7
5918 2.5016707773645783e-7
5919 2.5016707773645783e-7
5920 2.5016707773645783e-7
5921 2.5016707773645783e-7
5922 2.5016707773645783e-7
5923 2.5016707773645783e-7
5924 2.5016707773645783e-7
5925 2.5016707773645783e-7
5926 2.5016707773645783e-7
5927 2.5016707773645783e-7
5928 2.5016707773645783e-7
5929 2.5016707773645783e-7
5930 2.5016707773645783e-7
5931 2.5016707773645783e-7
5932 2.5016707773645783e-7
5933 2.5016707773645783e-7
5934 2.5016707773645783e-7
5935 2.5016707773645783e-7
5936 2.5016707773645783e-7
5937 2.5016707773645783e-7
5938 2.5016707773645783e-7
5939 2.5105628564387146e-7
5940 2.5105628564387146e-7
5941 2.5105628564387146e-7
5942 2.5105628564387146e-7
5943 2.5201278467637776e-7
5944 2.5201278467637776e-7
5945 2.5201278467637776e-7
5946 2.5321441714887775e-7
5947 2.5321441714887775e-7
5948 2.5321441714887775e-7
5949 2.5321441714887775e-7
5950 2.5372070493951045e-7
5951 2.5372070493951045e-7
5952 2.5372070493951045e-7
5953 2.543727907790259e-7
5954 2.543727907790259e-7
5955 2.543727907790259e-7
5956 2.543727907790259e-7
5957 2.543727907790259e-7
5958 2.543727907790259e-7
5959 2.543727907790259e-7
5960 2.543727907790259e-7
5961 2.543727907790259e-7
5962 2.543727907790259e-7
5963 2.543727907790259e-7
5964 2.543727907790259e-7
5965 2.54649967873856e-7
5966 2.54649967873856e-7
5967 2.54649967873856e-7
5968 2.54649967873856e-7
5969 2.54649967873856e-7
5970 2.54649967873856e-7
5971 2.54649967873856e-7
5972 2.54649967873856e-7
5973 2.54649967873856e-7
5974 2.54649967873856e-7
5975 2.54649967873856e-7
5976 2.54649967873856e-7
5977 2.54649967873856e-7
5978 2.54649967873856e-7
5979 2.54649967873856e-7
5980 2.54649967873856e-7
5981 2.54649967873856e-7
5982 2.54649967873856e-7
5983 2.54649967873856e-7
5984 2.54649967873856e-7
5985 2.550937708737078e-7
5986 2.550937708737078e-7
5987 2.550937708737078e-7
5988 2.550937708737078e-7
5989 2.550937708737078e-7
5990 2.550937708737078e-7
5991 2.550937708737078e-7
5992 2.550937708737078e-7
5993 2.550937708737078e-7
5994 2.550937708737078e-7
5995 2.550937708737078e-7
5996 2.550937708737078e-7
5997 2.550937708737078e-7
5998 2.557811047946615e-7
5999 2.557811047946615e-7
6000 2.557811047946615e-7
6001 2.557811047946615e-7
6002 2.557811047946615e-7
6003 2.557811047946615e-7
6004 2.5629380082731597e-7
6005 2.5629380082731597e-7
6006 2.5629380082731597e-7
6007 2.5668312979730053e-7
6008 2.5668312979730053e-7
6009 2.5668312979730053e-7
6010 2.5668312979730053e-7
6011 2.5668312979730053e-7
6012 2.5668312979730053e-7
6013 2.5668312979730053e-7
6014 2.5668312979730053e-7
6015 2.5668312979730053e-7
6016 2.5668312979730053e-7
6017 2.5668312979730053e-7
6018 2.5668312979730053e-7
6019 2.5668312979730053e-7
6020 2.5668312979730053e-7
6021 2.5691063858539323e-7
6022 2.5691063858539323e-7
6023 2.5691063858539323e-7
6024 2.5691063858539323e-7
6025 2.5691063858539323e-7
6026 2.5691063858539323e-7
6027 2.5691063858539323e-7
6028 2.5691063858539323e-7
6029 2.5691063858539323e-7
6030 2.5691063858539323e-7
6031 2.5691063858539323e-7
6032 2.5691063858539323e-7
6033 2.5691063858539323e-7
6034 2.577533838350351e-7
6035 2.577533838350351e-7
6036 2.581330995252141e-7
6037 2.5941644334810597e-7
6038 2.5941644334810597e-7
6039 2.5941644334810597e-7
6040 2.5941644334810597e-7
6041 2.5941644334810597e-7
6042 2.5941644334810597e-7
6043 2.5941644334810597e-7
6044 2.5941644334810597e-7
6045 2.5941644334810597e-7
6046 2.5941644334810597e-7
6047 2.5941644334810597e-7
6048 2.5941644334810597e-7
6049 2.5941644334810597e-7
6050 2.5941644334810597e-7
6051 2.5941644334810597e-7
6052 2.5941644334810597e-7
6053 2.5941644334810597e-7
6054 2.5941644334810597e-7
6055 2.5941644334810597e-7
6056 2.5941644334810597e-7
6057 2.5941644334810597e-7
6058 2.5941644334810597e-7
6059 2.5941644334810597e-7
6060 2.5941644334810597e-7
6061 2.5941644334810597e-7
6062 2.5941644334810597e-7
6063 2.5941644334810597e-7
6064 2.5941644334810597e-7
6065 2.5941644334810597e-7
6066 2.5941644334810597e-7
6067 2.5941644334810597e-7
6068 2.5941644334810597e-7
6069 2.5941644334810597e-7
6070 2.5941644334810597e-7
6071 2.5941644334810597e-7
6072 2.5941644334810597e-7
6073 2.5941644334810597e-7
6074 2.5941644334810597e-7
6075 2.5941644334810597e-7
6076 2.5941644334810597e-7
6077 2.5941644334810597e-7
6078 2.5941644334810597e-7
6079 2.5941644334810597e-7
6080 2.5941644334810597e-7
6081 2.5941644334810597e-7
6082 2.5941644334810597e-7
6083 2.5941644334810597e-7
6084 2.5941644334810597e-7
6085 2.5941644334810597e-7
6086 2.5941644334810597e-7
6087 2.5941644334810597e-7
6088 2.5941644334810597e-7
6089 2.5941644334810597e-7
6090 2.5941644334810597e-7
6091 2.5941644334810597e-7
6092 2.5941644334810597e-7
6093 2.5941644334810597e-7
6094 2.5941644334810597e-7
6095 2.608776276523532e-7
6096 2.608776276523532e-7
6097 2.6115480413600135e-7
6098 2.6115480413600135e-7
6099 2.6115480413600135e-7
6100 2.6182130958963407e-7
6101 2.6182130958963407e-7
6102 2.6182130958963407e-7
6103 2.6182130958963407e-7
6104 2.6182130958963407e-7
6105 2.6182130958963407e-7
6106 2.6182130958963407e-7
6107 2.6182130958963407e-7
6108 2.6182130958963407e-7
6109 2.6182130958963407e-7
6110 2.62162573382955e-7
6111 2.62162573382955e-7
6112 2.62162573382955e-7
6113 2.62162573382955e-7
6114 2.62162573382955e-7
6115 2.62162573382955e-7
6116 2.62162573382955e-7
6117 2.625727302090786e-7
6118 2.625727302090786e-7
6119 2.632039875812731e-7
6120 2.632039875812731e-7
6121 2.634763583417914e-7
6122 2.634763583417914e-7
6123 2.634763583417914e-7
6124 2.634763583417914e-7
6125 2.634763583417914e-7
6126 2.634763583417914e-7
6127 2.634763583417914e-7
6128 2.634763583417914e-7
6129 2.634763583417914e-7
6130 2.634763583417914e-7
6131 2.634763583417914e-7
6132 2.634763583417914e-7
6133 2.634763583417914e-7
6134 2.634763583417914e-7
6135 2.634763583417914e-7
6136 2.634763583417914e-7
6137 2.634763583417914e-7
6138 2.634763583417914e-7
6139 2.634763583417914e-7
6140 2.634763583417914e-7
6141 2.634763583417914e-7
6142 2.634763583417914e-7
6143 2.634763583417914e-7
6144 2.634763583417914e-7
6145 2.634763583417914e-7
6146 2.634763583417914e-7
6147 2.634763583417914e-7
6148 2.634763583417914e-7
6149 2.634763583417914e-7
6150 2.6519709570014956e-7
6151 2.6519709570014956e-7
6152 2.6519709570014956e-7
6153 2.6519709570014956e-7
6154 2.6519709570014956e-7
6155 2.6519709570014956e-7
6156 2.6519709570014956e-7
6157 2.6519709570014956e-7
6158 2.6519709570014956e-7
6159 2.6519709570014956e-7
6160 2.6519709570014956e-7
6161 2.6519709570014956e-7
6162 2.6519709570014956e-7
6163 2.6519709570014956e-7
6164 2.6519709570014956e-7
6165 2.6519709570014956e-7
6166 2.6519709570014956e-7
6167 2.6519709570014956e-7
6168 2.6519709570014956e-7
6169 2.6519709570014956e-7
6170 2.659693441757331e-7
6171 2.659693441757331e-7
6172 2.659693441757331e-7
6173 2.659693441757331e-7
6174 2.659693441757331e-7
6175 2.659693441757331e-7
6176 2.660238182056004e-7
6177 2.660238182056004e-7
6178 2.660238182056004e-7
6179 2.660238182056004e-7
6180 2.660238182056004e-7
6181 2.660238182056004e-7
6182 2.660238182056004e-7
6183 2.660238182056004e-7
6184 2.660238182056004e-7
6185 2.660238182056004e-7
6186 2.660238182056004e-7
6187 2.660238182056004e-7
6188 2.6681689575968677e-7
6189 2.6681689575968677e-7
6190 2.6681689575968677e-7
6191 2.6681689575968677e-7
6192 2.6681689575968677e-7
6193 2.6681689575968677e-7
6194 2.6681689575968677e-7
6195 2.6681689575968677e-7
6196 2.673087639362022e-7
6197 2.673087639362022e-7
6198 2.673087639362022e-7
6199 2.673087639362022e-7
6200 2.673087639362022e-7
6201 2.673087639362022e-7
6202 2.673087639362022e-7
6203 2.673087639362022e-7
6204 2.673087639362022e-7
6205 2.673087639362022e-7
6206 2.673087639362022e-7
6207 2.673087639362022e-7
6208 2.673087639362022e-7
6209 2.673087639362022e-7
6210 2.673087639362022e-7
6211 2.673087639362022e-7
6212 2.673087639362022e-7
6213 2.673087639362022e-7
6214 2.673087639362022e-7
6215 2.673087639362022e-7
6216 2.6784389156625135e-7
6217 2.6784389156625135e-7
6218 2.693275068567113e-7
6219 2.693275068567113e-7
6220 2.693275068567113e-7
6221 2.693275068567113e-7
6222 2.693275068567113e-7
6223 2.693275068567113e-7
6224 2.693275068567113e-7
6225 2.693275068567113e-7
6226 2.693275068567113e-7
6227 2.693275068567113e-7
6228 2.693275068567113e-7
6229 2.693275068567113e-7
6230 2.693275068567113e-7
6231 2.693275068567113e-7
6232 2.693275068567113e-7
6233 2.693275068567113e-7
6234 2.693275068567113e-7
6235 2.693275068567113e-7
6236 2.693275068567113e-7
6237 2.693275068567113e-7
6238 2.693275068567113e-7
6239 2.696191029544768e-7
6240 2.696191029544768e-7
6241 2.6989948386472676e-7
6242 2.701061654078623e-7
6243 2.701061654078623e-7
6244 2.701061654078623e-7
6245 2.701061654078623e-7
6246 2.701061654078623e-7
6247 2.701061654078623e-7
6248 2.7023754384262774e-7
6249 2.7023754384262774e-7
6250 2.7082554237247043e-7
6251 2.70956920196054e-7
6252 2.7125492514702313e-7
6253 2.7125492514702313e-7
6254 2.7125492514702313e-7
6255 2.7125492514702313e-7
6256 2.7125492514702313e-7
6257 2.7125492514702313e-7
6258 2.7125492514702313e-7
6259 2.7125492514702313e-7
6260 2.7125492514702313e-7
6261 2.7125492514702313e-7
6262 2.7125492514702313e-7
6263 2.7125492514702313e-7
6264 2.7149365034499505e-7
6265 2.7149365034499505e-7
6266 2.7149365034499505e-7
6267 2.7149365034499505e-7
6268 2.7149365034499505e-7
6269 2.7149365034499505e-7
6270 2.7149365034499505e-7
6271 2.7149365034499505e-7
6272 2.7149365034499505e-7
6273 2.7149365034499505e-7
6274 2.7149365034499505e-7
6275 2.7149365034499505e-7
6276 2.7149365034499505e-7
6277 2.7149365034499505e-7
6278 2.7149365034499505e-7
6279 2.7149365034499505e-7
6280 2.7149365034499505e-7
6281 2.7149365034499505e-7
6282 2.7149365034499505e-7
6283 2.7149365034499505e-7
6284 2.7149365034499505e-7
6285 2.7149365034499505e-7
6286 2.7149365034499505e-7
6287 2.7149365034499505e-7
6288 2.7149365034499505e-7
6289 2.7149365034499505e-7
6290 2.7149365034499505e-7
6291 2.7149365034499505e-7
6292 2.7149365034499505e-7
6293 2.7149365034499505e-7
6294 2.7149365034499505e-7
6295 2.7149365034499505e-7
6296 2.7263760436102596e-7
6297 2.7263760436102596e-7
6298 2.7263760436102596e-7
6299 2.7295804029820786e-7
6300 2.7295804029820786e-7
6301 2.7295804029820786e-7
6302 2.7378957036033427e-7
6303 2.7378957036033427e-7
6304 2.7378957036033427e-7
6305 2.7378957036033427e-7
6306 2.7378957036033427e-7
6307 2.7378957036033427e-7
6308 2.7378957036033427e-7
6309 2.7378957036033427e-7
6310 2.7423978282457165e-7
6311 2.7423978282457165e-7
6312 2.7423978282457165e-7
6313 2.7472684527795716e-7
6314 2.7472684527795716e-7
6315 2.7472684527795716e-7
6316 2.7472684527795716e-7
6317 2.7472684527795716e-7
6318 2.7472684527795716e-7
6319 2.7472684527795716e-7
6320 2.7472684527795716e-7
6321 2.7472684527795716e-7
6322 2.7472684527795716e-7
6323 2.7472684527795716e-7
6324 2.7472684527795716e-7
6325 2.7472684527795716e-7
6326 2.7472684527795716e-7
6327 2.7472684527795716e-7
6328 2.7472684527795716e-7
6329 2.7472684527795716e-7
6330 2.7472684527795716e-7
6331 2.7472684527795716e-7
6332 2.7472684527795716e-7
6333 2.7472684527795716e-7
6334 2.7472684527795716e-7
6335 2.7515783118258357e-7
6336 2.7515783118258357e-7
6337 2.753933507315899e-7
6338 2.753933507315899e-7
6339 2.753933507315899e-7
6340 2.753933507315899e-7
6341 2.753933507315899e-7
6342 2.753933507315899e-7
6343 2.753933507315899e-7
6344 2.753933507315899e-7
6345 2.753933507315899e-7
6346 2.753933507315899e-7
6347 2.753933507315899e-7
6348 2.753933507315899e-7
6349 2.760246081037844e-7
6350 2.760246081037844e-7
6351 2.760246081037844e-7
6352 2.760246081037844e-7
6353 2.760246081037844e-7
6354 2.760246081037844e-7
6355 2.760246081037844e-7
6356 2.760246081037844e-7
6357 2.760246081037844e-7
6358 2.760246081037844e-7
6359 2.7687055778002806e-7
6360 2.7687055778002806e-7
6361 2.7687055778002806e-7
6362 2.7687055778002806e-7
6363 2.7687055778002806e-7
6364 2.7687055778002806e-7
6365 2.7687055778002806e-7
6366 2.7687055778002806e-7
6367 2.7687055778002806e-7
6368 2.7687055778002806e-7
6369 2.7687055778002806e-7
6370 2.7687055778002806e-7
6371 2.7687055778002806e-7
6372 2.7687055778002806e-7
6373 2.7687055778002806e-7
6374 2.7687055778002806e-7
6375 2.7687055778002806e-7
6376 2.7687055778002806e-7
6377 2.7687055778002806e-7
6378 2.7687055778002806e-7
6379 2.7687055778002806e-7
6380 2.7687055778002806e-7
6381 2.7687055778002806e-7
6382 2.770227646821144e-7
6383 2.770227646821144e-7
6384 2.770227646821144e-7
6385 2.780785991057317e-7
6386 2.780785991057317e-7
6387 2.780785991057317e-7
6388 2.780785991057317e-7
6389 2.780785991057317e-7
6390 2.780785991057317e-7
6391 2.780785991057317e-7
6392 2.783910230596362e-7
6393 2.783910230596362e-7
6394 2.783910230596362e-7
6395 2.783910230596362e-7
6396 2.783910230596362e-7
6397 2.783910230596362e-7
6398 2.783910230596362e-7
6399 2.783910230596362e-7
6400 2.783910230596362e-7
6401 2.783910230596362e-7
6402 2.783910230596362e-7
6403 2.783910230596362e-7
6404 2.783910230596362e-7
6405 2.783910230596362e-7
6406 2.783910230596362e-7
6407 2.7922095121405263e-7
6408 2.7922095121405263e-7
6409 2.7922095121405263e-7
6410 2.7922095121405263e-7
6411 2.7922095121405263e-7
6412 2.7922095121405263e-7
6413 2.7922095121405263e-7
6414 2.7922095121405263e-7
6415 2.7922095121405263e-7
6416 2.7922095121405263e-7
6417 2.7922095121405263e-7
6418 2.7922095121405263e-7
6419 2.7922095121405263e-7
6420 2.8011015912146625e-7
6421 2.8011015912146625e-7
6422 2.8011015912146625e-7
6423 2.8011015912146625e-7
6424 2.8011015912146625e-7
6425 2.8011015912146625e-7
6426 2.8011015912146625e-7
6427 2.8011015912146625e-7
6428 2.8011015912146625e-7
6429 2.8011015912146625e-7
6430 2.8011015912146625e-7
6431 2.8011015912146625e-7
6432 2.8011015912146625e-7
6433 2.8011015912146625e-7
6434 2.8011015912146625e-7
6435 2.8011015912146625e-7
6436 2.8011015912146625e-7
6437 2.8011015912146625e-7
6438 2.8011015912146625e-7
6439 2.8011015912146625e-7
6440 2.8011015912146625e-7
6441 2.8011015912146625e-7
6442 2.8011015912146625e-7
6443 2.8219298874046625e-7
6444 2.8219298874046625e-7
6445 2.8219298874046625e-7
6446 2.8219298874046625e-7
6447 2.8219298874046625e-7
6448 2.8219298874046625e-7
6449 2.8219298874046625e-7
6450 2.8219298874046625e-7
6451 2.8219298874046625e-7
6452 2.8219298874046625e-7
6453 2.8219298874046625e-7
6454 2.8259833923227805e-7
6455 2.8259833923227805e-7
6456 2.8259833923227805e-7
6457 2.8259833923227805e-7
6458 2.8259833923227805e-7
6459 2.829107637973644e-7
6460 2.829107637973644e-7
6461 2.829107637973644e-7
6462 2.829107637973644e-7
6463 2.829107637973644e-7
6464 2.829107637973644e-7
6465 2.8339301930525627e-7
6466 2.8339301930525627e-7
6467 2.8339301930525627e-7
6468 2.8339301930525627e-7
6469 2.8339301930525627e-7
6470 2.8339301930525627e-7
6471 2.8339301930525627e-7
6472 2.8339301930525627e-7
6473 2.8339301930525627e-7
6474 2.8339301930525627e-7
6475 2.8339301930525627e-7
6476 2.8339301930525627e-7
6477 2.846475232887317e-7
6478 2.846475232887317e-7
6479 2.846475232887317e-7
6480 2.846475232887317e-7
6481 2.846475232887317e-7
6482 2.849759693756453e-7
6483 2.849759693756453e-7
6484 2.849759693756453e-7
6485 2.849759693756453e-7
6486 2.849759693756453e-7
6487 2.849759693756453e-7
6488 2.849759693756453e-7
6489 2.8510574590270076e-7
6490 2.8510574590270076e-7
6491 2.8510574590270076e-7
6492 2.8510574590270076e-7
6493 2.858747911740463e-7
6494 2.858747911740463e-7
6495 2.858747911740463e-7
6496 2.858747911740463e-7
6497 2.860590405086053e-7
6498 2.860590405086053e-7
6499 2.860590405086053e-7
6500 2.860590405086053e-7
6501 2.860590405086053e-7
6502 2.860590405086053e-7
6503 2.860590405086053e-7
6504 2.860590405086053e-7
6505 2.860590405086053e-7
6506 2.860590405086053e-7
6507 2.860590405086053e-7
6508 2.860590405086053e-7
6509 2.860590405086053e-7
6510 2.860590405086053e-7
6511 2.860590405086053e-7
6512 2.860590405086053e-7
6513 2.860590405086053e-7
6514 2.860590405086053e-7
6515 2.860590405086053e-7
6516 2.860590405086053e-7
6517 2.860590405086053e-7
6518 2.861840100901671e-7
6519 2.861840100901671e-7
6520 2.861840100901671e-7
6521 2.861840100901671e-7
6522 2.861840100901671e-7
6523 2.861840100901671e-7
6524 2.861840100901671e-7
6525 2.861840100901671e-7
6526 2.861840100901671e-7
6527 2.861840100901671e-7
6528 2.861840100901671e-7
6529 2.861840100901671e-7
6530 2.861840100901671e-7
6531 2.861840100901671e-7
6532 2.8649002580204984e-7
6533 2.8649002580204984e-7
6534 2.8649002580204984e-7
6535 2.8649002580204984e-7
6536 2.8649002580204984e-7
6537 2.8649002580204984e-7
6538 2.8649002580204984e-7
6539 2.8649002580204984e-7
6540 2.8649002580204984e-7
6541 2.8649002580204984e-7
6542 2.8649002580204984e-7
6543 2.8649002580204984e-7
6544 2.8649002580204984e-7
6545 2.8649002580204984e-7
6546 2.8649002580204984e-7
6547 2.8649002580204984e-7
6548 2.8649002580204984e-7
6549 2.8649002580204984e-7
6550 2.8649002580204984e-7
6551 2.8649002580204984e-7
6552 2.8649002580204984e-7
6553 2.8649002580204984e-7
6554 2.8649002580204984e-7
6555 2.8649002580204984e-7
6556 2.8649002580204984e-7
6557 2.8649002580204984e-7
6558 2.8649002580204984e-7
6559 2.8649002580204984e-7
6560 2.8649002580204984e-7
6561 2.8649002580204984e-7
6562 2.8649002580204984e-7
6563 2.8649002580204984e-7
6564 2.8649002580204984e-7
6565 2.8649002580204984e-7
6566 2.8649002580204984e-7
6567 2.8649002580204984e-7
6568 2.8649002580204984e-7
6569 2.8649002580204984e-7
6570 2.8649002580204984e-7
6571 2.8649002580204984e-7
6572 2.8649002580204984e-7
6573 2.8649002580204984e-7
6574 2.8649002580204984e-7
6575 2.8649002580204984e-7
6576 2.8649002580204984e-7
6577 2.8649002580204984e-7
6578 2.8649002580204984e-7
6579 2.8649002580204984e-7
6580 2.8649002580204984e-7
6581 2.8649002580204984e-7
6582 2.8649002580204984e-7
6583 2.8649002580204984e-7
6584 2.8649002580204984e-7
6585 2.8649002580204984e-7
6586 2.8649002580204984e-7
6587 2.8649002580204984e-7
6588 2.8649002580204984e-7
6589 2.8649002580204984e-7
6590 2.8649002580204984e-7
6591 2.8649002580204984e-7
6592 2.8649002580204984e-7
6593 2.8649002580204984e-7
6594 2.8649002580204984e-7
6595 2.8649002580204984e-7
6596 2.8649002580204984e-7
6597 2.8649002580204984e-7
6598 2.8649002580204984e-7
6599 2.8649002580204984e-7
6600 2.8649002580204984e-7
6601 2.8649002580204984e-7
6602 2.8649002580204984e-7
6603 2.8649002580204984e-7
6604 2.8649002580204984e-7
6605 2.8649002580204984e-7
6606 2.8649002580204984e-7
6607 2.8649002580204984e-7
6608 2.8649002580204984e-7
6609 2.8649002580204984e-7
6610 2.8649002580204984e-7
6611 2.8649002580204984e-7
6612 2.8649002580204984e-7
6613 2.8649002580204984e-7
6614 2.8649002580204984e-7
6615 2.8649002580204984e-7
6616 2.8649002580204984e-7
6617 2.8649002580204984e-7
6618 2.8649002580204984e-7
6619 2.8649002580204984e-7
6620 2.8649002580204984e-7
6621 2.8649002580204984e-7
6622 2.8649002580204984e-7
6623 2.8649002580204984e-7
6624 2.8649002580204984e-7
6625 2.8649002580204984e-7
6626 2.879239746193181e-7
6627 2.879239746193181e-7
6628 2.879239746193181e-7
6629 2.879239746193181e-7
6630 2.879239746193181e-7
6631 2.879239746193181e-7
6632 2.879239746193181e-7
6633 2.879239746193181e-7
6634 2.879239746193181e-7
6635 2.879239746193181e-7
6636 2.879239746193181e-7
6637 2.879239746193181e-7
6638 2.8835976624707445e-7
6639 2.8835976624707445e-7
6640 2.8835976624707445e-7
6641 2.8835976624707445e-7
6642 2.8835976624707445e-7
6643 2.8938676205363903e-7
6644 2.8938676205363903e-7
6645 2.8938676205363903e-7
6646 2.8938676205363903e-7
6647 2.8938676205363903e-7
6648 2.8938676205363903e-7
6649 2.8938676205363903e-7
6650 2.8938676205363903e-7
6651 2.8938676205363903e-7
6652 2.8938676205363903e-7
6653 2.896238841215372e-7
6654 2.896238841215372e-7
6655 2.896238841215372e-7
6656 2.898850390833581e-7
6657 2.898850390833581e-7
6658 2.898850390833581e-7
6659 2.898850390833581e-7
6660 2.898850390833581e-7
6661 2.898850390833581e-7
6662 2.898850390833581e-7
6663 2.898850390833581e-7
6664 2.898850390833581e-7
6665 2.898850390833581e-7
6666 2.898850390833581e-7
6667 2.898850390833581e-7
6668 2.898850390833581e-7
6669 2.898850390833581e-7
6670 2.898850390833581e-7
6671 2.9007409597459265e-7
6672 2.9007409597459265e-7
6673 2.9007409597459265e-7
6674 2.9007409597459265e-7
6675 2.9007409597459265e-7
6676 2.9007409597459265e-7
6677 2.9007409597459265e-7
6678 2.9007409597459265e-7
6679 2.9007409597459265e-7
6680 2.9007409597459265e-7
6681 2.9007409597459265e-7
6682 2.9007409597459265e-7
6683 2.9007409597459265e-7
6684 2.9007409597459265e-7
6685 2.9007409597459265e-7
6686 2.9007409597459265e-7
6687 2.9007409597459265e-7
6688 2.9007409597459265e-7
6689 2.9007409597459265e-7
6690 2.9007409597459265e-7
6691 2.9007409597459265e-7
6692 2.9007409597459265e-7
6693 2.9007409597459265e-7
6694 2.9007409597459265e-7
6695 2.9007409597459265e-7
6696 2.9007409597459265e-7
6697 2.9007409597459265e-7
6698 2.9007409597459265e-7
6699 2.9007409597459265e-7
6700 2.9007409597459265e-7
6701 2.9007409597459265e-7
6702 2.9007409597459265e-7
6703 2.9007409597459265e-7
6704 2.9007409597459265e-7
6705 2.9007409597459265e-7
6706 2.9007409597459265e-7
6707 2.911699854251418e-7
6708 2.911699854251418e-7
6709 2.911699854251418e-7
6710 2.911699854251418e-7
6711 2.911699854251418e-7
6712 2.911699854251418e-7
6713 2.911699854251418e-7
6714 2.911699854251418e-7
6715 2.911699854251418e-7
6716 2.911699854251418e-7
6717 2.911699854251418e-7
6718 2.911699854251418e-7
6719 2.911699854251418e-7
6720 2.911699854251418e-7
6721 2.911699854251418e-7
6722 2.9183168393328086e-7
6723 2.9183168393328086e-7
6724 2.9183168393328086e-7
6725 2.9183168393328086e-7
6726 2.9245973687887356e-7
6727 2.9245973687887356e-7
6728 2.9245973687887356e-7
6729 2.9245973687887356e-7
6730 2.9245973687887356e-7
6731 2.9245973687887356e-7
6732 2.9245973687887356e-7
6733 2.9245973687887356e-7
6734 2.9245973687887356e-7
6735 2.9245973687887356e-7
6736 2.9245973687887356e-7
6737 2.9245973687887356e-7
6738 2.9245973687887356e-7
6739 2.9245973687887356e-7
6740 2.9245973687887356e-7
6741 2.9293077719924997e-7
6742 2.9293077719924997e-7
6743 2.9293077719924997e-7
6744 2.9293077719924997e-7
6745 2.934578934572036e-7
6746 2.934578934572036e-7
6747 2.934578934572036e-7
6748 2.934578934572036e-7
6749 2.934578934572036e-7
6750 2.934578934572036e-7
6751 2.934578934572036e-7
6752 2.934578934572036e-7
6753 2.934578934572036e-7
6754 2.934578934572036e-7
6755 2.934578934572036e-7
6756 2.934578934572036e-7
6757 2.934578934572036e-7
6758 2.9400103184816643e-7
6759 2.9400103184816643e-7
6760 2.9400103184816643e-7
6761 2.943310810651538e-7
6762 2.943310810651538e-7
6763 2.943310810651538e-7
6764 2.943310810651538e-7
6765 2.943310810651538e-7
6766 2.943310810651538e-7
6767 2.943310810651538e-7
6768 2.943310810651538e-7
6769 2.943310810651538e-7
6770 2.943310810651538e-7
6771 2.943310810651538e-7
6772 2.943310810651538e-7
6773 2.943310810651538e-7
6774 2.943310810651538e-7
6775 2.943310810651538e-7
6776 2.943310810651538e-7
6777 2.943310810651538e-7
6778 2.943310810651538e-7
6779 2.943310810651538e-7
6780 2.943310810651538e-7
6781 2.943310810651538e-7
6782 2.944912987281538e-7
6783 2.944912987281538e-7
6784 2.9482294924166924e-7
6785 2.9482294924166924e-7
6786 2.953196237524965e-7
6787 2.953196237524965e-7
6788 2.953196237524965e-7
6789 2.953196237524965e-7
6790 2.9568171662432023e-7
6791 2.9568171662432023e-7
6792 2.9568171662432023e-7
6793 2.9568171662432023e-7
6794 2.9568171662432023e-7
6795 2.9568171662432023e-7
6796 2.9568171662432023e-7
6797 2.9568171662432023e-7
6798 2.9568171662432023e-7
6799 2.9568171662432023e-7
6800 2.9568171662432023e-7
6801 2.9568171662432023e-7
6802 2.9568171662432023e-7
6803 2.9568171662432023e-7
6804 2.9568171662432023e-7
6805 2.9568171662432023e-7
6806 2.9568171662432023e-7
6807 2.9568171662432023e-7
6808 2.9568171662432023e-7
6809 2.9568171662432023e-7
6810 2.9568171662432023e-7
6811 2.9601336713783566e-7
6812 2.9601336713783566e-7
6813 2.9601336713783566e-7
6814 2.9601336713783566e-7
6815 2.9601336713783566e-7
6816 2.9601336713783566e-7
6817 2.9601336713783566e-7
6818 2.9601336713783566e-7
6819 2.9601336713783566e-7
6820 2.9601336713783566e-7
6821 2.9601336713783566e-7
6822 2.9601336713783566e-7
6823 2.9601336713783566e-7
6824 2.9655009667559477e-7
6825 2.9655009667559477e-7
6826 2.9655009667559477e-7
6827 2.9655009667559477e-7
6828 2.9720538694171206e-7
6829 2.9720538694171206e-7
6830 2.9720538694171206e-7
6831 2.9720538694171206e-7
6832 2.9720538694171206e-7
6833 2.9720538694171206e-7
6834 2.9720538694171206e-7
6835 2.9720538694171206e-7
6836 2.9720538694171206e-7
6837 2.9720538694171206e-7
6838 2.9720538694171206e-7
6839 2.9720538694171206e-7
6840 2.9720538694171206e-7
6841 2.9720538694171206e-7
6842 2.9720538694171206e-7
6843 2.9720538694171206e-7
6844 2.9720538694171206e-7
6845 2.9720538694171206e-7
6846 2.9720538694171206e-7
6847 2.9720538694171206e-7
6848 2.9720538694171206e-7
6849 2.9720538694171206e-7
6850 2.9720538694171206e-7
6851 2.9720538694171206e-7
6852 2.9720538694171206e-7
6853 2.9774852533267486e-7
6854 2.9774852533267486e-7
6855 2.9774852533267486e-7
6856 2.9774852533267486e-7
6857 2.9774852533267486e-7
6858 2.9774852533267486e-7
6859 2.9774852533267486e-7
6860 2.9774852533267486e-7
6861 2.9774852533267486e-7
6862 2.9774852533267486e-7
6863 2.9774852533267486e-7
6864 2.9774852533267486e-7
6865 2.9774852533267486e-7
6866 2.9774852533267486e-7
6867 2.9774852533267486e-7
6868 2.9801288410991575e-7
6869 2.9801288410991575e-7
6870 2.9801288410991575e-7
6871 2.9801288410991575e-7
6872 2.982019410011503e-7
6873 2.982019410011503e-7
6874 2.982019410011503e-7
6875 2.982019410011503e-7
6876 2.982019410011503e-7
6877 2.982019410011503e-7
6878 2.982019410011503e-7
6879 2.9835895484873035e-7
6880 2.9954136198398315e-7
6881 2.9954136198398315e-7
6882 3.003889129567549e-7
6883 3.003889129567549e-7
6884 3.003889129567549e-7
6885 3.003889129567549e-7
6886 3.006789071468104e-7
6887 3.006789071468104e-7
6888 3.006789071468104e-7
6889 3.006789071468104e-7
6890 3.006789071468104e-7
6891 3.006789071468104e-7
6892 3.006789071468104e-7
6893 3.006789071468104e-7
6894 3.006789071468104e-7
6895 3.006789071468104e-7
6896 3.006789071468104e-7
6897 3.006789071468104e-7
6898 3.006789071468104e-7
6899 3.006789071468104e-7
6900 3.006789071468104e-7
6901 3.006789071468104e-7
6902 3.006789071468104e-7
6903 3.006789071468104e-7
6904 3.006789071468104e-7
6905 3.006789071468104e-7
6906 3.006789071468104e-7
6907 3.006789071468104e-7
6908 3.006789071468104e-7
6909 3.006789071468104e-7
6910 3.006789071468104e-7
6911 3.006789071468104e-7
6912 3.006789071468104e-7
6913 3.006789071468104e-7
6914 3.006789071468104e-7
6915 3.006789071468104e-7
6916 3.006789071468104e-7
6917 3.006789071468104e-7
6918 3.006789071468104e-7
6919 3.006789071468104e-7
6920 3.006789071468104e-7
6921 3.006789071468104e-7
6922 3.006789071468104e-7
6923 3.006789071468104e-7
6924 3.006789071468104e-7
6925 3.006789071468104e-7
6926 3.006789071468104e-7
6927 3.006789071468104e-7
6928 3.006789071468104e-7
6929 3.006789071468104e-7
6930 3.006789071468104e-7
6931 3.006789071468104e-7
6932 3.006789071468104e-7
6933 3.006789071468104e-7
6934 3.006789071468104e-7
6935 3.006789071468104e-7
6936 3.006789071468104e-7
6937 3.006789071468104e-7
6938 3.006789071468104e-7
6939 3.006789071468104e-7
6940 3.006789071468104e-7
6941 3.006789071468104e-7
6942 3.006789071468104e-7
6943 3.006789071468104e-7
6944 3.006789071468104e-7
6945 3.0127972338306044e-7
6946 3.0127972338306044e-7
6947 3.0127972338306044e-7
6948 3.0127972338306044e-7
6949 3.0127972338306044e-7
6950 3.0127972338306044e-7
6951 3.0127972338306044e-7
6952 3.0127972338306044e-7
6953 3.0127972338306044e-7
6954 3.0147038218200496e-7
6955 3.0147038218200496e-7
6956 3.0147038218200496e-7
6957 3.0147038218200496e-7
6958 3.0147038218200496e-7
6959 3.0147038218200496e-7
6960 3.0147038218200496e-7
6961 3.0147038218200496e-7
6962 3.0147038218200496e-7
6963 3.0147038218200496e-7
6964 3.0147038218200496e-7
6965 3.0147038218200496e-7
6966 3.018372807769586e-7
6967 3.018372807769586e-7
6968 3.018372807769586e-7
6969 3.018372807769586e-7
6970 3.018372807769586e-7
6971 3.018372807769586e-7
6972 3.018372807769586e-7
6973 3.018372807769586e-7
6974 3.018372807769586e-7
6975 3.018372807769586e-7
6976 3.018372807769586e-7
6977 3.018372807769586e-7
6978 3.018372807769586e-7
6979 3.018372807769586e-7
6980 3.018372807769586e-7
6981 3.018372807769586e-7
6982 3.018372807769586e-7
6983 3.018372807769586e-7
6984 3.018372807769586e-7
6985 3.018372807769586e-7
6986 3.018372807769586e-7
6987 3.018372807769586e-7
6988 3.018372807769586e-7
6989 3.018372807769586e-7
6990 3.018372807769586e-7
6991 3.018372807769586e-7
6992 3.018372807769586e-7
6993 3.018372807769586e-7
6994 3.018372807769586e-7
6995 3.018372807769586e-7
6996 3.018372807769586e-7
6997 3.018372807769586e-7
6998 3.018372807769586e-7
6999 3.018372807769586e-7
7000 3.018372807769586e-7
7001 3.018372807769586e-7
7002 3.018372807769586e-7
7003 3.018372807769586e-7
7004 3.018372807769586e-7
7005 3.018372807769586e-7
7006 3.018372807769586e-7
7007 3.0243969892091854e-7
7008 3.0243969892091854e-7
7009 3.0243969892091854e-7
7010 3.0243969892091854e-7
7011 3.0243969892091854e-7
7012 3.0243969892091854e-7
7013 3.0243969892091854e-7
7014 3.0243969892091854e-7
7015 3.0243969892091854e-7
7016 3.0243969892091854e-7
7017 3.0243969892091854e-7
7018 3.0243969892091854e-7
7019 3.0243969892091854e-7
7020 3.0243969892091854e-7
7021 3.0243969892091854e-7
7022 3.0243969892091854e-7
7023 3.028738886409649e-7
7024 3.028738886409649e-7
7025 3.028738886409649e-7
7026 3.028738886409649e-7
7027 3.028738886409649e-7
7028 3.028738886409649e-7
7029 3.028738886409649e-7
7030 3.028738886409649e-7
7031 3.028738886409649e-7
7032 3.028738886409649e-7
7033 3.028738886409649e-7
7034 3.028738886409649e-7
7035 3.028738886409649e-7
7036 3.028738886409649e-7
7037 3.028738886409649e-7
7038 3.028738886409649e-7
7039 3.028738886409649e-7
7040 3.028738886409649e-7
7041 3.028738886409649e-7
7042 3.028738886409649e-7
7043 3.033048733232275e-7
7044 3.037871282199375e-7
7045 3.037871282199375e-7
7046 3.037871282199375e-7
7047 3.0410916606482934e-7
7048 3.0410916606482934e-7
7049 3.0410916606482934e-7
7050 3.046442930836966e-7
7051 3.046442930836966e-7
7052 3.046442930836966e-7
7053 3.046442930836966e-7
7054 3.046442930836966e-7
7055 3.046442930836966e-7
7056 3.046442930836966e-7
7057 3.046442930836966e-7
7058 3.046442930836966e-7
7059 3.046442930836966e-7
7060 3.046442930836966e-7
7061 3.046442930836966e-7
7062 3.046442930836966e-7
7063 3.046442930836966e-7
7064 3.062544804746102e-7
7065 3.062544804746102e-7
7066 3.062544804746102e-7
7067 3.062544804746102e-7
7068 3.062544804746102e-7
7069 3.062544804746102e-7
7070 3.062544804746102e-7
7071 3.062544804746102e-7
7072 3.062544804746102e-7
7073 3.062544804746102e-7
7074 3.062544804746102e-7
7075 3.062544804746102e-7
7076 3.062544804746102e-7
7077 3.062544804746102e-7
7078 3.062544804746102e-7
7079 3.062544804746102e-7
7080 3.062544804746102e-7
7081 3.062544804746102e-7
7082 3.062544804746102e-7
7083 3.062544804746102e-7
7084 3.062544804746102e-7
7085 3.062544804746102e-7
7086 3.062544804746102e-7
7087 3.062544804746102e-7
7088 3.062544804746102e-7
7089 3.062544804746102e-7
7090 3.062544804746102e-7
7091 3.062544804746102e-7
7092 3.062544804746102e-7
7093 3.0649801139571207e-7
7094 3.0649801139571207e-7
7095 3.0649801139571207e-7
7096 3.0649801139571207e-7
7097 3.0649801139571207e-7
7098 3.0649801139571207e-7
7099 3.0649801139571207e-7
7100 3.067944144389712e-7
7101 3.067944144389712e-7
7102 3.067944144389712e-7
7103 3.067944144389712e-7
7104 3.067944144389712e-7
7105 3.067944144389712e-7
7106 3.067944144389712e-7
7107 3.067944144389712e-7
7108 3.067944144389712e-7
7109 3.067944144389712e-7
7110 3.073119168059375e-7
7111 3.073119168059375e-7
7112 3.073119168059375e-7
7113 3.073119168059375e-7
7114 3.073119168059375e-7
7115 3.073119168059375e-7
7116 3.073119168059375e-7
7117 3.073119168059375e-7
7118 3.073119168059375e-7
7119 3.073119168059375e-7
7120 3.073119168059375e-7
7121 3.073119168059375e-7
7122 3.073119168059375e-7
7123 3.073119168059375e-7
7124 3.073119168059375e-7
7125 3.073119168059375e-7
7126 3.073119168059375e-7
7127 3.073119168059375e-7
7128 3.073119168059375e-7
7129 3.0789510961265024e-7
7130 3.0789510961265024e-7
7131 3.0789510961265024e-7
7132 3.0789510961265024e-7
7133 3.0789510961265024e-7
7134 3.0789510961265024e-7
7135 3.0789510961265024e-7
7136 3.0789510961265024e-7
7137 3.0789510961265024e-7
7138 3.0789510961265024e-7
7139 3.0789510961265024e-7
7140 3.0789510961265024e-7
7141 3.0789510961265024e-7
7142 3.0789510961265024e-7
7143 3.0789510961265024e-7
7144 3.0789510961265024e-7
7145 3.0841101007190654e-7
7146 3.0841101007190654e-7
7147 3.0841101007190654e-7
7148 3.0841101007190654e-7
7149 3.0841101007190654e-7
7150 3.0841101007190654e-7
7151 3.0841101007190654e-7
7152 3.0841101007190654e-7
7153 3.0841101007190654e-7
7154 3.0841101007190654e-7
7155 3.0841101007190654e-7
7156 3.1026793219934195e-7
7157 3.1102736419088196e-7
7158 3.1102736419088196e-7
7159 3.1102736419088196e-7
7160 3.116602240819683e-7
7161 3.116602240819683e-7
7162 3.116602240819683e-7
7163 3.116602240819683e-7
7164 3.116602240819683e-7
7165 3.116602240819683e-7
7166 3.116602240819683e-7
7167 3.116602240819683e-7
7168 3.116602240819683e-7
7169 3.116602240819683e-7
7170 3.116602240819683e-7
7171 3.116602240819683e-7
7172 3.122578352804346e-7
7173 3.122578352804346e-7
7174 3.122578352804346e-7
7175 3.1243727950304555e-7
7176 3.1243727950304555e-7
7177 3.1243727950304555e-7
7178 3.1243727950304555e-7
7179 3.1243727950304555e-7
7180 3.1243727950304555e-7
7181 3.1243727950304555e-7
7182 3.1243727950304555e-7
7183 3.1243727950304555e-7
7184 3.1243727950304555e-7
7185 3.1243727950304555e-7
7186 3.1243727950304555e-7
7187 3.1243727950304555e-7
7188 3.1243727950304555e-7
7189 3.1243727950304555e-7
7190 3.1243727950304555e-7
7191 3.1243727950304555e-7
7192 3.1243727950304555e-7
7193 3.1243727950304555e-7
7194 3.1243727950304555e-7
7195 3.1243727950304555e-7
7196 3.1243727950304555e-7
7197 3.1243727950304555e-7
7198 3.1243727950304555e-7
7199 3.1243727950304555e-7
7200 3.1243727950304555e-7
7201 3.1243727950304555e-7
7202 3.1243727950304555e-7
7203 3.1243727950304555e-7
7204 3.1243727950304555e-7
7205 3.1243727950304555e-7
7206 3.1243727950304555e-7
7207 3.1243727950304555e-7
7208 3.1243727950304555e-7
7209 3.1243727950304555e-7
7210 3.1243727950304555e-7
7211 3.1243727950304555e-7
7212 3.1243727950304555e-7
7213 3.1243727950304555e-7
7214 3.1243727950304555e-7
7215 3.1243727950304555e-7
7216 3.1243727950304555e-7
7217 3.1243727950304555e-7
7218 3.1243727950304555e-7
7219 3.1243727950304555e-7
7220 3.1243727950304555e-7
7221 3.1243727950304555e-7
7222 3.1243727950304555e-7
7223 3.1243727950304555e-7
7224 3.1243727950304555e-7
7225 3.1243727950304555e-7
7226 3.1243727950304555e-7
7227 3.1243727950304555e-7
7228 3.1243727950304555e-7
7229 3.1243727950304555e-7
7230 3.1243727950304555e-7
7231 3.1243727950304555e-7
7232 3.1243727950304555e-7
7233 3.1243727950304555e-7
7234 3.1243727950304555e-7
7235 3.1243727950304555e-7
7236 3.1243727950304555e-7
7237 3.1243727950304555e-7
7238 3.128618559432864e-7
7239 3.128618559432864e-7
7240 3.128618559432864e-7
7241 3.1335692854640366e-7
7242 3.1335692854640366e-7
7243 3.1335692854640366e-7
7244 3.1335692854640366e-7
7245 3.1335692854640366e-7
7246 3.1335692854640366e-7
7247 3.1335692854640366e-7
7248 3.1335692854640366e-7
7249 3.1335692854640366e-7
7250 3.1335692854640366e-7
7251 3.1335692854640366e-7
7252 3.1335692854640366e-7
7253 3.1335692854640366e-7
7254 3.1335692854640366e-7
7255 3.1335692854640366e-7
7256 3.1335692854640366e-7
7257 3.1335692854640366e-7
7258 3.1335692854640366e-7
7259 3.1335692854640366e-7
7260 3.1335692854640366e-7
7261 3.1335692854640366e-7
7262 3.1335692854640366e-7
7263 3.1335692854640366e-7
7264 3.1335692854640366e-7
7265 3.1335692854640366e-7
7266 3.1335692854640366e-7
7267 3.1335692854640366e-7
7268 3.1335692854640366e-7
7269 3.1335692854640366e-7
7270 3.1335692854640366e-7
7271 3.1335692854640366e-7
7272 3.1335692854640366e-7
7273 3.1335692854640366e-7
7274 3.1335692854640366e-7
7275 3.1335692854640366e-7
7276 3.1335692854640366e-7
7277 3.1335692854640366e-7
7278 3.1335692854640366e-7
7279 3.1335692854640366e-7
7280 3.1335692854640366e-7
7281 3.1335692854640366e-7
7282 3.1335692854640366e-7
7283 3.1335692854640366e-7
7284 3.137542688884837e-7
7285 3.137542688884837e-7
7286 3.137542688884837e-7
7287 3.1414039343186645e-7
7288 3.1414039343186645e-7
7289 3.1414039343186645e-7
7290 3.1414039343186645e-7
7291 3.1414039343186645e-7
7292 3.1414039343186645e-7
7293 3.1414039343186645e-7
7294 3.1414039343186645e-7
7295 3.1414039343186645e-7
7296 3.1414039343186645e-7
7297 3.1425895416022457e-7
7298 3.1425895416022457e-7
7299 3.1425895416022457e-7
7300 3.1425895416022457e-7
7301 3.1425895416022457e-7
7302 3.1425895416022457e-7
7303 3.1425895416022457e-7
7304 3.1425895416022457e-7
7305 3.1425895416022457e-7
7306 3.153452309421501e-7
7307 3.153452309421501e-7
7308 3.153452309421501e-7
7309 3.153452309421501e-7
7310 3.153452309421501e-7
7311 3.153452309421501e-7
7312 3.1518821831693384e-7
7313 3.1518821831693384e-7
7314 3.1518821831693384e-7
7315 3.1518821831693384e-7
7316 3.1518821831693384e-7
7317 3.1518821831693384e-7
7318 3.1518821831693384e-7
7319 3.1518821831693384e-7
7320 3.1518821831693384e-7
7321 3.1518821831693384e-7
7322 3.1518821831693384e-7
7323 3.155631276728011e-7
7324 3.155631276728011e-7
7325 3.155631276728011e-7
7326 3.155631276728011e-7
7327 3.155631276728011e-7
7328 3.155631276728011e-7
7329 3.155631276728011e-7
7330 3.155631276728011e-7
7331 3.155631276728011e-7
7332 3.155631276728011e-7
7333 3.155631276728011e-7
7334 3.1619598756388745e-7
7335 3.1619598756388745e-7
7336 3.1619598756388745e-7
7337 3.1619598756388745e-7
7338 3.1704514166673293e-7
7339 3.1704514166673293e-7
7340 3.17923134997813e-7
7341 3.17923134997813e-7
7342 3.17923134997813e-7
7343 3.17923134997813e-7
7344 3.17923134997813e-7
7345 3.17923134997813e-7
7346 3.17923134997813e-7
7347 3.17923134997813e-7
7348 3.17923134997813e-7
7349 3.17923134997813e-7
7350 3.1817307477211847e-7
7351 3.1817307477211847e-7
7352 3.1817307477211847e-7
7353 3.1817307477211847e-7
7354 3.1817307477211847e-7
7355 3.1817307477211847e-7
7356 3.1817307477211847e-7
7357 3.1817307477211847e-7
7358 3.1817307477211847e-7
7359 3.1817307477211847e-7
7360 3.1817307477211847e-7
7361 3.1817307477211847e-7
7362 3.1817307477211847e-7
7363 3.1817307477211847e-7
7364 3.1817307477211847e-7
7365 3.1817307477211847e-7
7366 3.1817307477211847e-7
7367 3.1817307477211847e-7
7368 3.1817307477211847e-7
7369 3.1817307477211847e-7
7370 3.1817307477211847e-7
7371 3.1817307477211847e-7
7372 3.1817307477211847e-7
7373 3.1817307477211847e-7
7374 3.1817307477211847e-7
7375 3.1817307477211847e-7
7376 3.1817307477211847e-7
7377 3.1817307477211847e-7
7378 3.186633416521058e-7
7379 3.186633416521058e-7
7380 3.186633416521058e-7
7381 3.186633416521058e-7
7382 3.186633416521058e-7
7383 3.186633416521058e-7
7384 3.186633416521058e-7
7385 3.186633416521058e-7
7386 3.186633416521058e-7
7387 3.186633416521058e-7
7388 3.186633416521058e-7
7389 3.186633416521058e-7
7390 3.186633416521058e-7
7391 3.186633416521058e-7
7392 3.186633416521058e-7
7393 3.186633416521058e-7
7394 3.186633416521058e-7
7395 3.186633416521058e-7
7396 3.186633416521058e-7
7397 3.186633416521058e-7
7398 3.186633416521058e-7
7399 3.186633416521058e-7
7400 3.186633416521058e-7
7401 3.186633416521058e-7
7402 3.186633416521058e-7
7403 3.186633416521058e-7
7404 3.186633416521058e-7
7405 3.1890687196202574e-7
7406 3.1890687196202574e-7
7407 3.1890687196202574e-7
7408 3.1890687196202574e-7
7409 3.1890687196202574e-7
7410 3.1982331718996395e-7
7411 3.1982331718996395e-7
7412 3.202478936302048e-7
7413 3.202478936302048e-7
7414 3.202478936302048e-7
7415 3.2070932067077575e-7
7416 3.2070932067077575e-7
7417 3.2070932067077575e-7
7418 3.2070932067077575e-7
7419 3.2070932067077575e-7
7420 3.2070932067077575e-7
7421 3.2070932067077575e-7
7422 3.2070932067077575e-7
7423 3.2070932067077575e-7
7424 3.2070932067077575e-7
7425 3.2070932067077575e-7
7426 3.2070932067077575e-7
7427 3.2070932067077575e-7
7428 3.2070932067077575e-7
7429 3.2070932067077575e-7
7430 3.2070932067077575e-7
7431 3.2070932067077575e-7
7432 3.2070932067077575e-7
7433 3.2070932067077575e-7
7434 3.2070932067077575e-7
7435 3.2070932067077575e-7
7436 3.2070932067077575e-7
7437 3.2070932067077575e-7
7438 3.2070932067077575e-7
7439 3.2070932067077575e-7
7440 3.2070932067077575e-7
7441 3.2070932067077575e-7
7442 3.2070932067077575e-7
7443 3.2070932067077575e-7
7444 3.2070932067077575e-7
7445 3.2070932067077575e-7
7446 3.2100251928743307e-7
7447 3.2100251928743307e-7
7448 3.2100251928743307e-7
7449 3.2100251928743307e-7
7450 3.2100251928743307e-7
7451 3.2100251928743307e-7
7452 3.2100251928743307e-7
7453 3.2100251928743307e-7
7454 3.2100251928743307e-7
7455 3.2100251928743307e-7
7456 3.2100251928743307e-7
7457 3.2100251928743307e-7
7458 3.2100251928743307e-7
7459 3.2100251928743307e-7
7460 3.2100251928743307e-7
7461 3.2100251928743307e-7
7462 3.2100251928743307e-7
7463 3.2100251928743307e-7
7464 3.2100251928743307e-7
7465 3.2100251928743307e-7
7466 3.2100251928743307e-7
7467 3.2100251928743307e-7
7468 3.2146554823571395e-7
7469 3.2146554823571395e-7
7470 3.2146554823571395e-7
7471 3.2146554823571395e-7
7472 3.2146554823571395e-7
7473 3.2146554823571395e-7
7474 3.2146554823571395e-7
7475 3.2217531314288036e-7
7476 3.2217531314288036e-7
7477 3.2217531314288036e-7
7478 3.2217531314288036e-7
7479 3.2217531314288036e-7
7480 3.2217531314288036e-7
7481 3.2217531314288036e-7
7482 3.2217531314288036e-7
7483 3.2217531314288036e-7
7484 3.2288347553115493e-7
7485 3.2288347553115493e-7
7486 3.2288347553115493e-7
7487 3.2288347553115493e-7
7488 3.2288347553115493e-7
7489 3.2288347553115493e-7
7490 3.2337213928106855e-7
7491 3.2337213928106855e-7
7492 3.2337213928106855e-7
7493 3.2337213928106855e-7
7494 3.2337213928106855e-7
7495 3.2337213928106855e-7
7496 3.2337213928106855e-7
7497 3.2337213928106855e-7
7498 3.2337213928106855e-7
7499 3.2337213928106855e-7
7500 3.238415770825531e-7
7501 3.238415770825531e-7
7502 3.238415770825531e-7
7503 3.2444239331880315e-7
7504 3.2444239331880315e-7
7505 3.2444239331880315e-7
7506 3.2444239331880315e-7
7507 3.2444239331880315e-7
7508 3.247996786339513e-7
7509 3.247996786339513e-7
7510 3.247996786339513e-7
7511 3.247996786339513e-7
7512 3.247996786339513e-7
7513 3.247996786339513e-7
7514 3.247996786339513e-7
7515 3.247996786339513e-7
7516 3.247996786339513e-7
7517 3.247996786339513e-7
7518 3.247996786339513e-7
7519 3.247996786339513e-7
7520 3.247996786339513e-7
7521 3.247996786339513e-7
7522 3.247996786339513e-7
7523 3.247996786339513e-7
7524 3.247996786339513e-7
7525 3.247996786339513e-7
7526 3.247996786339513e-7
7527 3.247996786339513e-7
7528 3.247996786339513e-7
7529 3.249198412700194e-7
7530 3.249198412700194e-7
7531 3.249198412700194e-7
7532 3.249198412700194e-7
7533 3.249198412700194e-7
7534 3.263778205364829e-7
7535 3.263778205364829e-7
7536 3.263778205364829e-7
7537 3.263778205364829e-7
7538 3.263778205364829e-7
7539 3.263778205364829e-7
7540 3.263778205364829e-7
7541 3.263778205364829e-7
7542 3.263778205364829e-7
7543 3.263778205364829e-7
7544 3.263778205364829e-7
7545 3.263778205364829e-7
7546 3.263778205364829e-7
7547 3.263778205364829e-7
7548 3.263778205364829e-7
7549 3.263778205364829e-7
7550 3.263778205364829e-7
7551 3.2673190142502925e-7
7552 3.2673190142502925e-7
7553 3.2705714369652295e-7
7554 3.2705714369652295e-7
7555 3.2705714369652295e-7
7556 3.2705714369652295e-7
7557 3.2705714369652295e-7
7558 3.2705714369652295e-7
7559 3.2705714369652295e-7
7560 3.2705714369652295e-7
7561 3.2705714369652295e-7
7562 3.2705714369652295e-7
7563 3.2705714369652295e-7
7564 3.2705714369652295e-7
7565 3.278470168240075e-7
7566 3.278470168240075e-7
7567 3.278470168240075e-7
7568 3.278470168240075e-7
7569 3.278470168240075e-7
7570 3.278470168240075e-7
7571 3.278470168240075e-7
7572 3.278470168240075e-7
7573 3.278470168240075e-7
7574 3.278470168240075e-7
7575 3.278470168240075e-7
7576 3.278470168240075e-7
7577 3.278470168240075e-7
7578 3.278470168240075e-7
7579 3.278470168240075e-7
7580 3.278470168240075e-7
7581 3.278470168240075e-7
7582 3.278470168240075e-7
7583 3.278470168240075e-7
7584 3.278470168240075e-7
7585 3.278470168240075e-7
7586 3.278470168240075e-7
7587 3.278470168240075e-7
7588 3.278470168240075e-7
7589 3.278470168240075e-7
7590 3.278470168240075e-7
7591 3.278470168240075e-7
7592 3.278470168240075e-7
7593 3.278470168240075e-7
7594 3.278470168240075e-7
7595 3.278470168240075e-7
7596 3.278470168240075e-7
7597 3.278470168240075e-7
7598 3.278470168240075e-7
7599 3.278470168240075e-7
7600 3.278470168240075e-7
7601 3.278470168240075e-7
7602 3.278470168240075e-7
7603 3.2866252475312476e-7
7604 3.2866252475312476e-7
7605 3.2866252475312476e-7
7606 3.2866252475312476e-7
7607 3.2866252475312476e-7
7608 3.2866252475312476e-7
7609 3.2866252475312476e-7
7610 3.2866252475312476e-7
7611 3.2866252475312476e-7
7612 3.2866252475312476e-7
7613 3.2866252475312476e-7
7614 3.2866252475312476e-7
7615 3.2866252475312476e-7
7616 3.2866252475312476e-7
7617 3.2866252475312476e-7
7618 3.2866252475312476e-7
7619 3.2866252475312476e-7
7620 3.2866252475312476e-7
7621 3.2866252475312476e-7
7622 3.2866252475312476e-7
7623 3.2866252475312476e-7
7624 3.2866252475312476e-7
7625 3.2866252475312476e-7
7626 3.2866252475312476e-7
7627 3.2866252475312476e-7
7628 3.2866252475312476e-7
7629 3.2866252475312476e-7
7630 3.2866252475312476e-7
7631 3.2866252475312476e-7
7632 3.2866252475312476e-7
7633 3.2866252475312476e-7
7634 3.2866252475312476e-7
7635 3.2866252475312476e-7
7636 3.2866252475312476e-7
7637 3.2866252475312476e-7
7638 3.2866252475312476e-7
7639 3.2866252475312476e-7
7640 3.2866252475312476e-7
7641 3.2866252475312476e-7
7642 3.2886760377736845e-7
7643 3.2886760377736845e-7
7644 3.2886760377736845e-7
7645 3.2886760377736845e-7
7646 3.2886760377736845e-7
7647 3.2886760377736845e-7
7648 3.2886760377736845e-7
7649 3.2886760377736845e-7
7650 3.2886760377736845e-7
7651 3.2886760377736845e-7
7652 3.2886760377736845e-7
7653 3.2886760377736845e-7
7654 3.2886760377736845e-7
7655 3.2988498691530944e-7
7656 3.2988498691530944e-7
7657 3.2988498691530944e-7
7658 3.2988498691530944e-7
7659 3.2988498691530944e-7
7660 3.2988498691530944e-7
7661 3.2988498691530944e-7
7662 3.2988498691530944e-7
7663 3.2988498691530944e-7
7664 3.2988498691530944e-7
7665 3.2988498691530944e-7
7666 3.2988498691530944e-7
7667 3.2988498691530944e-7
7668 3.2988498691530944e-7
7669 3.2988498691530944e-7
7670 3.2988498691530944e-7
7671 3.2988498691530944e-7
7672 3.2988498691530944e-7
7673 3.2988498691530944e-7
7674 3.2988498691530944e-7
7675 3.2988498691530944e-7
7676 3.2988498691530944e-7
7677 3.2988498691530944e-7
7678 3.2988498691530944e-7
7679 3.2988498691530944e-7
7680 3.2988498691530944e-7
7681 3.2988498691530944e-7
7682 3.2988498691530944e-7
7683 3.2988498691530944e-7
7684 3.2988498691530944e-7
7685 3.2988498691530944e-7
7686 3.2988498691530944e-7
7687 3.2988498691530944e-7
7688 3.2988498691530944e-7
7689 3.2988498691530944e-7
7690 3.2988498691530944e-7
7691 3.2988498691530944e-7
7692 3.2988498691530944e-7
7693 3.2988498691530944e-7
7694 3.2988498691530944e-7
7695 3.2988498691530944e-7
7696 3.2988498691530944e-7
7697 3.2988498691530944e-7
7698 3.2988498691530944e-7
7699 3.2988498691530944e-7
7700 3.2988498691530944e-7
7701 3.2988498691530944e-7
7702 3.2988498691530944e-7
7703 3.2988498691530944e-7
7704 3.2988498691530944e-7
7705 3.2988498691530944e-7
7706 3.2988498691530944e-7
7707 3.2988498691530944e-7
7708 3.2988498691530944e-7
7709 3.2988498691530944e-7
7710 3.2988498691530944e-7
7711 3.2988498691530944e-7
7712 3.2988498691530944e-7
7713 3.30911982721874e-7
7714 3.30911982721874e-7
7715 3.30911982721874e-7
7716 3.30911982721874e-7
7717 3.30911982721874e-7
7718 3.30911982721874e-7
7719 3.30911982721874e-7
7720 3.30911982721874e-7
7721 3.30911982721874e-7
7722 3.30911982721874e-7
7723 3.30911982721874e-7
7724 3.30911982721874e-7
7725 3.3147434767244774e-7
7726 3.3147434767244774e-7
7727 3.3147434767244774e-7
7728 3.3147434767244774e-7
7729 3.3147434767244774e-7
7730 3.3147434767244774e-7
7731 3.3147434767244774e-7
7732 3.3147434767244774e-7
7733 3.3147434767244774e-7
7734 3.3147434767244774e-7
7735 3.3147434767244774e-7
7736 3.3147434767244774e-7
7737 3.3147434767244774e-7
7738 3.3147434767244774e-7
7739 3.3147434767244774e-7
7740 3.3147434767244774e-7
7741 3.3147434767244774e-7
7742 3.3147434767244774e-7
7743 3.3147434767244774e-7
7744 3.3147434767244774e-7
7745 3.3147434767244774e-7
7746 3.325253757617532e-7
7747 3.325253757617532e-7
7748 3.32930726253565e-7
7749 3.32930726253565e-7
7750 3.32930726253565e-7
7751 3.32930726253565e-7
7752 3.32930726253565e-7
7753 3.3332966850335504e-7
7754 3.3332966850335504e-7
7755 3.3332966850335504e-7
7756 3.3332966850335504e-7
7757 3.3332966850335504e-7
7758 3.3332966850335504e-7
7759 3.3332966850335504e-7
7760 3.3332966850335504e-7
7761 3.3332966850335504e-7
7762 3.3332966850335504e-7
7763 3.3332966850335504e-7
7764 3.3332966850335504e-7
7765 3.3332966850335504e-7
7766 3.3332966850335504e-7
7767 3.3332966850335504e-7
7768 3.3332966850335504e-7
7769 3.3332966850335504e-7
7770 3.335940278917778e-7
7771 3.335940278917778e-7
7772 3.335940278917778e-7
7773 3.3413396124495686e-7
7774 3.3413396124495686e-7
7775 3.3413396124495686e-7
7776 3.3413396124495686e-7
7777 3.355470809837223e-7
7778 3.355470809837223e-7
7779 3.3581304227985504e-7
7780 3.3581304227985504e-7
7781 3.3581304227985504e-7
7782 3.3581304227985504e-7
7783 3.3581304227985504e-7
7784 3.3581304227985504e-7
7785 3.3581304227985504e-7
7786 3.3581304227985504e-7
7787 3.3581304227985504e-7
7788 3.3581304227985504e-7
7789 3.3581304227985504e-7
7790 3.3581304227985504e-7
7791 3.3581304227985504e-7
7792 3.3581304227985504e-7
7793 3.3581304227985504e-7
7794 3.3581304227985504e-7
7795 3.3581304227985504e-7
7796 3.3581304227985504e-7
7797 3.3581304227985504e-7
7798 3.3581304227985504e-7
7799 3.3581304227985504e-7
7800 3.3581304227985504e-7
7801 3.3581304227985504e-7
7802 3.3581304227985504e-7
7803 3.3581304227985504e-7
7804 3.3581304227985504e-7
7805 3.3581304227985504e-7
7806 3.3581304227985504e-7
7807 3.3581304227985504e-7
7808 3.3581304227985504e-7
7809 3.3581304227985504e-7
7810 3.3581304227985504e-7
7811 3.3581304227985504e-7
7812 3.3581304227985504e-7
7813 3.3581304227985504e-7
7814 3.3581304227985504e-7
7815 3.3581304227985504e-7
7816 3.3581304227985504e-7
7817 3.3581304227985504e-7
7818 3.3581304227985504e-7
7819 3.3581304227985504e-7
7820 3.3581304227985504e-7
7821 3.3581304227985504e-7
7822 3.3581304227985504e-7
7823 3.3581304227985504e-7
7824 3.3581304227985504e-7
7825 3.368848988364814e-7
7826 3.368848988364814e-7
7827 3.368848988364814e-7
7828 3.368848988364814e-7
7829 3.368848988364814e-7
7830 3.368848988364814e-7
7831 3.368848988364814e-7
7832 3.368848988364814e-7
7833 3.368848988364814e-7
7834 3.368848988364814e-7
7835 3.368848988364814e-7
7836 3.368848988364814e-7
7837 3.368848988364814e-7
7838 3.368848988364814e-7
7839 3.368848988364814e-7
7840 3.368848988364814e-7
7841 3.371973234015678e-7
7842 3.371973234015678e-7
7843 3.371973234015678e-7
7844 3.371973234015678e-7
7845 3.371973234015678e-7
7846 3.371973234015678e-7
7847 3.371973234015678e-7
7848 3.371973234015678e-7
7849 3.371973234015678e-7
7850 3.371973234015678e-7
7851 3.371973234015678e-7
7852 3.371973234015678e-7
7853 3.371973234015678e-7
7854 3.371973234015678e-7
7855 3.371973234015678e-7
7856 3.371973234015678e-7
7857 3.371973234015678e-7
7858 3.3821310402061693e-7
7859 3.3821310402061693e-7
7860 3.3821310402061693e-7
7861 3.3821310402061693e-7
7862 3.3821310402061693e-7
7863 3.3821310402061693e-7
7864 3.3821310402061693e-7
7865 3.3821310402061693e-7
7866 3.385703893357651e-7
7867 3.385703893357651e-7
7868 3.385703893357651e-7
7869 3.385703893357651e-7
7870 3.385703893357651e-7
7871 3.3871939242243155e-7
7872 3.3871939242243155e-7
7873 3.3871939242243155e-7
7874 3.3871939242243155e-7
7875 3.3871939242243155e-7
7876 3.3871939242243155e-7
7877 3.3871939242243155e-7
7878 3.3871939242243155e-7
7879 3.3871939242243155e-7
7880 3.3871939242243155e-7
7881 3.3871939242243155e-7
7882 3.3871939242243155e-7
7883 3.3871939242243155e-7
7884 3.389324828187707e-7
7885 3.389324828187707e-7
7886 3.389324828187707e-7
7887 3.3938429657953616e-7
7888 3.3938429657953616e-7
7889 3.3938429657953616e-7
7890 3.3938429657953616e-7
7891 3.3938429657953616e-7
7892 3.3938429657953616e-7
7893 3.3938429657953616e-7
7894 3.3938429657953616e-7
7895 3.3938429657953616e-7
7896 3.399514672532398e-7
7897 3.399514672532398e-7
7898 3.399514672532398e-7
7899 3.399514672532398e-7
7900 3.402654931148543e-7
7901 3.402654931148543e-7
7902 3.402654931148543e-7
7903 3.4047858228882974e-7
7904 3.4047858228882974e-7
7905 3.4047858228882974e-7
7906 3.4047858228882974e-7
7907 3.4047858228882974e-7
7908 3.40694875889407e-7
7909 3.40694875889407e-7
7910 3.40694875889407e-7
7911 3.40694875889407e-7
7912 3.40694875889407e-7
7913 3.40694875889407e-7
7914 3.40694875889407e-7
7915 3.40694875889407e-7
7916 3.40694875889407e-7
7917 3.40694875889407e-7
7918 3.40694875889407e-7
7919 3.40694875889407e-7
7920 3.40694875889407e-7
7921 3.40694875889407e-7
7922 3.40694875889407e-7
7923 3.40694875889407e-7
7924 3.40694875889407e-7
7925 3.40694875889407e-7
7926 3.40694875889407e-7
7927 3.40694875889407e-7
7928 3.40694875889407e-7
7929 3.40694875889407e-7
7930 3.40694875889407e-7
7931 3.40694875889407e-7
7932 3.4221053483470335e-7
7933 3.4209357662523707e-7
7934 3.4209357662523707e-7
7935 3.4209357662523707e-7
7936 3.429779781983389e-7
7937 3.429779781983389e-7
7938 3.429779781983389e-7
7939 3.429779781983389e-7
7940 3.4347785713576796e-7
7941 3.4347785713576796e-7
7942 3.4347785713576796e-7
7943 3.4347785713576796e-7
7944 3.4347785713576796e-7
7945 3.4347785713576796e-7
7946 3.4347785713576796e-7
7947 3.442132568445671e-7
7948 3.442132568445671e-7
7949 3.442132568445671e-7
7950 3.442132568445671e-7
7951 3.442132568445671e-7
7952 3.442132568445671e-7
7953 3.442132568445671e-7
7954 3.442132568445671e-7
7955 3.442132568445671e-7
7956 3.442132568445671e-7
7957 3.442132568445671e-7
7958 3.442132568445671e-7
7959 3.442132568445671e-7
7960 3.442132568445671e-7
7961 3.442132568445671e-7
7962 3.442132568445671e-7
7963 3.442132568445671e-7
7964 3.442132568445671e-7
7965 3.442132568445671e-7
7966 3.442132568445671e-7
7967 3.442132568445671e-7
7968 3.442132568445671e-7
7969 3.442132568445671e-7
7970 3.442132568445671e-7
7971 3.442132568445671e-7
7972 3.442132568445671e-7
7973 3.442132568445671e-7
7974 3.442132568445671e-7
7975 3.443125916244962e-7
7976 3.443125916244962e-7
7977 3.443125916244962e-7
7978 3.443125916244962e-7
7979 3.443125916244962e-7
7980 3.443125916244962e-7
7981 3.443125916244962e-7
7982 3.443125916244962e-7
7983 3.452306387601444e-7
7984 3.452306387601444e-7
7985 3.452306387601444e-7
7986 3.452306387601444e-7
7987 3.4551582600470615e-7
7988 3.4551582600470615e-7
7989 3.4551582600470615e-7
7990 3.4551582600470615e-7
7991 3.4551582600470615e-7
7992 3.4551582600470615e-7
7993 3.4551582600470615e-7
7994 3.4551582600470615e-7
7995 3.4551582600470615e-7
7996 3.4551582600470615e-7
7997 3.4551582600470615e-7
7998 3.4551582600470615e-7
7999 3.4551582600470615e-7
8000 3.4551582600470615e-7
8001 3.4551582600470615e-7
8002 3.4551582600470615e-7
8003 3.4551582600470615e-7
8004 3.4551582600470615e-7
8005 3.4551582600470615e-7
8006 3.4551582600470615e-7
8007 3.4551582600470615e-7
8008 3.4551582600470615e-7
8009 3.4551582600470615e-7
8010 3.4551582600470615e-7
8011 3.4551582600470615e-7
8012 3.4551582600470615e-7
8013 3.4551582600470615e-7
8014 3.4551582600470615e-7
8015 3.4551582600470615e-7
8016 3.4551582600470615e-7
8017 3.4551582600470615e-7
8018 3.4551582600470615e-7
8019 3.4551582600470615e-7
8020 3.4551582600470615e-7
8021 3.4551582600470615e-7
8022 3.4551582600470615e-7
8023 3.4551582600470615e-7
8024 3.4551582600470615e-7
8025 3.4551582600470615e-7
8026 3.4551582600470615e-7
8027 3.4551582600470615e-7
8028 3.4551582600470615e-7
8029 3.4551582600470615e-7
8030 3.4551582600470615e-7
8031 3.4551582600470615e-7
8032 3.4551582600470615e-7
8033 3.4551582600470615e-7
8034 3.4551582600470615e-7
8035 3.4551582600470615e-7
8036 3.4551582600470615e-7
8037 3.4551582600470615e-7
8038 3.4551582600470615e-7
8039 3.4551582600470615e-7
8040 3.4551582600470615e-7
8041 3.4551582600470615e-7
8042 3.4551582600470615e-7
8043 3.4551582600470615e-7
8044 3.4551582600470615e-7
8045 3.4551582600470615e-7
8046 3.4551582600470615e-7
8047 3.4551582600470615e-7
8048 3.4551582600470615e-7
8049 3.4551582600470615e-7
8050 3.4551582600470615e-7
8051 3.4551582600470615e-7
8052 3.4551582600470615e-7
8053 3.4551582600470615e-7
8054 3.4551582600470615e-7
8055 3.4551582600470615e-7
8056 3.4551582600470615e-7
8057 3.4551582600470615e-7
8058 3.4551582600470615e-7
8059 3.4551582600470615e-7
8060 3.4551582600470615e-7
8061 3.4551582600470615e-7
8062 3.4728302663201796e-7
8063 3.4728302663201796e-7
8064 3.4728302663201796e-7
8065 3.4728302663201796e-7
8066 3.4728302663201796e-7
8067 3.4728302663201796e-7
8068 3.4728302663201796e-7
8069 3.4728302663201796e-7
8070 3.4755539678135433e-7
8071 3.4755539678135433e-7
8072 3.478694226429688e-7
8073 3.478694226429688e-7
8074 3.478694226429688e-7
8075 3.478694226429688e-7
8076 3.478694226429688e-7
8077 3.483292477758298e-7
8078 3.483292477758298e-7
8079 3.483292477758298e-7
8080 3.483292477758298e-7
8081 3.483292477758298e-7
8082 3.483292477758298e-7
8083 3.483292477758298e-7
8084 3.483292477758298e-7
8085 3.483292477758298e-7
8086 3.483292477758298e-7
8087 3.483292477758298e-7
8088 3.483292477758298e-7
8089 3.483292477758298e-7
8090 3.483292477758298e-7
8091 3.483292477758298e-7
8092 3.483292477758298e-7
8093 3.483292477758298e-7
8094 3.483292477758298e-7
8095 3.483292477758298e-7
8096 3.483292477758298e-7
8097 3.483292477758298e-7
8098 3.483292477758298e-7
8099 3.4882592228665703e-7
8100 3.4948922331368793e-7
8101 3.4964783845779606e-7
8102 3.4964783845779606e-7
8103 3.4964783845779606e-7
8104 3.4964783845779606e-7
8105 3.4964783845779606e-7
8106 3.4964783845779606e-7
8107 3.499842953056233e-7
8108 3.499842953056233e-7
8109 3.499842953056233e-7
8110 3.499842953056233e-7
8111 3.499842953056233e-7
8112 3.499842953056233e-7
8113 3.499842953056233e-7
8114 3.5022622431901515e-7
8115 3.5022622431901515e-7
8116 3.5022622431901515e-7
8117 3.5022622431901515e-7
8118 3.5022622431901515e-7
8119 3.5022622431901515e-7
8120 3.5022622431901515e-7
8121 3.5022622431901515e-7
8122 3.5022622431901515e-7
8123 3.5022622431901515e-7
8124 3.5022622431901515e-7
8125 3.5022622431901515e-7
8126 3.5022622431901515e-7
8127 3.5022622431901515e-7
8128 3.5022622431901515e-7
8129 3.5022622431901515e-7
8130 3.5022622431901515e-7
8131 3.5085427726460785e-7
8132 3.5085427726460785e-7
8133 3.5085427726460785e-7
8134 3.5085427726460785e-7
8135 3.5085427726460785e-7
8136 3.51211562579756e-7
8137 3.51211562579756e-7
8138 3.5158487002791335e-7
8139 3.5158487002791335e-7
8140 3.5158487002791335e-7
8141 3.5158487002791335e-7
8142 3.5158487002791335e-7
8143 3.5158487002791335e-7
8144 3.520110489870461e-7
8145 3.520110489870461e-7
8146 3.520110489870461e-7
8147 3.520110489870461e-7
8148 3.520110489870461e-7
8149 3.520110489870461e-7
8150 3.522818166174906e-7
8151 3.522818166174906e-7
8152 3.522818166174906e-7
8153 3.522818166174906e-7
8154 3.522818166174906e-7
8155 3.522818166174906e-7
8156 3.522818166174906e-7
8157 3.522818166174906e-7
8158 3.522818166174906e-7
8159 3.522818166174906e-7
8160 3.5334085485652786e-7
8161 3.5334085485652786e-7
8162 3.5334085485652786e-7
8163 3.5334085485652786e-7
8164 3.5334085485652786e-7
8165 3.5334085485652786e-7
8166 3.5334085485652786e-7
8167 3.537205711578888e-7
8168 3.537205711578888e-7
8169 3.5380228250828067e-7
8170 3.5380228250828067e-7
8171 3.5380228250828067e-7
8172 3.5380228250828067e-7
8173 3.5380228250828067e-7
8174 3.5380228250828067e-7
8175 3.5380228250828067e-7
8176 3.541531589702252e-7
8177 3.541531589702252e-7
8178 3.541531589702252e-7
8179 3.541531589702252e-7
8180 3.5500551688849064e-7
8181 3.5500551688849064e-7
8182 3.5500551688849064e-7
8183 3.5500551688849064e-7
8184 3.5500551688849064e-7
8185 3.5500551688849064e-7
8186 3.5500551688849064e-7
8187 3.5500551688849064e-7
8188 3.5500551688849064e-7
8189 3.5500551688849064e-7
8190 3.5500551688849064e-7
8191 3.5500551688849064e-7
8192 3.5500551688849064e-7
8193 3.5500551688849064e-7
8194 3.5500551688849064e-7
8195 3.5500551688849064e-7
8196 3.5500551688849064e-7
8197 3.5500551688849064e-7
8198 3.5500551688849064e-7
8199 3.5500551688849064e-7
8200 3.5500551688849064e-7
8201 3.5500551688849064e-7
8202 3.5500551688849064e-7
8203 3.5500551688849064e-7
8204 3.5525065032848434e-7
8205 3.5525065032848434e-7
8206 3.5525065032848434e-7
8207 3.5569445332833616e-7
8208 3.5569445332833616e-7
8209 3.5569445332833616e-7
8210 3.5569445332833616e-7
8211 3.5569445332833616e-7
8212 3.5569445332833616e-7
8213 3.5569445332833616e-7
8214 3.5569445332833616e-7
8215 3.5569445332833616e-7
8216 3.5569445332833616e-7
8217 3.5569445332833616e-7
8218 3.5569445332833616e-7
8219 3.5569445332833616e-7
8220 3.5569445332833616e-7
8221 3.5569445332833616e-7
8222 3.5569445332833616e-7
8223 3.5569445332833616e-7
8224 3.5569445332833616e-7
8225 3.5569445332833616e-7
8226 3.5569445332833616e-7
8227 3.5569445332833616e-7
8228 3.5569445332833616e-7
8229 3.5569445332833616e-7
8230 3.557601431569008e-7
8231 3.557601431569008e-7
8232 3.557601431569008e-7
8233 3.557601431569008e-7
8234 3.557601431569008e-7
8235 3.557601431569008e-7
8236 3.557601431569008e-7
8237 3.5613024556727436e-7
8238 3.5613024556727436e-7
8239 3.5613024556727436e-7
8240 3.5613024556727436e-7
8241 3.5613024556727436e-7
8242 3.5613024556727436e-7
8243 3.5613024556727436e-7
8244 3.5613024556727436e-7
8245 3.5613024556727436e-7
8246 3.5613024556727436e-7
8247 3.5613024556727436e-7
8248 3.5613024556727436e-7
8249 3.5613024556727436e-7
8250 3.5613024556727436e-7
8251 3.5613024556727436e-7
8252 3.5613024556727436e-7
8253 3.5613024556727436e-7
8254 3.5613024556727436e-7
8255 3.5613024556727436e-7
8256 3.5613024556727436e-7
8257 3.5613024556727436e-7
8258 3.5613024556727436e-7
8259 3.5613024556727436e-7
8260 3.5613024556727436e-7
8261 3.563721739694843e-7
8262 3.563721739694843e-7
8263 3.563721739694843e-7
8264 3.563721739694843e-7
8265 3.563721739694843e-7
8266 3.563721739694843e-7
8267 3.5674548080645973e-7
8268 3.5674548080645973e-7
8269 3.574119856489106e-7
8270 3.574119856489106e-7
8271 3.574119856489106e-7
8272 3.574119856489106e-7
8273 3.574119856489106e-7
8274 3.574119856489106e-7
8275 3.574119856489106e-7
8276 3.574119856489106e-7
8277 3.579358980914443e-7
8278 3.5870654465931787e-7
8279 3.5870654465931787e-7
8280 3.5870654465931787e-7
8281 3.5870654465931787e-7
8282 3.5870654465931787e-7
8283 3.5870654465931787e-7
8284 3.5870654465931787e-7
8285 3.5870654465931787e-7
8286 3.5870654465931787e-7
8287 3.5870654465931787e-7
8288 3.5870654465931787e-7
8289 3.5870654465931787e-7
8290 3.5870654465931787e-7
8291 3.5870654465931787e-7
8292 3.5870654465931787e-7
8293 3.5870654465931787e-7
8294 3.5870654465931787e-7
8295 3.5870654465931787e-7
8296 3.5870654465931787e-7
8297 3.5870654465931787e-7
8298 3.5870654465931787e-7
8299 3.5870654465931787e-7
8300 3.5870654465931787e-7
8301 3.5870654465931787e-7
8302 3.5870654465931787e-7
8303 3.5870654465931787e-7
8304 3.5870654465931787e-7
8305 3.5870654465931787e-7
8306 3.5870654465931787e-7
8307 3.5870654465931787e-7
8308 3.5870654465931787e-7
8309 3.5899493633048147e-7
8310 3.5899493633048147e-7
8311 3.5899493633048147e-7
8312 3.595412785368642e-7
8313 3.595412785368642e-7
8314 3.595412785368642e-7
8315 3.595412785368642e-7
8316 3.595412785368642e-7
8317 3.595412785368642e-7
8318 3.595412785368642e-7
8319 3.595412785368642e-7
8320 3.595412785368642e-7
8321 3.595412785368642e-7
8322 3.595412785368642e-7
8323 3.595412785368642e-7
8324 3.595412785368642e-7
8325 3.595412785368642e-7
8326 3.595412785368642e-7
8327 3.595412785368642e-7
8328 3.604721427677378e-7
8329 3.604721427677378e-7
8330 3.604721427677378e-7
8331 3.604721427677378e-7
8332 3.604721427677378e-7
8333 3.604721427677378e-7
8334 3.604721427677378e-7
8335 3.604721427677378e-7
8336 3.604721427677378e-7
8337 3.604721427677378e-7
8338 3.6144626522978135e-7
8339 3.6144626522978135e-7
8340 3.6144626522978135e-7
8341 3.6144626522978135e-7
8342 3.6144626522978135e-7
8343 3.6144626522978135e-7
8344 3.6221530988994496e-7
8345 3.6221530988994496e-7
8346 3.6221530988994496e-7
8347 3.6221530988994496e-7
8348 3.6221530988994496e-7
8349 3.6221530988994496e-7
8350 3.6221530988994496e-7
8351 3.6221530988994496e-7
8352 3.6221530988994496e-7
8353 3.6221530988994496e-7
8354 3.6221530988994496e-7
8355 3.6221530988994496e-7
8356 3.6221530988994496e-7
8357 3.6221530988994496e-7
8358 3.6221530988994496e-7
8359 3.6221530988994496e-7
8360 3.6221530988994496e-7
8361 3.6221530988994496e-7
8362 3.6289943938429676e-7
8363 3.6289943938429676e-7
8364 3.6289943938429676e-7
8365 3.6289943938429676e-7
8366 3.6289943938429676e-7
8367 3.6289943938429676e-7
8368 3.6289943938429676e-7
8369 3.6289943938429676e-7
8370 3.6289943938429676e-7
8371 3.6289943938429676e-7
8372 3.6289943938429676e-7
8373 3.6289943938429676e-7
8374 3.6289943938429676e-7
8375 3.6289943938429676e-7
8376 3.6289943938429676e-7
8377 3.6289943938429676e-7
8378 3.6289943938429676e-7
8379 3.6289943938429676e-7
8380 3.6289943938429676e-7
8381 3.6289943938429676e-7
8382 3.6289943938429676e-7
8383 3.6289943938429676e-7
8384 3.6289943938429676e-7
8385 3.6289943938429676e-7
8386 3.6289943938429676e-7
8387 3.6289943938429676e-7
8388 3.630035804985376e-7
8389 3.630035804985376e-7
8390 3.630035804985376e-7
8391 3.630035804985376e-7
8392 3.630035804985376e-7
8393 3.630035804985376e-7
8394 3.630035804985376e-7
8395 3.630035804985376e-7
8396 3.630035804985376e-7
8397 3.630035804985376e-7
8398 3.630035804985376e-7
8399 3.630035804985376e-7
8400 3.630035804985376e-7
8401 3.630035804985376e-7
8402 3.630035804985376e-7
8403 3.630035804985376e-7
8404 3.630035804985376e-7
8405 3.630035804985376e-7
8406 3.630035804985376e-7
8407 3.630035804985376e-7
8408 3.630035804985376e-7
8409 3.630035804985376e-7
8410 3.630035804985376e-7
8411 3.630035804985376e-7
8412 3.630035804985376e-7
8413 3.630035804985376e-7
8414 3.630035804985376e-7
8415 3.630035804985376e-7
8416 3.630035804985376e-7
8417 3.630035804985376e-7
8418 3.630035804985376e-7
8419 3.630035804985376e-7
8420 3.630035804985376e-7
8421 3.630035804985376e-7
8422 3.630035804985376e-7
8423 3.630035804985376e-7
8424 3.630035804985376e-7
8425 3.630035804985376e-7
8426 3.630035804985376e-7
8427 3.630035804985376e-7
8428 3.630035804985376e-7
8429 3.630035804985376e-7
8430 3.630035804985376e-7
8431 3.630035804985376e-7
8432 3.630035804985376e-7
8433 3.630035804985376e-7
8434 3.630035804985376e-7
8435 3.630035804985376e-7
8436 3.630035804985376e-7
8437 3.630035804985376e-7
8438 3.630035804985376e-7
8439 3.630035804985376e-7
8440 3.630035804985376e-7
8441 3.630035804985376e-7
8442 3.630035804985376e-7
8443 3.630035804985376e-7
8444 3.630035804985376e-7
8445 3.630035804985376e-7
8446 3.630035804985376e-7
8447 3.630035804985376e-7
8448 3.633576607759021e-7
8449 3.633576607759021e-7
8450 3.633576607759021e-7
8451 3.633576607759021e-7
8452 3.6342174869675675e-7
8453 3.6342174869675675e-7
8454 3.637838403462167e-7
8455 3.6434940850102854e-7
8456 3.6434940850102854e-7
8457 3.649870753376086e-7
8458 3.649870753376086e-7
8459 3.649870753376086e-7
8460 3.649870753376086e-7
8461 3.649870753376086e-7
8462 3.654372865794822e-7
8463 3.654372865794822e-7
8464 3.654372865794822e-7
8465 3.654372865794822e-7
8466 3.654372865794822e-7
8467 3.654372865794822e-7
8468 3.654372865794822e-7
8469 3.654372865794822e-7
8470 3.654372865794822e-7
8471 3.6598202687815494e-7
8472 3.6598202687815494e-7
8473 3.6598202687815494e-7
8474 3.6598202687815494e-7
8475 3.6598202687815494e-7
8476 3.6598202687815494e-7
8477 3.6598202687815494e-7
8478 3.6598202687815494e-7
8479 3.6598202687815494e-7
8480 3.6598202687815494e-7
8481 3.6598202687815494e-7
8482 3.6598202687815494e-7
8483 3.6598202687815494e-7
8484 3.6598202687815494e-7
8485 3.6598202687815494e-7
8486 3.6598202687815494e-7
8487 3.6598202687815494e-7
8488 3.6598202687815494e-7
8489 3.6598202687815494e-7
8490 3.6598202687815494e-7
8491 3.6685361135603135e-7
8492 3.6685361135603135e-7
8493 3.6685361135603135e-7
8494 3.6685361135603135e-7
8495 3.6685361135603135e-7
8496 3.6685361135603135e-7
8497 3.6685361135603135e-7
8498 3.6685361135603135e-7
8499 3.6685361135603135e-7
8500 3.6685361135603135e-7
8501 3.6685361135603135e-7
8502 3.6685361135603135e-7
8503 3.6685361135603135e-7
8504 3.6685361135603135e-7
8505 3.6685361135603135e-7
8506 3.6685361135603135e-7
8507 3.6685361135603135e-7
8508 3.6685361135603135e-7
8509 3.6685361135603135e-7
8510 3.6685361135603135e-7
8511 3.6685361135603135e-7
8512 3.6696095689687403e-7
8513 3.6696095689687403e-7
8514 3.6696095689687403e-7
8515 3.6696095689687403e-7
8516 3.6696095689687403e-7
8517 3.6696095689687403e-7
8518 3.6696095689687403e-7
8519 3.6696095689687403e-7
8520 3.6696095689687403e-7
8521 3.6696095689687403e-7
8522 3.6696095689687403e-7
8523 3.6696095689687403e-7
8524 3.6696095689687403e-7
8525 3.6696095689687403e-7
8526 3.6696095689687403e-7
8527 3.6696095689687403e-7
8528 3.6696095689687403e-7
8529 3.6696095689687403e-7
8530 3.6696095689687403e-7
8531 3.6696095689687403e-7
8532 3.6696095689687403e-7
8533 3.6771397942402854e-7
8534 3.6771397942402854e-7
8535 3.6771397942402854e-7
8536 3.6785176671199763e-7
8537 3.6785176671199763e-7
8538 3.6785176671199763e-7
8539 3.6785176671199763e-7
8540 3.6785176671199763e-7
8541 3.6785176671199763e-7
8542 3.6785176671199763e-7
8543 3.6785176671199763e-7
8544 3.6785176671199763e-7
8545 3.6785176671199763e-7
8546 3.6785176671199763e-7
8547 3.6785176671199763e-7
8548 3.6785176671199763e-7
8549 3.6785176671199763e-7
8550 3.6785176671199763e-7
8551 3.6785176671199763e-7
8552 3.6785176671199763e-7
8553 3.6785176671199763e-7
8554 3.6785176671199763e-7
8555 3.6785176671199763e-7
8556 3.6785176671199763e-7
8557 3.6785176671199763e-7
8558 3.6785176671199763e-7
8559 3.6785176671199763e-7
8560 3.6785176671199763e-7
8561 3.6785176671199763e-7
8562 3.6785176671199763e-7
8563 3.6785176671199763e-7
8564 3.6785176671199763e-7
8565 3.6785176671199763e-7
8566 3.6785176671199763e-7
8567 3.6785176671199763e-7
8568 3.6785176671199763e-7
8569 3.6785176671199763e-7
8570 3.6785176671199763e-7
8571 3.6785176671199763e-7
8572 3.692328427959267e-7
8573 3.692328427959267e-7
8574 3.692328427959267e-7
8575 3.692328427959267e-7
8576 3.692328427959267e-7
8577 3.692328427959267e-7
8578 3.692328427959267e-7
8579 3.692328427959267e-7
8580 3.692328427959267e-7
8581 3.692328427959267e-7
8582 3.692328427959267e-7
8583 3.692328427959267e-7
8584 3.692328427959267e-7
8585 3.692328427959267e-7
8586 3.692328427959267e-7
8587 3.692328427959267e-7
8588 3.6969907617080945e-7
8589 3.6969907617080945e-7
8590 3.6969907617080945e-7
8591 3.6969907617080945e-7
8592 3.6969907617080945e-7
8593 3.7066999542861493e-7
8594 3.7066999542861493e-7
8595 3.7066999542861493e-7
8596 3.7066999542861493e-7
8597 3.7066999542861493e-7
8598 3.7066999542861493e-7
8599 3.7066999542861493e-7
8600 3.7066999542861493e-7
8601 3.7066999542861493e-7
8602 3.7066999542861493e-7
8603 3.7066999542861493e-7
8604 3.7066999542861493e-7
8605 3.7066999542861493e-7
8606 3.708462340022603e-7
8607 3.708462340022603e-7
8608 3.708462340022603e-7
8609 3.708462340022603e-7
8610 3.7182676653987126e-7
8611 3.7182676653987126e-7
8612 3.7182676653987126e-7
8613 3.7182676653987126e-7
8614 3.7182676653987126e-7
8615 3.7182676653987126e-7
8616 3.7182676653987126e-7
8617 3.7182676653987126e-7
8618 3.7182676653987126e-7
8619 3.7182676653987126e-7
8620 3.7182676653987126e-7
8621 3.7182676653987126e-7
8622 3.7182676653987126e-7
8623 3.7232023723527854e-7
8624 3.7232023723527854e-7
8625 3.7232023723527854e-7
8626 3.7232023723527854e-7
8627 3.7232023723527854e-7
8628 3.7232023723527854e-7
8629 3.7232023723527854e-7
8630 3.7232023723527854e-7
8631 3.729370749933558e-7
8632 3.729370749933558e-7
8633 3.734225343166676e-7
8634 3.734225343166676e-7
8635 3.734225343166676e-7
8636 3.734225343166676e-7
8637 3.734225343166676e-7
8638 3.734225343166676e-7
8639 3.741387074658558e-7
8640 3.741387074658558e-7
8641 3.741387074658558e-7
8642 3.741387074658558e-7
8643 3.741387074658558e-7
8644 3.741387074658558e-7
8645 3.741387074658558e-7
8646 3.741387074658558e-7
8647 3.741387074658558e-7
8648 3.7473792179439584e-7
8649 3.7473792179439584e-7
8650 3.7473792179439584e-7
8651 3.7473792179439584e-7
8652 3.7473792179439584e-7
8653 3.7473792179439584e-7
8654 3.7473792179439584e-7
8655 3.7473792179439584e-7
8656 3.7473792179439584e-7
8657 3.7473792179439584e-7
8658 3.754124380089422e-7
8659 3.754124380089422e-7
8660 3.754124380089422e-7
8661 3.754124380089422e-7
8662 3.754124380089422e-7
8663 3.754124380089422e-7
8664 3.754124380089422e-7
8665 3.754124380089422e-7
8666 3.754124380089422e-7
8667 3.754124380089422e-7
8668 3.754124380089422e-7
8669 3.754124380089422e-7
8670 3.754124380089422e-7
8671 3.754124380089422e-7
8672 3.754124380089422e-7
8673 3.754124380089422e-7
8674 3.754124380089422e-7
8675 3.754124380089422e-7
8676 3.754124380089422e-7
8677 3.754124380089422e-7
8678 3.754124380089422e-7
8679 3.754124380089422e-7
8680 3.754124380089422e-7
8681 3.754124380089422e-7
8682 3.754124380089422e-7
8683 3.754124380089422e-7
8684 3.764874983809885e-7
8685 3.764874983809885e-7
8686 3.764874983809885e-7
8687 3.764874983809885e-7
8688 3.764874983809885e-7
8689 3.764874983809885e-7
8690 3.764874983809885e-7
8691 3.764874983809885e-7
8692 3.764874983809885e-7
8693 3.764874983809885e-7
8694 3.764874983809885e-7
8695 3.764874983809885e-7
8696 3.764874983809885e-7
8697 3.764874983809885e-7
8698 3.7683997675064303e-7
8699 3.7683997675064303e-7
8700 3.7683997675064303e-7
8701 3.7683997675064303e-7
8702 3.7683997675064303e-7
8703 3.7683997675064303e-7
8704 3.7683997675064303e-7
8705 3.7683997675064303e-7
8706 3.7683997675064303e-7
8707 3.771972620657912e-7
8708 3.771972620657912e-7
8709 3.771972620657912e-7
8710 3.771972620657912e-7
8711 3.771972620657912e-7
8712 3.771972620657912e-7
8713 3.771972620657912e-7
8714 3.771972620657912e-7
8715 3.771972620657912e-7
8716 3.777131631362294e-7
8717 3.777131631362294e-7
8718 3.777131631362294e-7
8719 3.777131631362294e-7
8720 3.778124979161585e-7
8721 3.778124979161585e-7
8722 3.778124979161585e-7
8723 3.778124979161585e-7
8724 3.778124979161585e-7
8725 3.778124979161585e-7
8726 3.778124979161585e-7
8727 3.778124979161585e-7
8728 3.778124979161585e-7
8729 3.778124979161585e-7
8730 3.778124979161585e-7
8731 3.778124979161585e-7
8732 3.778124979161585e-7
8733 3.778124979161585e-7
8734 3.781761926956922e-7
8735 3.781761926956922e-7
8736 3.781761926956922e-7
8737 3.781761926956922e-7
8738 3.781761926956922e-7
8739 3.781761926956922e-7
8740 3.781761926956922e-7
8741 3.781761926956922e-7
8742 3.781761926956922e-7
8743 3.781761926956922e-7
8744 3.781761926956922e-7
8745 3.781761926956922e-7
8746 3.781761926956922e-7
8747 3.781761926956922e-7
8748 3.781761926956922e-7
8749 3.781761926956922e-7
8750 3.781761926956922e-7
8751 3.786119849346304e-7
8752 3.786119849346304e-7
8753 3.786119849346304e-7
8754 3.786119849346304e-7
8755 3.786119849346304e-7
8756 3.786119849346304e-7
8757 3.786119849346304e-7
8758 3.786119849346304e-7
8759 3.786119849346304e-7
8760 3.786119849346304e-7
8761 3.786119849346304e-7
8762 3.786119849346304e-7
8763 3.786119849346304e-7
8764 3.786119849346304e-7
8765 3.786119849346304e-7
8766 3.786119849346304e-7
8767 3.786119849346304e-7
8768 3.786119849346304e-7
8769 3.786119849346304e-7
8770 3.786119849346304e-7
8771 3.786119849346304e-7
8772 3.786119849346304e-7
8773 3.786119849346304e-7
8774 3.786119849346304e-7
8775 3.786119849346304e-7
8776 3.786119849346304e-7
8777 3.786119849346304e-7
8778 3.786119849346304e-7
8779 3.7877540702423226e-7
8780 3.7877540702423226e-7
8781 3.7877540702423226e-7
8782 3.7877540702423226e-7
8783 3.7877540702423226e-7
8784 3.7877540702423226e-7
8785 3.7877540702423226e-7
8786 3.7877540702423226e-7
8787 3.7877540702423226e-7
8788 3.7877540702423226e-7
8789 3.7877540702423226e-7
8790 3.7877540702423226e-7
8791 3.7877540702423226e-7
8792 3.7877540702423226e-7
8793 3.7877540702423226e-7
8794 3.7877540702423226e-7
8795 3.7877540702423226e-7
8796 3.7877540702423226e-7
8797 3.7877540702423226e-7
8798 3.7877540702423226e-7
8799 3.7877540702423226e-7
8800 3.7877540702423226e-7
8801 3.7877540702423226e-7
8802 3.7877540702423226e-7
8803 3.7877540702423226e-7
8804 3.7877540702423226e-7
8805 3.7877540702423226e-7
8806 3.7877540702423226e-7
8807 3.7877540702423226e-7
8808 3.7877540702423226e-7
8809 3.7877540702423226e-7
8810 3.7877540702423226e-7
8811 3.7877540702423226e-7
8812 3.7877540702423226e-7
8813 3.7877540702423226e-7
8814 3.7877540702423226e-7
8815 3.7953964535008407e-7
8816 3.7953964535008407e-7
8817 3.7953964535008407e-7
8818 3.7953964535008407e-7
8819 3.7953964535008407e-7
8820 3.7953964535008407e-7
8821 3.796309693690995e-7
8822 3.796309693690995e-7
8823 3.7987289777130947e-7
8824 3.7987289777130947e-7
8825 3.7987289777130947e-7
8826 3.7987289777130947e-7
8827 3.7987289777130947e-7
8828 3.7987289777130947e-7
8829 3.7987289777130947e-7
8830 3.7987289777130947e-7
8831 3.7987289777130947e-7
8832 3.7987289777130947e-7
8833 3.7987289777130947e-7
8834 3.7987289777130947e-7
8835 3.7987289777130947e-7
8836 3.7987289777130947e-7
8837 3.7987289777130947e-7
8838 3.7987289777130947e-7
8839 3.7987289777130947e-7
8840 3.7987289777130947e-7
8841 3.806771899017294e-7
8842 3.806771899017294e-7
8843 3.811097777140658e-7
8844 3.811097777140658e-7
8845 3.811097777140658e-7
8846 3.811097777140658e-7
8847 3.811097777140658e-7
8848 3.811097777140658e-7
8849 3.811097777140658e-7
8850 3.811097777140658e-7
8851 3.811097777140658e-7
8852 3.811097777140658e-7
8853 3.811097777140658e-7
8854 3.821175457386557e-7
8855 3.821175457386557e-7
8856 3.821175457386557e-7
8857 3.821175457386557e-7
8858 3.8269753350758476e-7
8859 3.8269753350758476e-7
8860 3.8269753350758476e-7
8861 3.829955384585539e-7
8862 3.829955384585539e-7
8863 3.829955384585539e-7
8864 3.829955384585539e-7
8865 3.8335602820030387e-7
8866 3.8335602820030387e-7
8867 3.8335602820030387e-7
8868 3.8335602820030387e-7
8869 3.8335602820030387e-7
8870 3.8335602820030387e-7
8871 3.8335602820030387e-7
8872 3.8361878506983477e-7
8873 3.8361878506983477e-7
8874 3.8361878506983477e-7
8875 3.8361878506983477e-7
8876 3.8361878506983477e-7
8877 3.8361878506983477e-7
8878 3.8361878506983477e-7
8879 3.8361878506983477e-7
8880 3.8361878506983477e-7
8881 3.8361878506983477e-7
8882 3.8361878506983477e-7
8883 3.8361878506983477e-7
8884 3.8361878506983477e-7
8885 3.8361878506983477e-7
8886 3.8361878506983477e-7
8887 3.8361878506983477e-7
8888 3.8361878506983477e-7
8889 3.8361878506983477e-7
8890 3.8361878506983477e-7
8891 3.8361878506983477e-7
8892 3.8361878506983477e-7
8893 3.8361878506983477e-7
8894 3.8361878506983477e-7
8895 3.8361878506983477e-7
8896 3.8409302920563114e-7
8897 3.8409302920563114e-7
8898 3.8409302920563114e-7
8899 3.843782164501929e-7
8900 3.843782164501929e-7
8901 3.843782164501929e-7
8902 3.843782164501929e-7
8903 3.843782164501929e-7
8904 3.843782164501929e-7
8905 3.843782164501929e-7
8906 3.843782164501929e-7
8907 3.843782164501929e-7
8908 3.843782164501929e-7
8909 3.843782164501929e-7
8910 3.843782164501929e-7
8911 3.843782164501929e-7
8912 3.843782164501929e-7
8913 3.843782164501929e-7
8914 3.843782164501929e-7
8915 3.843782164501929e-7
8916 3.843782164501929e-7
8917 3.843782164501929e-7
8918 3.843782164501929e-7
8919 3.843782164501929e-7
8920 3.843782164501929e-7
8921 3.843782164501929e-7
8922 3.843782164501929e-7
8923 3.843782164501929e-7
8924 3.843782164501929e-7
8925 3.8486047195808477e-7
8926 3.8486047195808477e-7
8927 3.8486047195808477e-7
8928 3.8486047195808477e-7
8929 3.8486047195808477e-7
8930 3.8486047195808477e-7
8931 3.8486047195808477e-7
8932 3.8486047195808477e-7
8933 3.8486047195808477e-7
8934 3.8486047195808477e-7
8935 3.8486047195808477e-7
8936 3.8486047195808477e-7
8937 3.8486047195808477e-7
8938 3.8486047195808477e-7
8939 3.8486047195808477e-7
8940 3.8486047195808477e-7
8941 3.8486047195808477e-7
8942 3.8486047195808477e-7
8943 3.8559907487112197e-7
8944 3.8559907487112197e-7
8945 3.8559907487112197e-7
8946 3.8559907487112197e-7
8947 3.8559907487112197e-7
8948 3.8559907487112197e-7
8949 3.8559907487112197e-7
8950 3.8559907487112197e-7
8951 3.8559907487112197e-7
8952 3.8559907487112197e-7
8953 3.8606370633829474e-7
8954 3.8606370633829474e-7
8955 3.8644502393618377e-7
8956 3.8644502393618377e-7
8957 3.8644502393618377e-7
8958 3.8644502393618377e-7
8959 3.8644502393618377e-7
8960 3.8644502393618377e-7
8961 3.8644502393618377e-7
8962 3.8644502393618377e-7
8963 3.8644502393618377e-7
8964 3.8661966121330105e-7
8965 3.8661966121330105e-7
8966 3.877027335686248e-7
8967 3.877027335686248e-7
8968 3.877027335686248e-7
8969 3.877027335686248e-7
8970 3.877027335686248e-7
8971 3.877027335686248e-7
8972 3.877027335686248e-7
8973 3.877027335686248e-7
8974 3.8826990424232844e-7
8975 3.8826990424232844e-7
8976 3.8826990424232844e-7
8977 3.8826990424232844e-7
8978 3.8826990424232844e-7
8979 3.8826990424232844e-7
8980 3.8826990424232844e-7
8981 3.8826990424232844e-7
8982 3.8938662154901663e-7
8983 3.8938662154901663e-7
8984 3.8938662154901663e-7
8985 3.8977114357350747e-7
8986 3.8977114357350747e-7
8987 3.9019892505153206e-7
8988 3.9019892505153206e-7
8989 3.9019892505153206e-7
8990 3.9019892505153206e-7
8991 3.9019892505153206e-7
8992 3.914438163663839e-7
8993 3.914438163663839e-7
8994 3.914438163663839e-7
8995 3.914438163663839e-7
8996 3.914438163663839e-7
8997 3.914438163663839e-7
8998 3.914438163663839e-7
8999 3.919917610916585e-7
9000 3.919917610916585e-7
9001 3.919917610916585e-7
9002 3.919917610916585e-7
9003 3.919917610916585e-7
9004 3.919917610916585e-7
9005 3.919917610916585e-7
9006 3.919917610916585e-7
9007 3.919917610916585e-7
9008 3.919917610916585e-7
9009 3.919917610916585e-7
9010 3.919917610916585e-7
9011 3.919917610916585e-7
9012 3.919917610916585e-7
9013 3.919917610916585e-7
9014 3.919917610916585e-7
9015 3.919917610916585e-7
9016 3.919917610916585e-7
9017 3.919917610916585e-7
9018 3.919917610916585e-7
9019 3.919917610916585e-7
9020 3.919917610916585e-7
9021 3.919917610916585e-7
9022 3.919917610916585e-7
9023 3.919917610916585e-7
9024 3.919917610916585e-7
9025 3.919917610916585e-7
9026 3.919917610916585e-7
9027 3.919917610916585e-7
9028 3.919917610916585e-7
9029 3.919917610916585e-7
9030 3.919917610916585e-7
9031 3.919917610916585e-7
9032 3.919917610916585e-7
9033 3.9230258374903487e-7
9034 3.9230258374903487e-7
9035 3.9230258374903487e-7
9036 3.926214177785068e-7
9037 3.926214177785068e-7
9038 3.926214177785068e-7
9039 3.926214177785068e-7
9040 3.926214177785068e-7
9041 3.926214177785068e-7
9042 3.926214177785068e-7
9043 3.926214177785068e-7
9044 3.926214177785068e-7
9045 3.926214177785068e-7
9046 3.926214177785068e-7
9047 3.926214177785068e-7
9048 3.926214177785068e-7
9049 3.926214177785068e-7
9050 3.926214177785068e-7
9051 3.926214177785068e-7
9052 3.926214177785068e-7
9053 3.926214177785068e-7
9054 3.926214177785068e-7
9055 3.926214177785068e-7
9056 3.934000757184759e-7
9057 3.934000757184759e-7
9058 3.934000757184759e-7
9059 3.934000757184759e-7
9060 3.940105052345314e-7
9061 3.940105052345314e-7
9062 3.940105052345314e-7
9063 3.940105052345314e-7
9064 3.940105052345314e-7
9065 3.941386798538769e-7
9066 3.941386798538769e-7
9067 3.941386798538769e-7
9068 3.941386798538769e-7
9069 3.941386798538769e-7
9070 3.941386798538769e-7
9071 3.941386798538769e-7
9072 3.941386798538769e-7
9073 3.941386798538769e-7
9074 3.941386798538769e-7
9075 3.941386798538769e-7
9076 3.941386798538769e-7
9077 3.941386798538769e-7
9078 3.941386798538769e-7
9079 3.941386798538769e-7
9080 3.941386798538769e-7
9081 3.941386798538769e-7
9082 3.941386798538769e-7
9083 3.941386798538769e-7
9084 3.941386798538769e-7
9085 3.941386798538769e-7
9086 3.941386798538769e-7
9087 3.941386798538769e-7
9088 3.941386798538769e-7
9089 3.941386798538769e-7
9090 3.941386798538769e-7
9091 3.941386798538769e-7
9092 3.941386798538769e-7
9093 3.941386798538769e-7
9094 3.941386798538769e-7
9095 3.941386798538769e-7
9096 3.941386798538769e-7
9097 3.941386798538769e-7
9098 3.941386798538769e-7
9099 3.941386798538769e-7
9100 3.941386798538769e-7
9101 3.941386798538769e-7
9102 3.941386798538769e-7
9103 3.9439983420451596e-7
9104 3.9439983420451596e-7
9105 3.9439983420451596e-7
9106 3.9439983420451596e-7
9107 3.9439983420451596e-7
9108 3.9439983420451596e-7
9109 3.9439983420451596e-7
9110 3.9439983420451596e-7
9111 3.9439983420451596e-7
9112 3.9439983420451596e-7
9113 3.9439983420451596e-7
9114 3.9439983420451596e-7
9115 3.9439983420451596e-7
9116 3.9439983420451596e-7
9117 3.9439983420451596e-7
9118 3.9439983420451596e-7
9119 3.9439983420451596e-7
9120 3.9439983420451596e-7
9121 3.9439983420451596e-7
9122 3.9439983420451596e-7
9123 3.9439983420451596e-7
9124 3.9513523330213326e-7
9125 3.9513523330213326e-7
9126 3.9513523330213326e-7
9127 3.9513523330213326e-7
9128 3.9513523330213326e-7
9129 3.9513523330213326e-7
9130 3.9513523330213326e-7
9131 3.9513523330213326e-7
9132 3.9513523330213326e-7
9133 3.9513523330213326e-7
9134 3.955758312642014e-7
9135 3.955758312642014e-7
9136 3.955758312642014e-7
9137 3.955758312642014e-7
9138 3.955758312642014e-7
9139 3.955758312642014e-7
9140 3.9627598289156235e-7
9141 3.9627598289156235e-7
9142 3.9627598289156235e-7
9143 3.9627598289156235e-7
9144 3.9661404225828147e-7
9145 3.9661404225828147e-7
9146 3.9661404225828147e-7
9147 3.9661404225828147e-7
9148 3.9661404225828147e-7
9149 3.9661404225828147e-7
9150 3.968575731793833e-7
9151 3.968575731793833e-7
9152 3.968575731793833e-7
9153 3.968575731793833e-7
9154 3.968575731793833e-7
9155 3.968575731793833e-7
9156 3.968575731793833e-7
9157 3.968575731793833e-7
9158 3.968575731793833e-7
9159 3.968575731793833e-7
9160 3.968575731793833e-7
9161 3.968575731793833e-7
9162 3.968575731793833e-7
9163 3.968575731793833e-7
9164 3.976586614943833e-7
9165 3.976586614943833e-7
9166 3.976586614943833e-7
9167 3.976586614943833e-7
9168 3.976586614943833e-7
9169 3.976586614943833e-7
9170 3.976586614943833e-7
9171 3.980736246548187e-7
9172 3.980736246548187e-7
9173 3.980736246548187e-7
9174 3.980736246548187e-7
9175 3.980736246548187e-7
9176 3.980736246548187e-7
9177 3.980736246548187e-7
9178 3.980736246548187e-7
9179 3.980736246548187e-7
9180 3.980736246548187e-7
9181 3.980736246548187e-7
9182 3.980736246548187e-7
9183 3.980736246548187e-7
9184 3.980736246548187e-7
9185 3.980736246548187e-7
9186 3.984357163042787e-7
9187 3.984357163042787e-7
9188 3.984357163042787e-7
9189 3.984357163042787e-7
9190 3.984357163042787e-7
9191 3.984357163042787e-7
9192 3.984357163042787e-7
9193 3.984357163042787e-7
9194 3.984357163042787e-7
9195 3.984357163042787e-7
9196 3.984357163042787e-7
9197 3.984357163042787e-7
9198 3.984357163042787e-7
9199 3.984357163042787e-7
9200 3.984357163042787e-7
9201 3.984357163042787e-7
9202 3.984357163042787e-7
9203 3.984357163042787e-7
9204 3.984357163042787e-7
9205 3.984357163042787e-7
9206 3.984357163042787e-7
9207 3.984357163042787e-7
9208 3.984357163042787e-7
9209 3.984357163042787e-7
9210 3.984357163042787e-7
9211 3.984357163042787e-7
9212 3.984357163042787e-7
9213 3.984357163042787e-7
9214 3.984357163042787e-7
9215 3.984357163042787e-7
9216 3.984357163042787e-7
9217 3.984357163042787e-7
9218 3.984357163042787e-7
9219 3.984357163042787e-7
9220 3.984357163042787e-7
9221 3.984357163042787e-7
9222 3.984357163042787e-7
9223 3.984357163042787e-7
9224 3.984357163042787e-7
9225 3.984357163042787e-7
9226 3.984357163042787e-7
9227 3.984357163042787e-7
9228 3.984357163042787e-7
9229 3.984357163042787e-7
9230 3.984357163042787e-7
9231 3.984357163042787e-7
9232 3.984357163042787e-7
9233 3.984357163042787e-7
9234 3.984357163042787e-7
9235 3.984357163042787e-7
9236 3.984357163042787e-7
9237 3.984357163042787e-7
9238 3.984357163042787e-7
9239 3.984357163042787e-7
9240 3.984357163042787e-7
9241 3.984357163042787e-7
9242 3.984357163042787e-7
9243 3.984357163042787e-7
9244 3.984357163042787e-7
9245 3.984357163042787e-7
9246 3.984357163042787e-7
9247 3.984357163042787e-7
9248 3.984357163042787e-7
9249 3.984357163042787e-7
9250 3.984357163042787e-7
9251 3.984357163042787e-7
9252 3.984357163042787e-7
9253 3.984357163042787e-7
9254 3.984357163042787e-7
9255 3.984357163042787e-7
9256 3.984357163042787e-7
9257 3.984357163042787e-7
9258 3.984357163042787e-7
9259 3.984357163042787e-7
9260 3.992944824645659e-7
9261 3.992944824645659e-7
9262 3.992944824645659e-7
9263 3.992944824645659e-7
9264 3.992944824645659e-7
9265 3.9967419815474494e-7
9266 3.9967419815474494e-7
9267 3.9967419815474494e-7
9268 3.9967419815474494e-7
9269 4.005361693528159e-7
9270 4.005361693528159e-7
9271 4.005361693528159e-7
9272 4.005361693528159e-7
9273 4.005361693528159e-7
9274 4.008614110131277e-7
9275 4.008614110131277e-7
9276 4.008614110131277e-7
9277 4.011882551923313e-7
9278 4.011882551923313e-7
9279 4.011882551923313e-7
9280 4.0139653803199495e-7
9281 4.0139653803199495e-7
9282 4.0139653803199495e-7
9283 4.0139653803199495e-7
9284 4.0139653803199495e-7
9285 4.0139653803199495e-7
9286 4.0139653803199495e-7
9287 4.0139653803199495e-7
9288 4.0139653803199495e-7
9289 4.0139653803199495e-7
9290 4.0139653803199495e-7
9291 4.0139653803199495e-7
9292 4.0139653803199495e-7
9293 4.021527643745694e-7
9294 4.021527643745694e-7
9295 4.021527643745694e-7
9296 4.021527643745694e-7
9297 4.021527643745694e-7
9298 4.021527643745694e-7
9299 4.021527643745694e-7
9300 4.021527643745694e-7
9301 4.0227132571410945e-7
9302 4.0227132571410945e-7
9303 4.026878920046186e-7
9304 4.026878920046186e-7
9305 4.026878920046186e-7
9306 4.026878920046186e-7
9307 4.026878920046186e-7
9308 4.028497115753286e-7
9309 4.028497115753286e-7
9310 4.028497115753286e-7
9311 4.028497115753286e-7
9312 4.028497115753286e-7
9313 4.028497115753286e-7
9314 4.028497115753286e-7
9315 4.028497115753286e-7
9316 4.028497115753286e-7
9317 4.028497115753286e-7
9318 4.028497115753286e-7
9319 4.028497115753286e-7
9320 4.037741675641804e-7
9321 4.037741675641804e-7
9322 4.037741675641804e-7
9323 4.037741675641804e-7
9324 4.037741675641804e-7
9325 4.037741675641804e-7
9326 4.037741675641804e-7
9327 4.037741675641804e-7
9328 4.037741675641804e-7
9329 4.037741675641804e-7
9330 4.042227775095259e-7
9331 4.042227775095259e-7
9332 4.042227775095259e-7
9333 4.042227775095259e-7
9334 4.042227775095259e-7
9335 4.042227775095259e-7
9336 4.042227775095259e-7
9337 4.042227775095259e-7
9338 4.045704501560505e-7
9339 4.045704501560505e-7
9340 4.045704501560505e-7
9341 4.045704501560505e-7
9342 4.045704501560505e-7
9343 4.045704501560505e-7
9344 4.045704501560505e-7
9345 4.045704501560505e-7
9346 4.045704501560505e-7
9347 4.045704501560505e-7
9348 4.045704501560505e-7
9349 4.045704501560505e-7
9350 4.045704501560505e-7
9351 4.0504950062615865e-7
9352 4.0504950062615865e-7
9353 4.0504950062615865e-7
9354 4.0504950062615865e-7
9355 4.0504950062615865e-7
9356 4.0504950062615865e-7
9357 4.0504950062615865e-7
9358 4.0504950062615865e-7
9359 4.0504950062615865e-7
9360 4.0504950062615865e-7
9361 4.0504950062615865e-7
9362 4.0504950062615865e-7
9363 4.0504950062615865e-7
9364 4.0504950062615865e-7
9365 4.0504950062615865e-7
9366 4.0504950062615865e-7
9367 4.0581373895201046e-7
9368 4.0581373895201046e-7
9369 4.0581373895201046e-7
9370 4.0581373895201046e-7
9371 4.0581373895201046e-7
9372 4.0581373895201046e-7
9373 4.0581373895201046e-7
9374 4.06300801405396e-7
9375 4.06300801405396e-7
9376 4.06300801405396e-7
9377 4.06300801405396e-7
9378 4.06300801405396e-7
9379 4.06300801405396e-7
9380 4.0647543868251325e-7
9381 4.0647543868251325e-7
9382 4.0725890356797604e-7
9383 4.0725890356797604e-7
9384 4.0725890356797604e-7
9385 4.0725890356797604e-7
9386 4.0725890356797604e-7
9387 4.0725890356797604e-7
9388 4.0725890356797604e-7
9389 4.0725890356797604e-7
9390 4.0725890356797604e-7
9391 4.0725890356797604e-7
9392 4.0725890356797604e-7
9393 4.0725890356797604e-7
9394 4.0725890356797604e-7
9395 4.0725890356797604e-7
9396 4.081320899535624e-7
9397 4.081320899535624e-7
9398 4.081320899535624e-7
9399 4.081320899535624e-7
9400 4.081320899535624e-7
9401 4.081320899535624e-7
9402 4.081320899535624e-7
9403 4.081320899535624e-7
9404 4.081320899535624e-7
9405 4.081320899535624e-7
9406 4.081320899535624e-7
9407 4.0906295418443603e-7
9408 4.0906295418443603e-7
9409 4.0906295418443603e-7
9410 4.0906295418443603e-7
9411 4.0906295418443603e-7
9412 4.0906295418443603e-7
9413 4.0906295418443603e-7
9414 4.0906295418443603e-7
9415 4.0906295418443603e-7
9416 4.0906295418443603e-7
9417 4.0906295418443603e-7
9418 4.0906295418443603e-7
9419 4.0906295418443603e-7
9420 4.0906295418443603e-7
9421 4.0906295418443603e-7
9422 4.0906295418443603e-7
9423 4.0906295418443603e-7
9424 4.0906295418443603e-7
9425 4.0906295418443603e-7
9426 4.0906295418443603e-7
9427 4.0906295418443603e-7
9428 4.0906295418443603e-7
9429 4.092023433801151e-7
9430 4.092023433801151e-7
9431 4.0985282670073867e-7
9432 4.0985282670073867e-7
9433 4.0985282670073867e-7
9434 4.1065391501573867e-7
9435 4.1065391501573867e-7
9436 4.1065391501573867e-7
9437 4.1065391501573867e-7
9438 4.1065391501573867e-7
9439 4.1065391501573867e-7
9440 4.1065391501573867e-7
9441 4.114133463960968e-7
9442 4.114133463960968e-7
9443 4.114133463960968e-7
9444 4.114133463960968e-7
9445 4.114133463960968e-7
9446 4.1175941652372955e-7
9447 4.1175941652372955e-7
9448 4.1175941652372955e-7
9449 4.1175941652372955e-7
9450 4.1175941652372955e-7
9451 4.1175941652372955e-7
9452 4.1175941652372955e-7
9453 4.1259254849356594e-7
9454 4.1259254849356594e-7
9455 4.1259254849356594e-7
9456 4.1259254849356594e-7
9457 4.1259254849356594e-7
9458 4.1259254849356594e-7
9459 4.1259254849356594e-7
9460 4.1259254849356594e-7
9461 4.1259254849356594e-7
9462 4.1259254849356594e-7
9463 4.1259254849356594e-7
9464 4.1259254849356594e-7
9465 4.1259254849356594e-7
9466 4.1259254849356594e-7
9467 4.1290497244747044e-7
9468 4.1290497244747044e-7
9469 4.1290497244747044e-7
9470 4.1290497244747044e-7
9471 4.1290497244747044e-7
9472 4.1290497244747044e-7
9473 4.1290497244747044e-7
9474 4.1290497244747044e-7
9475 4.1290497244747044e-7
9476 4.1290497244747044e-7
9477 4.1290497244747044e-7
9478 4.1290497244747044e-7
9479 4.135858975152204e-7
9480 4.135858975152204e-7
9481 4.135858975152204e-7
9482 4.135858975152204e-7
9483 4.135858975152204e-7
9484 4.135858975152204e-7
9485 4.135858975152204e-7
9486 4.135858975152204e-7
9487 4.135858975152204e-7
9488 4.135858975152204e-7
9489 4.135858975152204e-7
9490 4.135858975152204e-7
9491 4.135858975152204e-7
9492 4.135858975152204e-7
9493 4.135858975152204e-7
9494 4.135858975152204e-7
9495 4.135858975152204e-7
9496 4.135858975152204e-7
9497 4.135858975152204e-7
9498 4.135858975152204e-7
9499 4.135858975152204e-7
9500 4.135858975152204e-7
9501 4.135858975152204e-7
9502 4.135858975152204e-7
9503 4.135858975152204e-7
9504 4.152425487862696e-7
9505 4.152425487862696e-7
9506 4.152425487862696e-7
9507 4.152425487862696e-7
9508 4.156959656771088e-7
9509 4.156959656771088e-7
9510 4.156959656771088e-7
9511 4.156959656771088e-7
9512 4.156959656771088e-7
9513 4.156959656771088e-7
9514 4.156959656771088e-7
9515 4.163816976903525e-7
9516 4.163816976903525e-7
9517 4.163816976903525e-7
9518 4.163816976903525e-7
9519 4.163816976903525e-7
9520 4.163816976903525e-7
9521 4.163816976903525e-7
9522 4.166973266820407e-7
9523 4.166973266820407e-7
9524 4.176426111382134e-7
9525 4.176426111382134e-7
9526 4.176426111382134e-7
9527 4.176426111382134e-7
9528 4.176426111382134e-7
9529 4.176426111382134e-7
9530 4.176426111382134e-7
9531 4.1803194010819797e-7
9532 4.1803194010819797e-7
9533 4.1803194010819797e-7
9534 4.1803194010819797e-7
9535 4.1819215838237985e-7
9536 4.1819215838237985e-7
9537 4.1819215838237985e-7
9538 4.1819215838237985e-7
9539 4.1819215838237985e-7
9540 4.1819215838237985e-7
9541 4.1819215838237985e-7
9542 4.1819215838237985e-7
9543 4.1819215838237985e-7
9544 4.1819215838237985e-7
9545 4.1819215838237985e-7
9546 4.1819215838237985e-7
9547 4.1819215838237985e-7
9548 4.1819215838237985e-7
9549 4.196036768246172e-7
9550 4.196036768246172e-7
9551 4.196036768246172e-7
9552 4.196036768246172e-7
9553 4.196036768246172e-7
9554 4.196036768246172e-7
9555 4.196036768246172e-7
9556 4.196036768246172e-7
9557 4.196036768246172e-7
9558 4.2087420232991984e-7
9559 4.2087420232991984e-7
9560 4.2087420232991984e-7
9561 4.2087420232991984e-7
9562 4.2087420232991984e-7
9563 4.2087420232991984e-7
9564 4.2087420232991984e-7
9565 4.2087420232991984e-7
9566 4.2087420232991984e-7
9567 4.2158076219930257e-7
9568 4.2158076219930257e-7
9569 4.2158076219930257e-7
9570 4.2158076219930257e-7
9571 4.2158076219930257e-7
9572 4.2158076219930257e-7
9573 4.2158076219930257e-7
9574 4.2201495191934893e-7
9575 4.2201495191934893e-7
9576 4.2201495191934893e-7
9577 4.2201495191934893e-7
9578 4.2201495191934893e-7
9579 4.2229373092188894e-7
9580 4.2229373092188894e-7
9581 4.2229373092188894e-7
9582 4.2346331973955254e-7
9583 4.2346331973955254e-7
9584 4.2346331973955254e-7
9585 4.2346331973955254e-7
9586 4.2366359181830257e-7
9587 4.2366359181830257e-7
9588 4.2366359181830257e-7
9589 4.2366359181830257e-7
9590 4.2366359181830257e-7
9591 4.2366359181830257e-7
9592 4.2366359181830257e-7
9593 4.2366359181830257e-7
9594 4.2366359181830257e-7
9595 4.2366359181830257e-7
9596 4.2366359181830257e-7
9597 4.2366359181830257e-7
9598 4.2366359181830257e-7
9599 4.2366359181830257e-7
9600 4.2366359181830257e-7
9601 4.2366359181830257e-7
9602 4.2366359181830257e-7
9603 4.2366359181830257e-7
9604 4.2366359181830257e-7
9605 4.2366359181830257e-7
9606 4.2366359181830257e-7
9607 4.2366359181830257e-7
9608 4.2366359181830257e-7
9609 4.2366359181830257e-7
9610 4.2366359181830257e-7
9611 4.2464893007904344e-7
9612 4.2464893007904344e-7
9613 4.2464893007904344e-7
9614 4.2464893007904344e-7
9615 4.2464893007904344e-7
9616 4.2464893007904344e-7
9617 4.2464893007904344e-7
9618 4.2464893007904344e-7
9619 4.2464893007904344e-7
9620 4.2464893007904344e-7
9621 4.2464893007904344e-7
9622 4.2464893007904344e-7
9623 4.2482196483726887e-7
9624 4.2482196483726887e-7
9625 4.2482196483726887e-7
9626 4.2482196483726887e-7
9627 4.2482196483726887e-7
9628 4.2482196483726887e-7
9629 4.2482196483726887e-7
9630 4.2482196483726887e-7
9631 4.2482196483726887e-7
9632 4.2482196483726887e-7
9633 4.2482196483726887e-7
9634 4.2482196483726887e-7
9635 4.2482196483726887e-7
9636 4.2482196483726887e-7
9637 4.2482196483726887e-7
9638 4.2482196483726887e-7
9639 4.2482196483726887e-7
9640 4.2482196483726887e-7
9641 4.2482196483726887e-7
9642 4.2482196483726887e-7
9643 4.2482196483726887e-7
9644 4.2482196483726887e-7
9645 4.2482196483726887e-7
9646 4.2482196483726887e-7
9647 4.2482196483726887e-7
9648 4.2482196483726887e-7
9649 4.2482196483726887e-7
9650 4.2482196483726887e-7
9651 4.2482196483726887e-7
9652 4.2482196483726887e-7
9653 4.2482196483726887e-7
9654 4.2482196483726887e-7
9655 4.2482196483726887e-7
9656 4.2482196483726887e-7
9657 4.2482196483726887e-7
9658 4.2482196483726887e-7
9659 4.2482196483726887e-7
9660 4.2482196483726887e-7
9661 4.2482196483726887e-7
9662 4.2482196483726887e-7
9663 4.2482196483726887e-7
9664 4.2482196483726887e-7
9665 4.2482196483726887e-7
9666 4.2482196483726887e-7
9667 4.2482196483726887e-7
9668 4.2482196483726887e-7
9669 4.2482196483726887e-7
9670 4.2482196483726887e-7
9671 4.2482196483726887e-7
9672 4.2482196483726887e-7
9673 4.2482196483726887e-7
9674 4.2482196483726887e-7
9675 4.2482196483726887e-7
9676 4.2482196483726887e-7
9677 4.2482196483726887e-7
9678 4.2482196483726887e-7
9679 4.2482196483726887e-7
9680 4.2482196483726887e-7
9681 4.2482196483726887e-7
9682 4.2482196483726887e-7
9683 4.2482196483726887e-7
9684 4.2482196483726887e-7
9685 4.2482196483726887e-7
9686 4.2482196483726887e-7
9687 4.2482196483726887e-7
9688 4.2482196483726887e-7
9689 4.2482196483726887e-7
9690 4.2482196483726887e-7
9691 4.2482196483726887e-7
9692 4.2482196483726887e-7
9693 4.2482196483726887e-7
9694 4.2482196483726887e-7
9695 4.2482196483726887e-7
9696 4.2482196483726887e-7
9697 4.2482196483726887e-7
9698 4.2482196483726887e-7
9699 4.2482196483726887e-7
9700 4.2482196483726887e-7
9701 4.2482196483726887e-7
9702 4.2482196483726887e-7
9703 4.2482196483726887e-7
9704 4.2482196483726887e-7
9705 4.2482196483726887e-7
9706 4.2482196483726887e-7
9707 4.2482196483726887e-7
9708 4.2482196483726887e-7
9709 4.2482196483726887e-7
9710 4.250174305817071e-7
9711 4.250174305817071e-7
9712 4.250174305817071e-7
9713 4.250174305817071e-7
9714 4.250174305817071e-7
9715 4.250174305817071e-7
9716 4.250174305817071e-7
9717 4.250174305817071e-7
9718 4.250174305817071e-7
9719 4.250174305817071e-7
9720 4.250174305817071e-7
9721 4.250174305817071e-7
9722 4.250174305817071e-7
9723 4.250174305817071e-7
9724 4.250174305817071e-7
9725 4.250174305817071e-7
9726 4.251632286305898e-7
9727 4.251632286305898e-7
9728 4.251632286305898e-7
9729 4.251632286305898e-7
9730 4.251632286305898e-7
9731 4.255221164646298e-7
9732 4.255221164646298e-7
9733 4.255221164646298e-7
9734 4.2556697721469163e-7
9735 4.2556697721469163e-7
9736 4.2556697721469163e-7
9737 4.2556697721469163e-7
9738 4.2556697721469163e-7
9739 4.2556697721469163e-7
9740 4.2556697721469163e-7
9741 4.2556697721469163e-7
9742 4.2556697721469163e-7
9743 4.2556697721469163e-7
9744 4.2556697721469163e-7
9745 4.262238693885189e-7
9746 4.262238693885189e-7
9747 4.262238693885189e-7
9748 4.2658275661137704e-7
9749 4.2658275661137704e-7
9750 4.2658275661137704e-7
9751 4.2658275661137704e-7
9752 4.2658275661137704e-7
9753 4.2658275661137704e-7
9754 4.2658275661137704e-7
9755 4.2658275661137704e-7
9756 4.2658275661137704e-7
9757 4.2658275661137704e-7
9758 4.2658275661137704e-7
9759 4.2658275661137704e-7
9760 4.2658275661137704e-7
9761 4.2658275661137704e-7
9762 4.2723163863547255e-7
9763 4.2723163863547255e-7
9764 4.2747677146428433e-7
9765 4.2747677146428433e-7
9766 4.2747677146428433e-7
9767 4.2747677146428433e-7
9768 4.2747677146428433e-7
9769 4.2747677146428433e-7
9770 4.276097524179416e-7
9771 4.276097524179416e-7
9772 4.276097524179416e-7
9773 4.2818173064832086e-7
9774 4.2818173064832086e-7
9775 4.2818173064832086e-7
9776 4.2818173064832086e-7
9777 4.2818173064832086e-7
9778 4.2839802486008e-7
9779 4.2839802486008e-7
9780 4.2839802486008e-7
9781 4.2839802486008e-7
9782 4.2839802486008e-7
9783 4.2839802486008e-7
9784 4.2839802486008e-7
9785 4.2839802486008e-7
9786 4.302517437832773e-7
9787 4.302517437832773e-7
9788 4.302517437832773e-7
9789 4.302517437832773e-7
9790 4.302517437832773e-7
9791 4.302517437832773e-7
9792 4.302517437832773e-7
9793 4.302517437832773e-7
9794 4.302517437832773e-7
9795 4.302517437832773e-7
9796 4.302517437832773e-7
9797 4.302517437832773e-7
9798 4.302517437832773e-7
9799 4.302517437832773e-7
9800 4.302517437832773e-7
9801 4.302517437832773e-7
9802 4.302517437832773e-7
9803 4.302517437832773e-7
9804 4.302517437832773e-7
9805 4.3062825504685454e-7
9806 4.3062825504685454e-7
9807 4.3062825504685454e-7
9808 4.3062825504685454e-7
9809 4.3062825504685454e-7
9810 4.3062825504685454e-7
9811 4.3062825504685454e-7
9812 4.3062825504685454e-7
9813 4.3062825504685454e-7
9814 4.3113934978298095e-7
9815 4.3113934978298095e-7
9816 4.3113934978298095e-7
9817 4.3113934978298095e-7
9818 4.3113934978298095e-7
9819 4.3113934978298095e-7
9820 4.3139409589159824e-7
9821 4.3139409589159824e-7
9822 4.321343019347092e-7
9823 4.321343019347092e-7
9824 4.321343019347092e-7
9825 4.321343019347092e-7
9826 4.321343019347092e-7
9827 4.321343019347092e-7
9828 4.321343019347092e-7
9829 4.321343019347092e-7
9830 4.321343019347092e-7
9831 4.321343019347092e-7
9832 4.321343019347092e-7
9833 4.321343019347092e-7
9834 4.321343019347092e-7
9835 4.321343019347092e-7
9836 4.321343019347092e-7
9837 4.321343019347092e-7
9838 4.321343019347092e-7
9839 4.321343019347092e-7
9840 4.321343019347092e-7
9841 4.321343019347092e-7
9842 4.321343019347092e-7
9843 4.321343019347092e-7
9844 4.321343019347092e-7
9845 4.321343019347092e-7
9846 4.321343019347092e-7
9847 4.321343019347092e-7
9848 4.321343019347092e-7
9849 4.321343019347092e-7
9850 4.321343019347092e-7
9851 4.321343019347092e-7
9852 4.321343019347092e-7
9853 4.321343019347092e-7
9854 4.321343019347092e-7
9855 4.321343019347092e-7
9856 4.323089386006446e-7
9857 4.323089386006446e-7
9858 4.323089386006446e-7
9859 4.323890480433265e-7
9860 4.323890480433265e-7
9861 4.323890480433265e-7
9862 4.323890480433265e-7
9863 4.323890480433265e-7
9864 4.323890480433265e-7
9865 4.3433088655893744e-7
9866 4.3433088655893744e-7
9867 4.3478109780081104e-7
9868 4.3478109780081104e-7
9869 4.3478109780081104e-7
9870 4.3478109780081104e-7
9871 4.3478109780081104e-7
9872 4.3478109780081104e-7
9873 4.3478109780081104e-7
9874 4.3478109780081104e-7
9875 4.3478109780081104e-7
9876 4.3478109780081104e-7
9877 4.3478109780081104e-7
9878 4.3478109780081104e-7
9879 4.3478109780081104e-7
9880 4.3478109780081104e-7
9881 4.3478109780081104e-7
9882 4.3478109780081104e-7
9883 4.3478109780081104e-7
9884 4.3478109780081104e-7
9885 4.3478109780081104e-7
9886 4.3478109780081104e-7
9887 4.3478109780081104e-7
9888 4.3478109780081104e-7
9889 4.3478109780081104e-7
9890 4.3478109780081104e-7
9891 4.3478109780081104e-7
9892 4.3478109780081104e-7
9893 4.3478109780081104e-7
9894 4.3478109780081104e-7
9895 4.3478109780081104e-7
9896 4.3478109780081104e-7
9897 4.3478109780081104e-7
9898 4.3478109780081104e-7
9899 4.3478109780081104e-7
9900 4.3478109780081104e-7
9901 4.3531462291196833e-7
9902 4.3531462291196833e-7
9903 4.355693690205856e-7
9904 4.355693690205856e-7
9905 4.355693690205856e-7
9906 4.355693690205856e-7
9907 4.355693690205856e-7
9908 4.3571036012397466e-7
9909 4.36505039585771e-7
9910 4.36505039585771e-7
9911 4.36505039585771e-7
9912 4.3694403502894726e-7
9913 4.3694403502894726e-7
9914 4.3694403502894726e-7
9915 4.3694403502894726e-7
9916 4.3694403502894726e-7
9917 4.3724844883312e-7
9918 4.3724844883312e-7
9919 4.373285570534381e-7
9920 4.373285570534381e-7
9921 4.373285570534381e-7
9922 4.373285570534381e-7
9923 4.373285570534381e-7
9924 4.373285570534381e-7
9925 4.3749518356964177e-7
9926 4.3749518356964177e-7
9927 4.3749518356964177e-7
9928 4.3749518356964177e-7
9929 4.3749518356964177e-7
9930 4.3749518356964177e-7
9931 4.3749518356964177e-7
9932 4.3749518356964177e-7
9933 4.3749518356964177e-7
9934 4.3749518356964177e-7
9935 4.3807837698753644e-7
9936 4.3807837698753644e-7
9937 4.383779844573974e-7
9938 4.383779844573974e-7
9939 4.383779844573974e-7
9940 4.383779844573974e-7
9941 4.383779844573974e-7
9942 4.383779844573974e-7
9943 4.3851737365307647e-7
9944 4.3851737365307647e-7
9945 4.3851737365307647e-7
9946 4.3851737365307647e-7
9947 4.3851737365307647e-7
9948 4.3851737365307647e-7
9949 4.3851737365307647e-7
9950 4.3851737365307647e-7
9951 4.3851737365307647e-7
9952 4.3851737365307647e-7
9953 4.3851737365307647e-7
9954 4.3851737365307647e-7
9955 4.3851737365307647e-7
9956 4.3851737365307647e-7
9957 4.3851737365307647e-7
9958 4.3851737365307647e-7
9959 4.3851737365307647e-7
9960 4.3851737365307647e-7
9961 4.3851737365307647e-7
9962 4.3851737365307647e-7
9963 4.3851737365307647e-7
9964 4.3895316650319654e-7
9965 4.3895316650319654e-7
9966 4.3895316650319654e-7
9967 4.3895316650319654e-7
9968 4.3895316650319654e-7
9969 4.3950591756278294e-7
9970 4.3950591756278294e-7
9971 4.3969817826943743e-7
9972 4.3969817826943743e-7
9973 4.3969817826943743e-7
9974 4.3969817826943743e-7
9975 4.400907116660238e-7
9976 4.400907116660238e-7
9977 4.406418614290821e-7
9978 4.406418614290821e-7
9979 4.411914080620666e-7
9980 4.411914080620666e-7
9981 4.411914080620666e-7
9982 4.411914080620666e-7
9983 4.411914080620666e-7
9984 4.411914080620666e-7
9985 4.411914080620666e-7
9986 4.411914080620666e-7
9987 4.411914080620666e-7
9988 4.411914080620666e-7
9989 4.411914080620666e-7
9990 4.411914080620666e-7
9991 4.411914080620666e-7
9992 4.411914080620666e-7
9993 4.411914080620666e-7
9994 4.411914080620666e-7
9995 4.411914080620666e-7
9996 4.4161278068688757e-7
9997 4.4161278068688757e-7
9998 4.4161278068688757e-7
9999 4.4161278068688757e-7
10000 4.4161278068688757e-7
10001 4.4161278068688757e-7
