1 0
2 0
3 -4.918681765154494e-10
4 -4.918681765154494e-10
5 -4.918681765154494e-10
6 -6.681079725245779e-10
7 -6.681079725245779e-10
8 -6.681079725245779e-10
9 -6.681079725245779e-10
10 -6.681079725245779e-10
11 -6.681079725245779e-10
12 -6.681079725245779e-10
13 -6.681079725245779e-10
14 -1.8264864921277993e-10
15 -1.8264864921277993e-10
16 -1.8264864921277993e-10
17 -1.8264864921277993e-10
18 -1.8264864921277993e-10
19 2.7557335357443995e-10
20 2.7557335357443995e-10
21 2.7557335357443995e-10
22 2.7557335357443995e-10
23 2.7557335357443995e-10
24 2.7557335357443995e-10
25 2.7557335357443995e-10
26 2.7557335357443995e-10
27 2.7557335357443995e-10
28 2.7557335357443995e-10
29 2.7557335357443995e-10
30 1.033403437404495e-9
31 1.033403437404495e-9
32 1.5701323639817427e-9
33 1.5701323639817427e-9
34 1.5701323639817427e-9
35 1.5701323639817427e-9
36 1.5701323639817427e-9
37 1.5701323639817427e-9
38 2.18697012205899e-9
39 2.18697012205899e-9
40 2.18697012205899e-9
41 2.18697012205899e-9
42 2.18697012205899e-9
43 2.18697012205899e-9
44 2.18697012205899e-9
45 2.18697012205899e-9
46 2.18697012205899e-9
47 2.18697012205899e-9
48 2.18697012205899e-9
49 2.18697012205899e-9
50 2.18697012205899e-9
51 2.18697012205899e-9
52 2.18697012205899e-9
53 2.18697012205899e-9
54 2.18697012205899e-9
55 2.18697012205899e-9
56 2.18697012205899e-9
57 2.18697012205899e-9
58 2.18697012205899e-9
59 2.18697012205899e-9
60 2.18697012205899e-9
61 2.18697012205899e-9
62 2.18697012205899e-9
63 2.18697012205899e-9
64 2.18697012205899e-9
65 2.18697012205899e-9
66 2.18697012205899e-9
67 2.7413243117191003e-9
68 2.7413243117191003e-9
69 2.7413243117191003e-9
70 2.7413243117191003e-9
71 2.7413243117191003e-9
72 2.7413243117191003e-9
73 2.7413243117191003e-9
74 2.7413243117191003e-9
75 2.7413243117191003e-9
76 2.7413243117191003e-9
77 2.7413243117191003e-9
78 2.7413243117191003e-9
79 2.7413243117191003e-9
80 2.7413243117191003e-9
81 2.7413243117191003e-9
82 2.7413243117191003e-9
83 3.0136938498735954e-9
84 3.0136938498735954e-9
85 3.0136938498735954e-9
86 3.0136938498735954e-9
87 3.0136938498735954e-9
88 3.0136938498735954e-9
89 3.0136938498735954e-9
90 3.0136938498735954e-9
91 3.0136938498735954e-9
92 3.0136938498735954e-9
93 3.0136938498735954e-9
94 3.3741848139873573e-9
95 3.3741848139873573e-9
96 3.3741848139873573e-9
97 3.3741848139873573e-9
98 4.311458509246486e-9
99 4.311458509246486e-9
100 4.311458509246486e-9
101 4.311458509246486e-9
102 4.311458509246486e-9
103 4.522945775511935e-9
104 4.522945775511935e-9
105 4.522945775511935e-9
106 4.522945775511935e-9
107 4.522945775511935e-9
108 4.522945775511935e-9
109 4.522945775511935e-9
110 4.522945775511935e-9
111 4.522945775511935e-9
112 4.522945775511935e-9
113 4.6030546070119356e-9
114 4.6030546070119356e-9
115 4.6030546070119356e-9
116 4.6030546070119356e-9
117 4.6030546070119356e-9
118 4.6030546070119356e-9
119 4.6030546070119356e-9
120 4.6030546070119356e-9
121 4.6030546070119356e-9
122 5.269560671826541e-9
123 5.269560671826541e-9
124 5.269560671826541e-9
125 5.269560671826541e-9
126 5.269560671826541e-9
127 5.269560671826541e-9
128 5.269560671826541e-9
129 5.622039041481036e-9
130 5.622039041481036e-9
131 5.622039041481036e-9
132 5.622039041481036e-9
133 5.622039041481036e-9
134 5.622039041481036e-9
135 5.622039041481036e-9
136 5.622039041481036e-9
137 5.622039041481036e-9
138 5.622039041481036e-9
139 5.622039041481036e-9
140 5.622039041481036e-9
141 5.622039041481036e-9
142 5.622039041481036e-9
143 5.622039041481036e-9
144 5.622039041481036e-9
145 5.622039041481036e-9
146 5.622039041481036e-9
147 5.622039041481036e-9
148 5.622039041481036e-9
149 5.622039041481036e-9
150 5.622039041481036e-9
151 5.622039041481036e-9
152 5.622039041481036e-9
153 5.622039041481036e-9
154 5.622039041481036e-9
155 5.622039041481036e-9
156 5.622039041481036e-9
157 5.622039041481036e-9
158 5.622039041481036e-9
159 5.622039041481036e-9
160 5.622039041481036e-9
161 5.622039041481036e-9
162 5.622039041481036e-9
163 5.622039041481036e-9
164 5.622039041481036e-9
165 5.622039041481036e-9
166 5.622039041481036e-9
167 5.622039041481036e-9
168 5.622039041481036e-9
169 5.622039041481036e-9
170 5.622039041481036e-9
171 5.622039041481036e-9
172 5.622039041481036e-9
173 5.622039041481036e-9
174 5.622039041481036e-9
175 5.622039041481036e-9
176 5.622039041481036e-9
177 5.622039041481036e-9
178 5.622039041481036e-9
179 6.0017553428419904e-9
180 6.0017553428419904e-9
181 6.0017553428419904e-9
182 6.359041269172046e-9
183 6.359041269172046e-9
184 6.359041269172046e-9
185 6.359041269172046e-9
186 6.359041269172046e-9
187 6.359041269172046e-9
188 6.741961385952945e-9
189 6.741961385952945e-9
190 6.741961385952945e-9
191 6.741961385952945e-9
192 6.741961385952945e-9
193 6.741961385952945e-9
194 6.741961385952945e-9
195 6.741961385952945e-9
196 6.741961385952945e-9
197 6.741961385952945e-9
198 6.741961385952945e-9
199 6.741961385952945e-9
200 6.741961385952945e-9
201 6.741961385952945e-9
202 6.741961385952945e-9
203 7.25465741860744e-9
204 7.25465741860744e-9
205 7.25465741860744e-9
206 7.25465741860744e-9
207 7.25465741860744e-9
208 7.25465741860744e-9
209 8.134253268579347e-9
210 8.134253268579347e-9
211 8.134253268579347e-9
212 8.134253268579347e-9
213 8.134253268579347e-9
214 8.134253268579347e-9
215 8.134253268579347e-9
216 8.134253268579347e-9
217 8.134253268579347e-9
218 8.134253268579347e-9
219 8.134253268579347e-9
220 8.134253268579347e-9
221 8.134253268579347e-9
222 8.134253268579347e-9
223 8.134253268579347e-9
224 8.134253268579347e-9
225 8.134253268579347e-9
226 9.146828849844796e-9
227 9.146828849844796e-9
228 9.146828849844796e-9
229 9.146828849844796e-9
230 9.146828849844796e-9
231 9.146828849844796e-9
232 9.146828849844796e-9
233 1.0627239713702942e-8
234 1.0627239713702942e-8
235 1.0627239713702942e-8
236 1.0627239713702942e-8
237 1.0627239713702942e-8
238 1.0627239713702942e-8
239 1.0627239713702942e-8
240 1.0627239713702942e-8
241 1.0627239713702942e-8
242 1.0627239713702942e-8
243 1.0627239713702942e-8
244 1.0627239713702942e-8
245 1.0627239713702942e-8
246 1.0627239713702942e-8
247 1.0423763819532997e-8
248 1.0423763819532997e-8
249 1.0423763819532997e-8
250 1.0423763819532997e-8
251 1.0423763819532997e-8
252 1.0423763819532997e-8
253 1.0423763819532997e-8
254 1.0423763819532997e-8
255 1.0423763819532997e-8
256 1.0423763819532997e-8
257 1.0423763819532997e-8
258 1.0423763819532997e-8
259 1.0423763819532997e-8
260 1.0423763819532997e-8
261 1.0423763819532997e-8
262 1.0423763819532997e-8
263 1.1034192724406593e-8
264 1.1034192724406593e-8
265 1.1034192724406593e-8
266 1.1875335455156592e-8
267 1.1875335455156592e-8
268 1.1875335455156592e-8
269 1.1875335455156592e-8
270 1.1875335455156592e-8
271 1.237361126251193e-8
272 1.237361126251193e-8
273 1.378673100127738e-8
274 1.378673100127738e-8
275 1.4863393892215582e-8
276 1.4863393892215582e-8
277 1.4863393892215582e-8
278 1.4863393892215582e-8
279 1.4863393892215582e-8
280 1.4863393892215582e-8
281 1.4863393892215582e-8
282 1.4863393892215582e-8
283 1.4863393892215582e-8
284 1.4863393892215582e-8
285 1.4863393892215582e-8
286 1.4863393892215582e-8
287 1.6920589320764738e-8
288 1.819752429045294e-8
289 1.819752429045294e-8
290 1.819752429045294e-8
291 1.7912337045891143e-8
292 1.7912337045891143e-8
293 1.7912337045891143e-8
294 1.7912337045891143e-8
295 1.7912337045891143e-8
296 1.7912337045891143e-8
297 1.7912337045891143e-8
298 1.7912337045891143e-8
299 1.7912337045891143e-8
300 1.7912337045891143e-8
301 1.7912337045891143e-8
302 1.7912337045891143e-8
303 1.8543593806903785e-8
304 1.8543593806903785e-8
305 1.8543593806903785e-8
306 1.8543593806903785e-8
307 1.8543593806903785e-8
308 1.8543593806903785e-8
309 1.9146011950863756e-8
310 1.9146011950863756e-8
311 1.9146011950863756e-8
312 1.9146011950863756e-8
313 1.9146011950863756e-8
314 1.9146011950863756e-8
315 1.9146011950863756e-8
316 1.9146011950863756e-8
317 1.9146011950863756e-8
318 1.9146011950863756e-8
319 1.9146011950863756e-8
320 1.9146011950863756e-8
321 1.9146011950863756e-8
322 1.9146011950863756e-8
323 1.9146011950863756e-8
324 1.9146011950863756e-8
325 1.9146011950863756e-8
326 1.9146011950863756e-8
327 1.9146011950863756e-8
328 1.9146011950863756e-8
329 1.9146011950863756e-8
330 1.9146011950863756e-8
331 1.9146011950863756e-8
332 1.9146011950863756e-8
333 1.9146011950863756e-8
334 1.9146011950863756e-8
335 1.9146011950863756e-8
336 1.9146011950863756e-8
337 1.9615448529984546e-8
338 1.9615448529984546e-8
339 1.9615448529984546e-8
340 2.0583163361188198e-8
341 2.0583163361188198e-8
342 2.0583163361188198e-8
343 2.0583163361188198e-8
344 2.0583163361188198e-8
345 2.0583163361188198e-8
346 2.0583163361188198e-8
347 2.0583163361188198e-8
348 2.0583163361188198e-8
349 2.0583163361188198e-8
350 2.1044589790577244e-8
351 2.1044589790577244e-8
352 2.1044589790577244e-8
353 2.1044589790577244e-8
354 2.1044589790577244e-8
355 2.1044589790577244e-8
356 2.1044589790577244e-8
357 2.1044589790577244e-8
358 2.1044589790577244e-8
359 2.1579716809444518e-8
360 2.1579716809444518e-8
361 2.1579716809444518e-8
362 2.1579716809444518e-8
363 2.1579716809444518e-8
364 2.1579716809444518e-8
365 2.1579716809444518e-8
366 2.1579716809444518e-8
367 2.1579716809444518e-8
368 2.1579716809444518e-8
369 2.1579716809444518e-8
370 2.1579716809444518e-8
371 2.1579716809444518e-8
372 2.1579716809444518e-8
373 2.1579716809444518e-8
374 2.1579716809444518e-8
375 2.1579716809444518e-8
376 2.1579716809444518e-8
377 2.1579716809444518e-8
378 2.1579716809444518e-8
379 2.1579716809444518e-8
380 2.1579716809444518e-8
381 2.1579716809444518e-8
382 2.1579716809444518e-8
383 2.1579716809444518e-8
384 2.1579716809444518e-8
385 2.1579716809444518e-8
386 2.1579716809444518e-8
387 2.1579716809444518e-8
388 2.1579716809444518e-8
389 2.1579716809444518e-8
390 2.1579716809444518e-8
391 2.1579716809444518e-8
392 2.1579716809444518e-8
393 2.1579716809444518e-8
394 2.1579716809444518e-8
395 2.1579716809444518e-8
396 2.1579716809444518e-8
397 2.1579716809444518e-8
398 2.1579716809444518e-8
399 2.1579716809444518e-8
400 2.1579716809444518e-8
401 2.1579716809444518e-8
402 2.1579716809444518e-8
403 2.1579716809444518e-8
404 2.1579716809444518e-8
405 2.1579716809444518e-8
406 2.1579716809444518e-8
407 2.1579716809444518e-8
408 2.1579716809444518e-8
409 2.060238869843539e-8
410 2.060238869843539e-8
411 2.060238869843539e-8
412 2.060238869843539e-8
413 2.060238869843539e-8
414 2.060238869843539e-8
415 2.060238869843539e-8
416 2.060238869843539e-8
417 2.1717503486231736e-8
418 2.1717503486231736e-8
419 2.1717503486231736e-8
420 2.1717503486231736e-8
421 2.178159140708637e-8
422 2.1824849638256313e-8
423 2.1824849638256313e-8
424 2.1824849638256313e-8
425 2.1824849638256313e-8
426 2.3090568809247184e-8
427 2.3090568809247184e-8
428 2.3090568809247184e-8
429 2.3090568809247184e-8
430 2.3090568809247184e-8
431 2.3090568809247184e-8
432 2.3090568809247184e-8
433 2.3090568809247184e-8
434 2.3090568809247184e-8
435 2.3090568809247184e-8
436 2.3090568809247184e-8
437 2.3090568809247184e-8
438 2.3090568809247184e-8
439 2.3090568809247184e-8
440 2.3090568809247184e-8
441 2.3090568809247184e-8
442 2.3090568809247184e-8
443 2.3090568809247184e-8
444 2.3090568809247184e-8
445 2.3090568809247184e-8
446 2.3090568809247184e-8
447 2.3090568809247184e-8
448 2.3090568809247184e-8
449 2.3090568809247184e-8
450 2.3090568809247184e-8
451 2.3090568809247184e-8
452 2.3217140909700836e-8
453 2.3217140909700836e-8
454 2.3217140909700836e-8
455 2.3217140909700836e-8
456 2.3470283888244378e-8
457 2.3470283888244378e-8
458 2.3470283888244378e-8
459 2.3470283888244378e-8
460 2.3470283888244378e-8
461 2.3470283888244378e-8
462 2.3470283888244378e-8
463 2.3470283888244378e-8
464 2.3470283888244378e-8
465 2.3470283888244378e-8
466 2.3470283888244378e-8
467 2.3470283888244378e-8
468 2.3470283888244378e-8
469 2.3470283888244378e-8
470 2.3470283888244378e-8
471 2.3470283888244378e-8
472 2.3470283888244378e-8
473 2.3470283888244378e-8
474 2.3470283888244378e-8
475 2.3470283888244378e-8
476 2.441076078774157e-8
477 2.441076078774157e-8
478 2.441076078774157e-8
479 2.441076078774157e-8
480 2.441076078774157e-8
481 2.441076078774157e-8
482 2.441076078774157e-8
483 2.441076078774157e-8
484 2.6065809539898872e-8
485 2.6065809539898872e-8
486 2.6065809539898872e-8
487 2.6065809539898872e-8
488 2.6065809539898872e-8
489 2.6065809539898872e-8
490 2.6065809539898872e-8
491 2.6065809539898872e-8
492 2.6065809539898872e-8
493 2.6065809539898872e-8
494 2.6065809539898872e-8
495 2.6065809539898872e-8
496 2.6065809539898872e-8
497 2.6065809539898872e-8
498 2.6065809539898872e-8
499 2.6065809539898872e-8
500 2.6065809539898872e-8
501 2.6065809539898872e-8
502 2.6065809539898872e-8
503 2.6629775175818816e-8
504 2.6629775175818816e-8
505 2.6940597833195218e-8
506 2.6940597833195218e-8
507 2.6940597833195218e-8
508 2.7466111572257016e-8
509 2.7466111572257016e-8
510 2.7466111572257016e-8
511 2.7466111572257016e-8
512 2.7466111572257016e-8
513 2.7466111572257016e-8
514 2.7466111572257016e-8
515 2.7466111572257016e-8
516 2.7466111572257016e-8
517 2.7466111572257016e-8
518 2.793715189263342e-8
519 2.793715189263342e-8
520 2.793715189263342e-8
521 2.793715189263342e-8
522 2.944800450361797e-8
523 2.944800450361797e-8
524 3.1104655163485246e-8
525 3.1104655163485246e-8
526 3.1104655163485246e-8
527 3.1104655163485246e-8
528 3.1104655163485246e-8
529 3.1104655163485246e-8
530 3.1617351196139744e-8
531 3.130973357654705e-8
532 3.231429778571699e-8
533 3.231429778571699e-8
534 3.231429778571699e-8
535 3.231429778571699e-8
536 3.231429778571699e-8
537 3.231429778571699e-8
538 3.3721009282460673e-8
539 3.3721009282460673e-8
540 3.3721009282460673e-8
541 3.3721009282460673e-8
542 3.3721009282460673e-8
543 3.3721009282460673e-8
544 3.3721009282460673e-8
545 3.3721009282460673e-8
546 3.3721009282460673e-8
547 3.3721009282460673e-8
548 3.3721009282460673e-8
549 3.3721009282460673e-8
550 3.3721009282460673e-8
551 3.3721009282460673e-8
552 3.3721009282460673e-8
553 3.3721009282460673e-8
554 3.3721009282460673e-8
555 3.3721009282460673e-8
556 3.4751210126808984e-8
557 3.4751210126808984e-8
558 3.4751210126808984e-8
559 3.4751210126808984e-8
560 3.4751210126808984e-8
561 3.5758979984944515e-8
562 3.5758979984944515e-8
563 3.5758979984944515e-8
564 3.5758979984944515e-8
565 3.5758979984944515e-8
566 3.643830253380266e-8
567 3.643830253380266e-8
568 3.6659402468691705e-8
569 3.6659402468691705e-8
570 3.6659402468691705e-8
571 3.6659402468691705e-8
572 3.6659402468691705e-8
573 3.71849162077535e-8
574 3.71849162077535e-8
575 3.71849162077535e-8
576 3.71849162077535e-8
577 3.71849162077535e-8
578 3.71849162077535e-8
579 3.773926978623173e-8
580 3.773926978623173e-8
581 3.773926978623173e-8
582 3.773926978623173e-8
583 3.773926978623173e-8
584 3.773926978623173e-8
585 3.773926978623173e-8
586 3.773926978623173e-8
587 3.773926978623173e-8
588 3.773926978623173e-8
589 3.773926978623173e-8
590 3.773926978623173e-8
591 3.773926978623173e-8
592 3.773926978623173e-8
593 3.9570557723216283e-8
594 3.9570557723216283e-8
595 3.9570557723216283e-8
596 3.9570557723216283e-8
597 3.9919833499814593e-8
598 3.9919833499814593e-8
599 3.9919833499814593e-8
600 3.9919833499814593e-8
601 3.9919833499814593e-8
602 3.9919833499814593e-8
603 3.9919833499814593e-8
604 3.9919833499814593e-8
605 3.9919833499814593e-8
606 3.9919833499814593e-8
607 3.9919833499814593e-8
608 3.9919833499814593e-8
609 3.9919833499814593e-8
610 3.9919833499814593e-8
611 3.9919833499814593e-8
612 3.9919833499814593e-8
613 4.035562573875279e-8
614 4.035562573875279e-8
615 4.035562573875279e-8
616 4.2247796558808265e-8
617 4.2247796558808265e-8
618 4.2247796558808265e-8
619 4.2247796558808265e-8
620 4.2247796558808265e-8
621 4.2247796558808265e-8
622 4.2247796558808265e-8
623 4.2677178722179056e-8
624 4.2677178722179056e-8
625 4.2677178722179056e-8
626 4.2677178722179056e-8
627 4.2677178722179056e-8
628 4.3189874754833554e-8
629 4.3189874754833554e-8
630 4.3189874754833554e-8
631 4.3189874754833554e-8
632 4.3189874754833554e-8
633 4.3189874754833554e-8
634 4.3189874754833554e-8
635 4.402300733585181e-8
636 4.402300733585181e-8
637 4.402300733585181e-8
638 4.457255335765448e-8
639 4.457255335765448e-8
640 4.457255335765448e-8
641 4.457255335765448e-8
642 4.457255335765448e-8
643 4.457255335765448e-8
644 4.457255335765448e-8
645 4.457255335765448e-8
646 4.457255335765448e-8
647 4.457255335765448e-8
648 4.457255335765448e-8
649 4.457255335765448e-8
650 4.457255335765448e-8
651 4.457255335765448e-8
652 4.457255335765448e-8
653 4.457255335765448e-8
654 4.457255335765448e-8
655 4.457255335765448e-8
656 4.457255335765448e-8
657 4.457255335765448e-8
658 4.491541783632161e-8
659 4.491541783632161e-8
660 4.491541783632161e-8
661 4.596644592562709e-8
662 4.596644592562709e-8
663 4.596644592562709e-8
664 4.596644592562709e-8
665 4.596644592562709e-8
666 4.596644592562709e-8
667 4.651118622429984e-8
668 4.651118622429984e-8
669 4.651118622429984e-8
670 4.651118622429984e-8
671 4.651118622429984e-8
672 4.701587210722259e-8
673 4.701587210722259e-8
674 4.701587210722259e-8
675 4.701587210722259e-8
676 4.701587210722259e-8
677 4.701587210722259e-8
678 4.701587210722259e-8
679 4.701587210722259e-8
680 4.701587210722259e-8
681 4.701587210722259e-8
682 4.701587210722259e-8
683 4.701587210722259e-8
684 4.701587210722259e-8
685 4.701587210722259e-8
686 4.701587210722259e-8
687 4.701587210722259e-8
688 4.701587210722259e-8
689 4.701587210722259e-8
690 4.701587210722259e-8
691 4.701587210722259e-8
692 4.701587210722259e-8
693 4.701587210722259e-8
694 4.701587210722259e-8
695 4.701587210722259e-8
696 4.701587210722259e-8
697 4.701587210722259e-8
698 4.701587210722259e-8
699 4.701587210722259e-8
700 4.701587210722259e-8
701 4.701587210722259e-8
702 4.701587210722259e-8
703 4.701587210722259e-8
704 4.701587210722259e-8
705 4.701587210722259e-8
706 4.701587210722259e-8
707 4.701587210722259e-8
708 4.701587210722259e-8
709 4.701587210722259e-8
710 4.701587210722259e-8
711 4.648875584926894e-8
712 4.648875584926894e-8
713 4.648875584926894e-8
714 4.648875584926894e-8
715 4.648875584926894e-8
716 4.648875584926894e-8
717 4.648875584926894e-8
718 4.648875584926894e-8
719 4.648875584926894e-8
720 4.648875584926894e-8
721 4.6044953460598995e-8
722 4.6044953460598995e-8
723 4.6044953460598995e-8
724 4.6044953460598995e-8
725 4.6044953460598995e-8
726 4.6044953460598995e-8
727 4.6044953460598995e-8
728 4.6044953460598995e-8
729 4.6044953460598995e-8
730 4.6044953460598995e-8
731 4.624682683587709e-8
732 4.624682683587709e-8
733 4.7265811270346186e-8
734 4.7265811270346186e-8
735 4.7265811270346186e-8
736 4.860202660421346e-8
737 4.860202660421346e-8
738 4.860202660421346e-8
739 4.860202660421346e-8
740 4.860202660421346e-8
741 4.860202660421346e-8
742 4.860202660421346e-8
743 4.846263740853439e-8
744 4.846263740853439e-8
745 4.846263740853439e-8
746 4.846263740853439e-8
747 4.846263740853439e-8
748 4.846263740853439e-8
749 4.846263740853439e-8
750 4.846263740853439e-8
751 4.846263740853439e-8
752 4.846263740853439e-8
753 4.846263740853439e-8
754 4.846263740853439e-8
755 4.846263740853439e-8
756 4.846263740853439e-8
757 4.846263740853439e-8
758 4.846263740853439e-8
759 4.846263740853439e-8
760 4.914676629170433e-8
761 4.914676629170433e-8
762 4.9885369815923434e-8
763 4.9885369815923434e-8
764 4.9885369815923434e-8
765 4.9885369815923434e-8
766 4.9885369815923434e-8
767 4.9885369815923434e-8
768 5.005199633212709e-8
769 4.973156161730897e-8
770 4.973156161730897e-8
771 4.973156161730897e-8
772 4.973156161730897e-8
773 4.973156161730897e-8
774 4.973156161730897e-8
775 4.973156161730897e-8
776 5.0226634831608126e-8
777 5.0226634831608126e-8
778 5.0226634831608126e-8
779 5.0226634831608126e-8
780 5.040447653532723e-8
781 5.040447653532723e-8
782 5.085468899956459e-8
783 5.085468899956459e-8
784 5.085468899956459e-8
785 5.1357771141231725e-8
786 5.1357771141231725e-8
787 5.1357771141231725e-8
788 5.1357771141231725e-8
789 5.359280888468186e-8
790 5.359280888468186e-8
791 5.359280888468186e-8
792 5.359280888468186e-8
793 5.359280888468186e-8
794 5.359280888468186e-8
795 5.359280888468186e-8
796 5.359280888468186e-8
797 5.359280888468186e-8
798 5.359280888468186e-8
799 5.359280888468186e-8
800 5.359280888468186e-8
801 5.359280888468186e-8
802 5.359280888468186e-8
803 5.359280888468186e-8
804 5.359280888468186e-8
805 5.359280888468186e-8
806 5.359280888468186e-8
807 5.4001363191913606e-8
808 5.4001363191913606e-8
809 5.4001363191913606e-8
810 5.4001363191913606e-8
811 5.4001363191913606e-8
812 5.4001363191913606e-8
813 5.413113971896908e-8
814 5.399335243099998e-8
815 5.399335243099998e-8
816 5.399335243099998e-8
817 5.413113849660532e-8
818 5.413113849660532e-8
819 5.413113849660532e-8
820 5.413113849660532e-8
821 5.413113849660532e-8
822 5.413113849660532e-8
823 5.413113849660532e-8
824 5.458134973847892e-8
825 5.458134973847892e-8
826 5.516133934095364e-8
827 5.516133934095364e-8
828 5.516133934095364e-8
829 5.516133934095364e-8
830 5.516133934095364e-8
831 5.570768215851824e-8
832 5.532956837604914e-8
833 5.5637185995641834e-8
834 5.517415643617905e-8
835 5.517415643617905e-8
836 5.517415643617905e-8
837 5.6382197761882705e-8
838 5.6382197761882705e-8
839 5.6382197761882705e-8
840 5.6382197761882705e-8
841 5.745565622621908e-8
842 5.745565622621908e-8
843 5.745565622621908e-8
844 5.745565622621908e-8
845 5.705190703093537e-8
846 5.705190703093537e-8
847 5.7747252323984526e-8
848 5.7747252323984526e-8
849 5.7747252323984526e-8
850 5.7747252323984526e-8
851 5.7747252323984526e-8
852 5.854994376905826e-8
853 5.854994376905826e-8
854 5.854994376905826e-8
855 5.854994376905826e-8
856 5.854994376905826e-8
857 5.854994376905826e-8
858 5.854994376905826e-8
859 5.854994376905826e-8
860 5.854994376905826e-8
861 5.854994376905826e-8
862 5.854994376905826e-8
863 5.854994376905826e-8
864 5.854994376905826e-8
865 5.854994376905826e-8
866 6.000792548024927e-8
867 6.000792548024927e-8
868 6.000792548024927e-8
869 6.092276818929561e-8
870 6.092276818929561e-8
871 6.108939470549926e-8
872 6.200744184114744e-8
873 6.200744184114744e-8
874 6.200744184114744e-8
875 6.200744184114744e-8
876 6.200744184114744e-8
877 6.200744184114744e-8
878 6.200744184114744e-8
879 6.200744184114744e-8
880 6.209876586016288e-8
881 6.199462474592201e-8
882 6.199462474592201e-8
883 6.199462474592201e-8
884 6.199462474592201e-8
885 6.199462474592201e-8
886 6.199462474592201e-8
887 6.242561065054842e-8
888 6.242561065054842e-8
889 6.242561065054842e-8
890 6.242561065054842e-8
891 6.242561065054842e-8
892 6.242561065054842e-8
893 6.304405092751752e-8
894 6.304405092751752e-8
895 6.304405092751752e-8
896 6.304405092751752e-8
897 6.378105193284476e-8
898 6.378105193284476e-8
899 6.378105193284476e-8
900 6.378105193284476e-8
901 6.378105193284476e-8
902 6.378105193284476e-8
903 6.378105193284476e-8
904 6.378105193284476e-8
905 6.378105193284476e-8
906 6.378105193284476e-8
907 6.378105193284476e-8
908 6.378105193284476e-8
909 6.378105193284476e-8
910 6.378105193284476e-8
911 6.378105193284476e-8
912 6.378105193284476e-8
913 6.378105193284476e-8
914 6.378105193284476e-8
915 6.378105193284476e-8
916 6.378105193284476e-8
917 6.378105193284476e-8
918 6.378105193284476e-8
919 6.378105193284476e-8
920 6.378105193284476e-8
921 6.378105193284476e-8
922 6.378105193284476e-8
923 6.378105193284476e-8
924 6.378105193284476e-8
925 6.378105193284476e-8
926 6.378105193284476e-8
927 6.378105193284476e-8
928 6.378105193284476e-8
929 6.378105193284476e-8
930 6.378105193284476e-8
931 6.378105193284476e-8
932 6.378105193284476e-8
933 6.378105193284476e-8
934 6.378105193284476e-8
935 6.378105193284476e-8
936 6.378105193284476e-8
937 6.378105193284476e-8
938 6.378105193284476e-8
939 6.378105193284476e-8
940 6.378105193284476e-8
941 6.378105193284476e-8
942 6.378105193284476e-8
943 6.378105193284476e-8
944 6.378105193284476e-8
945 6.378105193284476e-8
946 6.378105193284476e-8
947 6.378105193284476e-8
948 6.378105193284476e-8
949 6.378105193284476e-8
950 6.378105193284476e-8
951 6.378105193284476e-8
952 6.378105193284476e-8
953 6.378105193284476e-8
954 6.378105193284476e-8
955 6.378105193284476e-8
956 6.378105193284476e-8
957 6.378105193284476e-8
958 6.378105193284476e-8
959 6.378105193284476e-8
960 6.378105193284476e-8
961 6.453888079431106e-8
962 6.453888079431106e-8
963 6.453888079431106e-8
964 6.453888079431106e-8
965 6.453888079431106e-8
966 6.453888079431106e-8
967 6.680916600801752e-8
968 6.847703185540025e-8
969 6.847703185540025e-8
970 6.847703185540025e-8
971 6.847703185540025e-8
972 6.847703185540025e-8
973 6.847703185540025e-8
974 6.847703185540025e-8
975 6.847703185540025e-8
976 6.847703185540025e-8
977 6.847703185540025e-8
978 6.847703185540025e-8
979 6.847703185540025e-8
980 6.847703185540025e-8
981 6.847703185540025e-8
982 6.847703185540025e-8
983 6.847703185540025e-8
984 6.847703185540025e-8
985 6.847703185540025e-8
986 6.847703185540025e-8
987 6.847703185540025e-8
988 6.905862275440305e-8
989 6.905862275440305e-8
990 6.905862275440305e-8
991 6.905862275440305e-8
992 6.939347830570222e-8
993 6.892564180074576e-8
994 6.892564180074576e-8
995 6.892564180074576e-8
996 6.892564180074576e-8
997 6.892564180074576e-8
998 7.024903881702386e-8
999 7.024903881702386e-8
1000 7.024903881702386e-8
1001 7.092035121615025e-8
1002 7.092035121615025e-8
1003 7.092035121615025e-8
1004 7.092035121615025e-8
1005 7.092035121615025e-8
1006 7.092035121615025e-8
1007 7.092035121615025e-8
1008 7.092035121615025e-8
1009 7.092035121615025e-8
1010 7.092035121615025e-8
1011 7.092035121615025e-8
1012 7.092035121615025e-8
1013 7.252573288393396e-8
1014 7.252573288393396e-8
1015 7.423204940581105e-8
1016 7.423204940581105e-8
1017 7.423204940581105e-8
1018 7.499308330506106e-8
1019 7.499308330506106e-8
1020 7.499308330506106e-8
1021 7.549296407603578e-8
1022 7.549296407603578e-8
1023 7.549296407603578e-8
1024 7.549296407603578e-8
1025 7.575091522243677e-8
1026 7.575091522243677e-8
1027 7.575091522243677e-8
1028 7.575091522243677e-8
1029 7.575091522243677e-8
1030 7.575091522243677e-8
1031 7.575091522243677e-8
1032 7.575091522243677e-8
1033 7.575091522243677e-8
1034 7.575091522243677e-8
1035 7.575091522243677e-8
1036 7.582141016294941e-8
1037 7.582141016294941e-8
1038 7.582141016294941e-8
1039 7.582141016294941e-8
1040 7.582141016294941e-8
1041 7.58935076223539e-8
1042 7.58935076223539e-8
1043 7.58935076223539e-8
1044 7.62139429483539e-8
1045 7.62139429483539e-8
1046 7.62139429483539e-8
1047 7.62139429483539e-8
1048 7.62139429483539e-8
1049 7.667216556232301e-8
1050 7.667216556232301e-8
1051 7.667216556232301e-8
1052 7.667216556232301e-8
1053 7.667216556232301e-8
1054 7.667216556232301e-8
1055 7.667216556232301e-8
1056 7.667216556232301e-8
1057 7.667216556232301e-8
1058 7.667216556232301e-8
1059 7.717525014871767e-8
1060 7.717525014871767e-8
1061 7.717525014871767e-8
1062 7.717525014871767e-8
1063 7.717525014871767e-8
1064 7.717525014871767e-8
1065 7.804683462659407e-8
1066 7.804683462659407e-8
1067 7.804683462659407e-8
1068 7.804683462659407e-8
1069 7.804683462659407e-8
1070 7.943592086025489e-8
1071 7.943592086025489e-8
1072 7.943592086025489e-8
1073 7.943592086025489e-8
1074 7.943592086025489e-8
1075 7.943592086025489e-8
1076 7.943592086025489e-8
1077 7.943592086025489e-8
1078 7.943592086025489e-8
1079 7.943592086025489e-8
1080 7.943592086025489e-8
1081 7.943592086025489e-8
1082 7.943592086025489e-8
1083 7.943592086025489e-8
1084 7.943592086025489e-8
1085 7.943592086025489e-8
1086 7.943592086025489e-8
1087 7.943592086025489e-8
1088 7.943592086025489e-8
1089 7.943592086025489e-8
1090 7.943592086025489e-8
1091 7.943592086025489e-8
1092 7.898891343380124e-8
1093 7.898891343380124e-8
1094 7.898891343380124e-8
1095 7.898891343380124e-8
1096 7.898891343380124e-8
1097 7.898891343380124e-8
1098 7.898891343380124e-8
1099 7.898891343380124e-8
1100 7.926769182515938e-8
1101 7.926769182515938e-8
1102 7.926769182515938e-8
1103 7.926769182515938e-8
1104 7.926769182515938e-8
1105 7.926769182515938e-8
1106 7.926769182515938e-8
1107 7.958652585463129e-8
1108 7.958652585463129e-8
1109 7.958652585463129e-8
1110 7.958652585463129e-8
1111 8.000950160952596e-8
1112 8.000950160952596e-8
1113 8.044208881068045e-8
1114 8.044208881068045e-8
1115 8.044208881068045e-8
1116 8.044208881068045e-8
1117 8.044208881068045e-8
1118 8.044208881068045e-8
1119 8.044208881068045e-8
1120 8.044208881068045e-8
1121 8.044208881068045e-8
1122 8.044208881068045e-8
1123 8.044208881068045e-8
1124 8.044208881068045e-8
1125 8.083942915276051e-8
1126 8.083942915276051e-8
1127 8.094357087818326e-8
1128 8.094357087818326e-8
1129 8.094357087818326e-8
1130 8.094357087818326e-8
1131 8.094357087818326e-8
1132 8.094357087818326e-8
1133 8.094357087818326e-8
1134 8.17478630086032e-8
1135 8.17478630086032e-8
1136 8.17478630086032e-8
1137 8.17478630086032e-8
1138 8.17478630086032e-8
1139 8.17478630086032e-8
1140 8.17478630086032e-8
1141 8.17478630086032e-8
1142 8.17478630086032e-8
1143 8.17478630086032e-8
1144 8.17478630086032e-8
1145 8.17478630086032e-8
1146 8.17478630086032e-8
1147 8.17478630086032e-8
1148 8.17478630086032e-8
1149 8.17478630086032e-8
1150 8.17478630086032e-8
1151 8.17478630086032e-8
1152 8.17478630086032e-8
1153 8.17478630086032e-8
1154 8.17478630086032e-8
1155 8.17478630086032e-8
1156 8.17478630086032e-8
1157 8.17478630086032e-8
1158 8.17478630086032e-8
1159 8.17478630086032e-8
1160 8.17478630086032e-8
1161 8.17478630086032e-8
1162 8.17478630086032e-8
1163 8.17478630086032e-8
1164 8.17478630086032e-8
1165 8.17478630086032e-8
1166 8.17478630086032e-8
1167 8.17478630086032e-8
1168 8.17478630086032e-8
1169 8.17478630086032e-8
1170 8.17478630086032e-8
1171 8.17478630086032e-8
1172 8.17478630086032e-8
1173 8.17478630086032e-8
1174 8.17478630086032e-8
1175 8.17478630086032e-8
1176 8.17478630086032e-8
1177 8.17478630086032e-8
1178 8.17478630086032e-8
1179 8.17478630086032e-8
1180 8.17478630086032e-8
1181 8.17478630086032e-8
1182 8.17478630086032e-8
1183 8.17478630086032e-8
1184 8.17478630086032e-8
1185 8.17478630086032e-8
1186 8.17478630086032e-8
1187 8.17478630086032e-8
1188 8.17478630086032e-8
1189 8.17478630086032e-8
1190 8.17478630086032e-8
1191 8.17478630086032e-8
1192 8.23663032855723e-8
1193 8.23663032855723e-8
1194 8.23663032855723e-8
1195 8.3130542222606e-8
1196 8.3130542222606e-8
1197 8.3130542222606e-8
1198 8.3130542222606e-8
1199 8.3130542222606e-8
1200 8.3130542222606e-8
1201 8.3130542222606e-8
1202 8.3130542222606e-8
1203 8.3130542222606e-8
1204 8.3130542222606e-8
1205 8.3130542222606e-8
1206 8.3130542222606e-8
1207 8.3130542222606e-8
1208 8.3130542222606e-8
1209 8.3130542222606e-8
1210 8.3130542222606e-8
1211 8.3130542222606e-8
1212 8.3130542222606e-8
1213 8.3130542222606e-8
1214 8.3130542222606e-8
1215 8.3130542222606e-8
1216 8.3130542222606e-8
1217 8.3130542222606e-8
1218 8.3130542222606e-8
1219 8.3130542222606e-8
1220 8.3130542222606e-8
1221 8.3130542222606e-8
1222 8.3130542222606e-8
1223 8.3130542222606e-8
1224 8.3130542222606e-8
1225 8.3130542222606e-8
1226 8.3130542222606e-8
1227 8.3130542222606e-8
1228 8.3130542222606e-8
1229 8.406621278779139e-8
1230 8.406621278779139e-8
1231 8.406621278779139e-8
1232 8.406621278779139e-8
1233 8.406621278779139e-8
1234 8.406621278779139e-8
1235 8.406621278779139e-8
1236 8.468785688018043e-8
1237 8.468785688018043e-8
1238 8.580617548339673e-8
1239 8.580617548339673e-8
1240 8.580617548339673e-8
1241 8.580617548339673e-8
1242 8.580617548339673e-8
1243 8.580617548339673e-8
1244 8.580617548339673e-8
1245 8.580617548339673e-8
1246 8.539441613838129e-8
1247 8.539441613838129e-8
1248 8.539441613838129e-8
1249 8.539441613838129e-8
1250 8.500348526068676e-8
1251 8.500348526068676e-8
1252 8.500348526068676e-8
1253 8.350865478271134e-8
1254 8.350865478271134e-8
1255 8.350865478271134e-8
1256 8.350865478271134e-8
1257 8.350865478271134e-8
1258 8.350865478271134e-8
1259 8.350865478271134e-8
1260 8.509641363213971e-8
1261 8.470067642013339e-8
1262 8.470067642013339e-8
1263 8.470067642013339e-8
1264 8.484487256130614e-8
1265 8.439626261596063e-8
1266 8.439626261596063e-8
1267 8.439626261596063e-8
1268 8.439626261596063e-8
1269 8.439626261596063e-8
1270 8.439626261596063e-8
1271 8.439626261596063e-8
1272 8.484487133894238e-8
1273 8.484487133894238e-8
1274 8.484487133894238e-8
1275 8.484487133894238e-8
1276 8.484487133894238e-8
1277 8.535596607506878e-8
1278 8.535596607506878e-8
1279 8.535596607506878e-8
1280 8.4308143023547e-8
1281 8.4308143023547e-8
1282 8.454847074041076e-8
1283 8.454847074041076e-8
1284 8.454847074041076e-8
1285 8.454847074041076e-8
1286 8.454847074041076e-8
1287 8.551778809050627e-8
1288 8.551778809050627e-8
1289 8.551778809050627e-8
1290 8.711355586730263e-8
1291 8.711355586730263e-8
1292 8.711355586730263e-8
1293 8.711355586730263e-8
1294 8.711355586730263e-8
1295 8.711355586730263e-8
1296 8.711355586730263e-8
1297 8.711355586730263e-8
1298 8.711355586730263e-8
1299 8.711355586730263e-8
1300 8.711355586730263e-8
1301 8.728819375560178e-8
1302 8.728819375560178e-8
1303 8.728819375560178e-8
1304 8.728819375560178e-8
1305 8.807165864106456e-8
1306 8.807165864106456e-8
1307 8.807165864106456e-8
1308 8.807165864106456e-8
1309 8.807165864106456e-8
1310 8.807165864106456e-8
1311 8.82991662067935e-8
1312 8.82991662067935e-8
1313 8.867567747037074e-8
1314 8.867567747037074e-8
1315 8.867567747037074e-8
1316 9.058386981225346e-8
1317 9.008879720913618e-8
1318 9.008879720913618e-8
1319 9.008879720913618e-8
1320 9.008879720913618e-8
1321 9.008879720913618e-8
1322 9.008879720913618e-8
1323 9.008879720913618e-8
1324 9.008879720913618e-8
1325 9.008879720913618e-8
1326 9.008879720913618e-8
1327 9.008879720913618e-8
1328 9.040122116304067e-8
1329 9.040122116304067e-8
1330 9.040122116304067e-8
1331 9.21700249204262e-8
1332 9.21700249204262e-8
1333 9.24455994963644e-8
1334 9.206428189847535e-8
1335 9.206428189847535e-8
1336 9.206428189847535e-8
1337 9.206428189847535e-8
1338 9.206428189847535e-8
1339 9.206428189847535e-8
1340 9.206428189847535e-8
1341 9.206428189847535e-8
1342 9.206428189847535e-8
1343 9.206428189847535e-8
1344 9.206428189847535e-8
1345 9.206428189847535e-8
1346 9.206428189847535e-8
1347 9.206428189847535e-8
1348 9.129523662712985e-8
1349 9.129523662712985e-8
1350 9.129523662712985e-8
1351 9.129523662712985e-8
1352 9.129523662712985e-8
1353 9.129523662712985e-8
1354 9.129523662712985e-8
1355 9.064475330650625e-8
1356 9.242957797453715e-8
1357 9.242957797453715e-8
1358 9.242957797453715e-8
1359 9.242957797453715e-8
1360 9.242957797453715e-8
1361 9.242957797453715e-8
1362 9.242957797453715e-8
1363 9.242957797453715e-8
1364 9.242957797453715e-8
1365 9.242957797453715e-8
1366 9.242957797453715e-8
1367 9.219405842553083e-8
1368 9.219405842553083e-8
1369 9.219405842553083e-8
1370 9.193610789031174e-8
1371 9.193610789031174e-8
1372 9.193610789031174e-8
1373 9.193610789031174e-8
1374 9.193610789031174e-8
1375 9.193610789031174e-8
1376 9.193610789031174e-8
1377 9.193610789031174e-8
1378 9.193610789031174e-8
1379 9.193610789031174e-8
1380 9.193610789031174e-8
1381 9.193610789031174e-8
1382 9.155158525463899e-8
1383 9.155158525463899e-8
1384 9.155158525463899e-8
1385 9.155158525463899e-8
1386 9.155158525463899e-8
1387 9.155158525463899e-8
1388 9.155158525463899e-8
1389 9.155158525463899e-8
1390 9.155158525463899e-8
1391 9.155158525463899e-8
1392 9.155158525463899e-8
1393 9.155158525463899e-8
1394 9.155158525463899e-8
1395 9.155158525463899e-8
1396 9.155158525463899e-8
1397 9.155158525463899e-8
1398 9.155158525463899e-8
1399 9.155158525463899e-8
1400 9.155158525463899e-8
1401 9.155158525463899e-8
1402 9.155158525463899e-8
1403 9.155158525463899e-8
1404 9.155158525463899e-8
1405 9.155158525463899e-8
1406 9.155158525463899e-8
1407 9.155158525463899e-8
1408 9.155158525463899e-8
1409 9.155158525463899e-8
1410 9.155158525463899e-8
1411 9.155158525463899e-8
1412 9.155158525463899e-8
1413 9.155158525463899e-8
1414 9.155158525463899e-8
1415 9.155158525463899e-8
1416 9.155158525463899e-8
1417 9.155158525463899e-8
1418 9.155158525463899e-8
1419 9.155158525463899e-8
1420 9.155158525463899e-8
1421 9.155158525463899e-8
1422 9.155158525463899e-8
1423 9.155158525463899e-8
1424 9.155158525463899e-8
1425 9.155158525463899e-8
1426 9.155158525463899e-8
1427 9.155158525463899e-8
1428 9.155158525463899e-8
1429 9.155158525463899e-8
1430 9.155158525463899e-8
1431 9.155158525463899e-8
1432 9.155158525463899e-8
1433 9.155158525463899e-8
1434 9.155158525463899e-8
1435 9.155158525463899e-8
1436 9.155158525463899e-8
1437 9.155158525463899e-8
1438 9.155158525463899e-8
1439 9.155158525463899e-8
1440 9.155158525463899e-8
1441 9.155158525463899e-8
1442 9.155158525463899e-8
1443 9.155158525463899e-8
1444 9.155158525463899e-8
1445 9.155158525463899e-8
1446 9.155158525463899e-8
1447 9.155158525463899e-8
1448 9.155158525463899e-8
1449 9.155158525463899e-8
1450 9.155158525463899e-8
1451 9.155158525463899e-8
1452 9.155158525463899e-8
1453 9.155158525463899e-8
1454 9.155158525463899e-8
1455 9.155158525463899e-8
1456 9.155158525463899e-8
1457 9.155158525463899e-8
1458 9.155158525463899e-8
1459 9.155158525463899e-8
1460 9.155158525463899e-8
1461 9.155158525463899e-8
1462 9.155158525463899e-8
1463 9.155158525463899e-8
1464 9.155158525463899e-8
1465 9.155158525463899e-8
1466 9.155158525463899e-8
1467 9.155158525463899e-8
1468 9.155158525463899e-8
1469 9.155158525463899e-8
1470 9.155158525463899e-8
1471 9.155158525463899e-8
1472 9.155158525463899e-8
1473 9.155158525463899e-8
1474 9.155158525463899e-8
1475 9.155158525463899e-8
1476 9.155158525463899e-8
1477 9.155158525463899e-8
1478 9.155158525463899e-8
1479 9.155158525463899e-8
1480 9.155158525463899e-8
1481 9.155158525463899e-8
1482 9.155158525463899e-8
1483 9.155158525463899e-8
1484 9.155158525463899e-8
1485 9.155158525463899e-8
1486 9.155158525463899e-8
1487 9.155158525463899e-8
1488 9.155158525463899e-8
1489 9.155158525463899e-8
1490 9.155158525463899e-8
1491 9.155158525463899e-8
1492 9.183677249920078e-8
1493 9.183677249920078e-8
1494 9.183677249920078e-8
1495 9.203544205905893e-8
1496 9.203544205905893e-8
1497 9.203544205905893e-8
1498 9.203544205905893e-8
1499 9.203544205905893e-8
1500 9.255294503720711e-8
1501 9.255294503720711e-8
1502 9.255294503720711e-8
1503 9.255294503720711e-8
1504 9.255294503720711e-8
1505 9.287337914084334e-8
1506 9.287337914084334e-8
1507 9.287337914084334e-8
1508 9.287337914084334e-8
1509 9.287337914084334e-8
1510 9.304000443468323e-8
1511 9.304000443468323e-8
1512 9.304000443468323e-8
1513 9.304000443468323e-8
1514 9.304000443468323e-8
1515 9.304000443468323e-8
1516 9.304000443468323e-8
1517 9.304000443468323e-8
1518 9.304000443468323e-8
1519 9.338287074689601e-8
1520 9.338287074689601e-8
1521 9.338287074689601e-8
1522 9.338287074689601e-8
1523 9.338287074689601e-8
1524 9.338287074689601e-8
1525 9.338287074689601e-8
1526 9.338287074689601e-8
1527 9.338287074689601e-8
1528 9.338287074689601e-8
1529 9.338287074689601e-8
1530 9.338287074689601e-8
1531 9.338287074689601e-8
1532 9.338287074689601e-8
1533 9.338287074689601e-8
1534 9.338287074689601e-8
1535 9.338287074689601e-8
1536 9.338287074689601e-8
1537 9.338287074689601e-8
1538 9.458931077607157e-8
1539 9.458931077607157e-8
1540 9.458931077607157e-8
1541 9.458931077607157e-8
1542 9.509079284357438e-8
1543 9.509079284357438e-8
1544 9.509079284357438e-8
1545 9.509079284357438e-8
1546 9.570763182401539e-8
1547 9.570763182401539e-8
1548 9.570763182401539e-8
1549 9.674744350344166e-8
1550 9.674744350344166e-8
1551 9.674744350344166e-8
1552 9.674744350344166e-8
1553 9.674744350344166e-8
1554 9.674744350344166e-8
1555 9.674744350344166e-8
1556 9.674744350344166e-8
1557 9.674744350344166e-8
1558 9.674744350344166e-8
1559 9.674744350344166e-8
1560 9.674744350344166e-8
1561 9.674744350344166e-8
1562 9.674744350344166e-8
1563 9.728257113349082e-8
1564 9.728257113349082e-8
1565 9.728257113349082e-8
1566 9.728257113349082e-8
1567 9.837205173083632e-8
1568 9.837205173083632e-8
1569 9.837205173083632e-8
1570 9.837205173083632e-8
1571 9.837205173083632e-8
1572 9.837205173083632e-8
1573 9.837205173083632e-8
1574 9.837205173083632e-8
1575 9.837205173083632e-8
1576 9.837205173083632e-8
1577 9.837205173083632e-8
1578 9.837205173083632e-8
1579 9.837205173083632e-8
1580 9.837205173083632e-8
1581 9.837205173083632e-8
1582 9.837205173083632e-8
1583 9.837205173083632e-8
1584 9.837205173083632e-8
1585 9.837205173083632e-8
1586 9.837205173083632e-8
1587 9.837205173083632e-8
1588 9.837205173083632e-8
1589 9.837205173083632e-8
1590 9.837205173083632e-8
1591 9.837205173083632e-8
1592 9.837205173083632e-8
1593 9.837205173083632e-8
1594 9.837205173083632e-8
1595 9.837205173083632e-8
1596 9.805001449712634e-8
1597 9.805001449712634e-8
1598 9.805001449712634e-8
1599 9.805001449712634e-8
1600 9.805001449712634e-8
1601 9.805001449712634e-8
1602 9.805001449712634e-8
1603 9.805001449712634e-8
1604 9.805001449712634e-8
1605 9.805001449712634e-8
1606 9.805001449712634e-8
1607 9.805001449712634e-8
1608 9.805001449712634e-8
1609 9.805001449712634e-8
1610 9.805001449712634e-8
1611 9.805001449712634e-8
1612 9.805001449712634e-8
1613 9.805001449712634e-8
1614 9.805001449712634e-8
1615 9.805001449712634e-8
1616 9.805001449712634e-8
1617 9.805001449712634e-8
1618 9.805001449712634e-8
1619 9.805001449712634e-8
1620 9.805001449712634e-8
1621 9.805001449712634e-8
1622 9.805001449712634e-8
1623 9.805001449712634e-8
1624 9.805001449712634e-8
1625 9.805001449712634e-8
1626 9.805001449712634e-8
1627 9.805001449712634e-8
1628 9.82086296412345e-8
1629 9.82086296412345e-8
1630 9.82086296412345e-8
1631 9.82086296412345e-8
1632 9.82086296412345e-8
1633 9.841530996200627e-8
1634 9.841530996200627e-8
1635 9.841530996200627e-8
1636 9.841530996200627e-8
1637 9.841530996200627e-8
1638 9.841530996200627e-8
1639 9.841530996200627e-8
1640 9.841530996200627e-8
1641 9.841530996200627e-8
1642 9.841530996200627e-8
1643 9.841530996200627e-8
1644 9.841530996200627e-8
1645 9.841530996200627e-8
1646 9.841530996200627e-8
1647 9.841530996200627e-8
1648 9.841530996200627e-8
1649 9.841530996200627e-8
1650 9.841530996200627e-8
1651 9.841530996200627e-8
1652 9.841530996200627e-8
1653 9.841530996200627e-8
1654 9.841530996200627e-8
1655 9.841530996200627e-8
1656 9.841530996200627e-8
1657 9.904816924191076e-8
1658 9.904816924191076e-8
1659 9.904816924191076e-8
1660 9.971627721443534e-8
1661 9.971627721443534e-8
1662 9.971627721443534e-8
1663 9.971627721443534e-8
1664 9.971627721443534e-8
1665 9.971627721443534e-8
1666 9.971627721443534e-8
1667 9.971627721443534e-8
1668 9.971627721443534e-8
1669 9.971627721443534e-8
1670 9.971627721443534e-8
1671 9.971627721443534e-8
1672 9.971627721443534e-8
1673 9.971627721443534e-8
1674 9.971627721443534e-8
1675 9.971627721443534e-8
1676 9.971627721443534e-8
1677 9.971627721443534e-8
1678 9.971627721443534e-8
1679 9.971627721443534e-8
1680 9.971627721443534e-8
1681 9.971627721443534e-8
1682 9.971627721443534e-8
1683 9.971627721443534e-8
1684 9.971627721443534e-8
1685 9.971627721443534e-8
1686 9.971627721443534e-8
1687 9.971627721443534e-8
1688 1.000607454343581e-7
1689 1.000607454343581e-7
1690 1.000607454343581e-7
1691 1.000607454343581e-7
1692 1.000607454343581e-7
1693 1.000607454343581e-7
1694 1.000607454343581e-7
1695 1.000607454343581e-7
1696 1.000607454343581e-7
1697 1.000607454343581e-7
1698 1.000607454343581e-7
1699 1.0071924073825908e-7
1700 1.0071924073825908e-7
1701 1.0071924073825908e-7
1702 1.0071924073825908e-7
1703 1.0071924073825908e-7
1704 1.0101243935491638e-7
1705 1.0101243935491638e-7
1706 1.0056382940957087e-7
1707 1.0056382940957087e-7
1708 1.0028825483363267e-7
1709 1.0028825483363267e-7
1710 1.0079774705086722e-7
1711 1.0079774705086722e-7
1712 1.0079774705086722e-7
1713 1.0079774705086722e-7
1714 1.0079774705086722e-7
1715 1.0079774705086722e-7
1716 1.0079774705086722e-7
1717 1.0131044308352171e-7
1718 1.0131044308352171e-7
1719 1.0131044308352171e-7
1720 1.0131044308352171e-7
1721 1.0131044308352171e-7
1722 1.0131044308352171e-7
1723 1.0131044308352171e-7
1724 1.0200578715420711e-7
1725 1.0200578715420711e-7
1726 1.0200578715420711e-7
1727 1.0205385294205261e-7
1728 1.0205385294205261e-7
1729 1.0205385294205261e-7
1730 1.0205385294205261e-7
1731 1.0251207555602172e-7
1732 1.0251207555602172e-7
1733 1.0251207555602172e-7
1734 1.0251207555602172e-7
1735 1.0296549183567903e-7
1736 1.0296549183567903e-7
1737 1.0296549183567903e-7
1738 1.0296549183567903e-7
1739 1.0296549183567903e-7
1740 1.0296549183567903e-7
1741 1.0296549183567903e-7
1742 1.0296549183567903e-7
1743 1.0339006766473802e-7
1744 1.0339006766473802e-7
1745 1.0732180926144166e-7
1746 1.0732180926144166e-7
1747 1.0732180926144166e-7
1748 1.0795947609802172e-7
1749 1.0795947609802172e-7
1750 1.0795947609802172e-7
1751 1.0795947609802172e-7
1752 1.0795947609802172e-7
1753 1.0795947609802172e-7
1754 1.0795947609802172e-7
1755 1.0795947609802172e-7
1756 1.0795947609802172e-7
1757 1.0839526711459616e-7
1758 1.0839526711459616e-7
1759 1.0839526711459616e-7
1760 1.0839526711459616e-7
1761 1.0839526711459616e-7
1762 1.0898486816333071e-7
1763 1.0898486816333071e-7
1764 1.0985645141884335e-7
1765 1.1021053108502593e-7
1766 1.1021053108502593e-7
1767 1.1021053108502593e-7
1768 1.1021053108502593e-7
1769 1.1147464834830683e-7
1770 1.1147464834830683e-7
1771 1.1191204188377313e-7
1772 1.1191204188377313e-7
1773 1.1191204188377313e-7
1774 1.1191204188377313e-7
1775 1.1191204188377313e-7
1776 1.1191204188377313e-7
1777 1.1191204188377313e-7
1778 1.1191204188377313e-7
1779 1.1191204188377313e-7
1780 1.1393559113859405e-7
1781 1.1552815448878857e-7
1782 1.1485363827424222e-7
1783 1.1571560886113126e-7
1784 1.1571560886113126e-7
1785 1.1571560886113126e-7
1786 1.1571560886113126e-7
1787 1.1642857819489952e-7
1788 1.1642857819489952e-7
1789 1.1642857819489952e-7
1790 1.171287292110786e-7
1791 1.171287292110786e-7
1792 1.171287292110786e-7
1793 1.171287292110786e-7
1794 1.171287292110786e-7
1795 1.171287292110786e-7
1796 1.171287292110786e-7
1797 1.171287292110786e-7
1798 1.171287292110786e-7
1799 1.171287292110786e-7
1800 1.171287292110786e-7
1801 1.171287292110786e-7
1802 1.171287292110786e-7
1803 1.171287292110786e-7
1804 1.171287292110786e-7
1805 1.171287292110786e-7
1806 1.171287292110786e-7
1807 1.171287292110786e-7
1808 1.171287292110786e-7
1809 1.171287292110786e-7
1810 1.171287292110786e-7
1811 1.171287292110786e-7
1812 1.171287292110786e-7
1813 1.171287292110786e-7
1814 1.171287292110786e-7
1815 1.171287292110786e-7
1816 1.171287292110786e-7
1817 1.171287292110786e-7
1818 1.171287292110786e-7
1819 1.171287292110786e-7
1820 1.171287292110786e-7
1821 1.171287292110786e-7
1822 1.171287292110786e-7
1823 1.171287292110786e-7
1824 1.171287292110786e-7
1825 1.171287292110786e-7
1826 1.171287292110786e-7
1827 1.171287292110786e-7
1828 1.171287292110786e-7
1829 1.171287292110786e-7
1830 1.171287292110786e-7
1831 1.171287292110786e-7
1832 1.171287292110786e-7
1833 1.171287292110786e-7
1834 1.171287292110786e-7
1835 1.171287292110786e-7
1836 1.171287292110786e-7
1837 1.171287292110786e-7
1838 1.171287292110786e-7
1839 1.171287292110786e-7
1840 1.171287292110786e-7
1841 1.171287292110786e-7
1842 1.171287292110786e-7
1843 1.171287292110786e-7
1844 1.17439551868455e-7
1845 1.17439551868455e-7
1846 1.17439551868455e-7
1847 1.17439551868455e-7
1848 1.17439551868455e-7
1849 1.17439551868455e-7
1850 1.17439551868455e-7
1851 1.17439551868455e-7
1852 1.17439551868455e-7
1853 1.17439551868455e-7
1854 1.17439551868455e-7
1855 1.17439551868455e-7
1856 1.17439551868455e-7
1857 1.17439551868455e-7
1858 1.17439551868455e-7
1859 1.17439551868455e-7
1860 1.17439551868455e-7
1861 1.17439551868455e-7
1862 1.17439551868455e-7
1863 1.17439551868455e-7
1864 1.17439551868455e-7
1865 1.17439551868455e-7
1866 1.17439551868455e-7
1867 1.17439551868455e-7
1868 1.17439551868455e-7
1869 1.17439551868455e-7
1870 1.17439551868455e-7
1871 1.17439551868455e-7
1872 1.17439551868455e-7
1873 1.17439551868455e-7
1874 1.17439551868455e-7
1875 1.17439551868455e-7
1876 1.17439551868455e-7
1877 1.17439551868455e-7
1878 1.17439551868455e-7
1879 1.17439551868455e-7
1880 1.17439551868455e-7
1881 1.17439551868455e-7
1882 1.17439551868455e-7
1883 1.17439551868455e-7
1884 1.17439551868455e-7
1885 1.17439551868455e-7
1886 1.17439551868455e-7
1887 1.17439551868455e-7
1888 1.17439551868455e-7
1889 1.17439551868455e-7
1890 1.17439551868455e-7
1891 1.1827428574600135e-7
1892 1.1827428574600135e-7
1893 1.1827428574600135e-7
1894 1.1827428574600135e-7
1895 1.187389172131741e-7
1896 1.187389172131741e-7
1897 1.187389172131741e-7
1898 1.187389172131741e-7
1899 1.1942625052294587e-7
1900 1.1942625052294587e-7
1901 1.1942625052294587e-7
1902 1.1942625052294587e-7
1903 1.1942625052294587e-7
1904 1.1942625052294587e-7
1905 1.1942625052294587e-7
1906 1.1942625052294587e-7
1907 1.1942625052294587e-7
1908 1.1942625052294587e-7
1909 1.1942625052294587e-7
1910 1.1942625052294587e-7
1911 1.1942625052294587e-7
1912 1.1942625052294587e-7
1913 1.2045324632951047e-7
1914 1.2045324632951047e-7
1915 1.2045324632951047e-7
1916 1.2045324632951047e-7
1917 1.2045324632951047e-7
1918 1.2153151051697677e-7
1919 1.2153151051697677e-7
1920 1.2153151051697677e-7
1921 1.2226851152230401e-7
1922 1.2226851152230401e-7
1923 1.2226851152230401e-7
1924 1.2226851152230401e-7
1925 1.2226851152230401e-7
1926 1.2226851152230401e-7
1927 1.2226851152230401e-7
1928 1.2226851152230401e-7
1929 1.2226851152230401e-7
1930 1.2249121397608491e-7
1931 1.2249121397608491e-7
1932 1.2249121397608491e-7
1933 1.2249121397608491e-7
1934 1.2249121397608491e-7
1935 1.2249121397608491e-7
1936 1.2249121397608491e-7
1937 1.2249121397608491e-7
1938 1.2249121397608491e-7
1939 1.2294302773685036e-7
1940 1.2294302773685036e-7
1941 1.23430089579054e-7
1942 1.23430089579054e-7
1943 1.23430089579054e-7
1944 1.23430089579054e-7
1945 1.240405184839276e-7
1946 1.240405184839276e-7
1947 1.240405184839276e-7
1948 1.240405184839276e-7
1949 1.240405184839276e-7
1950 1.240405184839276e-7
1951 1.240405184839276e-7
1952 1.240405184839276e-7
1953 1.2473746507350484e-7
1954 1.2473746507350484e-7
1955 1.2473746507350484e-7
1956 1.2473746507350484e-7
1957 1.2473746507350484e-7
1958 1.2473746507350484e-7
1959 1.2473746507350484e-7
1960 1.2473746507350484e-7
1961 1.2473746507350484e-7
1962 1.2473746507350484e-7
1963 1.2473746507350484e-7
1964 1.2473746507350484e-7
1965 1.2473746507350484e-7
1966 1.2473746507350484e-7
1967 1.2473746507350484e-7
1968 1.2473746507350484e-7
1969 1.2473746507350484e-7
1970 1.2473746507350484e-7
1971 1.2473746507350484e-7
1972 1.2473746507350484e-7
1973 1.2473746507350484e-7
1974 1.2473746507350484e-7
1975 1.2473746507350484e-7
1976 1.2473746507350484e-7
1977 1.2473746507350484e-7
1978 1.2473746507350484e-7
1979 1.2583976337725766e-7
1980 1.2583976337725766e-7
1981 1.2583976337725766e-7
1982 1.2583976337725766e-7
1983 1.2583976337725766e-7
1984 1.2583976337725766e-7
1985 1.2583976337725766e-7
1986 1.2583976337725766e-7
1987 1.2583976337725766e-7
1988 1.2583976337725766e-7
1989 1.2583976337725766e-7
1990 1.2583976337725766e-7
1991 1.2583976337725766e-7
1992 1.2583976337725766e-7
1993 1.2583976337725766e-7
1994 1.2583976337725766e-7
1995 1.2583976337725766e-7
1996 1.263508568910203e-7
1997 1.263508568910203e-7
1998 1.263508568910203e-7
1999 1.263508568910203e-7
2000 1.263508568910203e-7
2001 1.263508568910203e-7
2002 1.263508568910203e-7
2003 1.263508568910203e-7
2004 1.263508568910203e-7
2005 1.263508568910203e-7
2006 1.2760696400456944e-7
2007 1.2858429272676045e-7
2008 1.2858429272676045e-7
2009 1.2858429272676045e-7
2010 1.2858429272676045e-7
2011 1.2873169268335313e-7
2012 1.2873169268335313e-7
2013 1.2873169268335313e-7
2014 1.2873169268335313e-7
2015 1.2873169268335313e-7
2016 1.2873169268335313e-7
2017 1.2873169268335313e-7
2018 1.2873169268335313e-7
2019 1.2873169268335313e-7
2020 1.2873169268335313e-7
2021 1.2873169268335313e-7
2022 1.2873169268335313e-7
2023 1.2873169268335313e-7
2024 1.2873169268335313e-7
2025 1.2873169268335313e-7
2026 1.2873169268335313e-7
2027 1.2873169268335313e-7
2028 1.2873169268335313e-7
2029 1.2873169268335313e-7
2030 1.2873169268335313e-7
2031 1.2873169268335313e-7
2032 1.2873169268335313e-7
2033 1.2873169268335313e-7
2034 1.2873169268335313e-7
2035 1.2873169268335313e-7
2036 1.2873169268335313e-7
2037 1.2873169268335313e-7
2038 1.2873169268335313e-7
2039 1.2873169268335313e-7
2040 1.2873169268335313e-7
2041 1.2904251534072953e-7
2042 1.2904251534072953e-7
2043 1.2904251534072953e-7
2044 1.2904251534072953e-7
2045 1.3203057500015227e-7
2046 1.3203057500015227e-7
2047 1.3203057500015227e-7
2048 1.3203057500015227e-7
2049 1.3203057500015227e-7
2050 1.3203057500015227e-7
2051 1.3203057500015227e-7
2052 1.3203057500015227e-7
2053 1.3203057500015227e-7
2054 1.3203057500015227e-7
2055 1.3203057500015227e-7
2056 1.3203057500015227e-7
2057 1.3203057500015227e-7
2058 1.3203057500015227e-7
2059 1.3203057500015227e-7
2060 1.3203057500015227e-7
2061 1.3203057500015227e-7
2062 1.3203057500015227e-7
2063 1.3203057500015227e-7
2064 1.3203057500015227e-7
2065 1.3203057500015227e-7
2066 1.3203057500015227e-7
2067 1.3203057500015227e-7
2068 1.3203057500015227e-7
2069 1.3203057500015227e-7
2070 1.3203057500015227e-7
2071 1.3203057500015227e-7
2072 1.3219399647857222e-7
2073 1.3219399647857222e-7
2074 1.3257211026104132e-7
2075 1.3257211026104132e-7
2076 1.3257211026104132e-7
2077 1.3257211026104132e-7
2078 1.333107137852604e-7
2079 1.333107137852604e-7
2080 1.333107137852604e-7
2081 1.3363275285251602e-7
2082 1.3363275285251602e-7
2083 1.3363275285251602e-7
2084 1.3363275285251602e-7
2085 1.3363275285251602e-7
2086 1.3410539446942052e-7
2087 1.3410539446942052e-7
2088 1.3410539446942052e-7
2089 1.3410539446942052e-7
2090 1.3410539446942052e-7
2091 1.3410539446942052e-7
2092 1.3410539446942052e-7
2093 1.3410539446942052e-7
2094 1.3410539446942052e-7
2095 1.3410539446942052e-7
2096 1.3410539446942052e-7
2097 1.3504907762906519e-7
2098 1.3504907762906519e-7
2099 1.3504907762906519e-7
2100 1.3504907762906519e-7
2101 1.3504907762906519e-7
2102 1.3504907762906519e-7
2103 1.351115624198461e-7
2104 1.351115624198461e-7
2105 1.351115624198461e-7
2106 1.351115624198461e-7
2107 1.351115624198461e-7
2108 1.351115624198461e-7
2109 1.351115624198461e-7
2110 1.351115624198461e-7
2111 1.351115624198461e-7
2112 1.351115624198461e-7
2113 1.351115624198461e-7
2114 1.351115624198461e-7
2115 1.36351648011568e-7
2116 1.36351648011568e-7
2117 1.36351648011568e-7
2118 1.36351648011568e-7
2119 1.36351648011568e-7
2120 1.3659037259835803e-7
2121 1.3659037259835803e-7
2122 1.3602320192465437e-7
2123 1.3602320192465437e-7
2124 1.3602320192465437e-7
2125 1.3602320192465437e-7
2126 1.3602320192465437e-7
2127 1.3602320192465437e-7
2128 1.3602320192465437e-7
2129 1.3602320192465437e-7
2130 1.3602320192465437e-7
2131 1.3602320192465437e-7
2132 1.3602320192465437e-7
2133 1.3602320192465437e-7
2134 1.3602320192465437e-7
2135 1.3602320192465437e-7
2136 1.3602320192465437e-7
2137 1.3602320192465437e-7
2138 1.3602320192465437e-7
2139 1.3602320192465437e-7
2140 1.3602320192465437e-7
2141 1.3602320192465437e-7
2142 1.3602320192465437e-7
2143 1.3602320192465437e-7
2144 1.3602320192465437e-7
2145 1.3602320192465437e-7
2146 1.3602320192465437e-7
2147 1.3602320192465437e-7
2148 1.3602320192465437e-7
2149 1.3602320192465437e-7
2150 1.3602320192465437e-7
2151 1.3602320192465437e-7
2152 1.3602320192465437e-7
2153 1.3602320192465437e-7
2154 1.3602320192465437e-7
2155 1.3602320192465437e-7
2156 1.3602320192465437e-7
2157 1.3602320192465437e-7
2158 1.3602320192465437e-7
2159 1.3602320192465437e-7
2160 1.3602320192465437e-7
2161 1.3602320192465437e-7
2162 1.3602320192465437e-7
2163 1.3602320192465437e-7
2164 1.3602320192465437e-7
2165 1.3665125364788331e-7
2166 1.3665125364788331e-7
2167 1.3665125364788331e-7
2168 1.3665125364788331e-7
2169 1.3665125364788331e-7
2170 1.3665125364788331e-7
2171 1.3665125364788331e-7
2172 1.3685312824552515e-7
2173 1.3685312824552515e-7
2174 1.3685312824552515e-7
2175 1.3685312824552515e-7
2176 1.394278266522225e-7
2177 1.394278266522225e-7
2178 1.394278266522225e-7
2179 1.394278266522225e-7
2180 1.394278266522225e-7
2181 1.394278266522225e-7
2182 1.394278266522225e-7
2183 1.394278266522225e-7
2184 1.394278266522225e-7
2185 1.394278266522225e-7
2186 1.394278266522225e-7
2187 1.394278266522225e-7
2188 1.394278266522225e-7
2189 1.394278266522225e-7
2190 1.394278266522225e-7
2191 1.394278266522225e-7
2192 1.394278266522225e-7
2193 1.394278266522225e-7
2194 1.394278266522225e-7
2195 1.394278266522225e-7
2196 1.394278266522225e-7
2197 1.394278266522225e-7
2198 1.394278266522225e-7
2199 1.394278266522225e-7
2200 1.394278266522225e-7
2201 1.394278266522225e-7
2202 1.394278266522225e-7
2203 1.394278266522225e-7
2204 1.4032024020860171e-7
2205 1.4032024020860171e-7
2206 1.4032024020860171e-7
2207 1.414257417165926e-7
2208 1.414257417165926e-7
2209 1.414257417165926e-7
2210 1.414257417165926e-7
2211 1.4112773615444162e-7
2212 1.4112773615444162e-7
2213 1.4202495482276886e-7
2214 1.414850214695898e-7
2215 1.414850214695898e-7
2216 1.414850214695898e-7
2217 1.415971733447443e-7
2218 1.4136325570344796e-7
2219 1.4136325570344796e-7
2220 1.4136325570344796e-7
2221 1.4136325570344796e-7
2222 1.4136325570344796e-7
2223 1.4136325570344796e-7
2224 1.4136325570344796e-7
2225 1.4136325570344796e-7
2226 1.4136325570344796e-7
2227 1.4136325570344796e-7
2228 1.4157153793192972e-7
2229 1.4157153793192972e-7
2230 1.4157153793192972e-7
2231 1.4157153793192972e-7
2232 1.4157153793192972e-7
2233 1.4157153793192972e-7
2234 1.4268505020083422e-7
2235 1.4268505020083422e-7
2236 1.4268505020083422e-7
2237 1.4150424558447326e-7
2238 1.4150424558447326e-7
2239 1.4150424558447326e-7
2240 1.4232295794019236e-7
2241 1.448383759827106e-7
2242 1.448383759827106e-7
2243 1.448383759827106e-7
2244 1.448383759827106e-7
2245 1.448383759827106e-7
2246 1.4466694374337704e-7
2247 1.4466694374337704e-7
2248 1.4466694374337704e-7
2249 1.4466694374337704e-7
2250 1.4466694374337704e-7
2251 1.4466694374337704e-7
2252 1.4466694374337704e-7
2253 1.4466694374337704e-7
2254 1.4466694374337704e-7
2255 1.4466694374337704e-7
2256 1.4466694374337704e-7
2257 1.4466694374337704e-7
2258 1.4466694374337704e-7
2259 1.4466694374337704e-7
2260 1.4466694374337704e-7
2261 1.4466694374337704e-7
2262 1.4466694374337704e-7
2263 1.4466694374337704e-7
2264 1.4466694374337704e-7
2265 1.4466694374337704e-7
2266 1.4466694374337704e-7
2267 1.4466694374337704e-7
2268 1.4466694374337704e-7
2269 1.4466694374337704e-7
2270 1.4466694374337704e-7
2271 1.4466694374337704e-7
2272 1.4466694374337704e-7
2273 1.4466694374337704e-7
2274 1.4466694374337704e-7
2275 1.4466694374337704e-7
2276 1.4466694374337704e-7
2277 1.4466694374337704e-7
2278 1.4466694374337704e-7
2279 1.4466694374337704e-7
2280 1.4466694374337704e-7
2281 1.4466694374337704e-7
2282 1.4466694374337704e-7
2283 1.4466694374337704e-7
2284 1.4466694374337704e-7
2285 1.4466694374337704e-7
2286 1.4466694374337704e-7
2287 1.4466694374337704e-7
2288 1.4466694374337704e-7
2289 1.4466694374337704e-7
2290 1.4466694374337704e-7
2291 1.4466694374337704e-7
2292 1.4466694374337704e-7
2293 1.4466694374337704e-7
2294 1.4466694374337704e-7
2295 1.4466694374337704e-7
2296 1.4466694374337704e-7
2297 1.4466694374337704e-7
2298 1.4466694374337704e-7
2299 1.4466694374337704e-7
2300 1.4466694374337704e-7
2301 1.4466694374337704e-7
2302 1.4466694374337704e-7
2303 1.4466694374337704e-7
2304 1.4466694374337704e-7
2305 1.4466694374337704e-7
2306 1.4466694374337704e-7
2307 1.4466694374337704e-7
2308 1.4466694374337704e-7
2309 1.4466694374337704e-7
2310 1.4466694374337704e-7
2311 1.4466694374337704e-7
2312 1.4466694374337704e-7
2313 1.4466694374337704e-7
2314 1.4466694374337704e-7
2315 1.4466694374337704e-7
2316 1.4466694374337704e-7
2317 1.4466694374337704e-7
2318 1.4466694374337704e-7
2319 1.4466694374337704e-7
2320 1.4466694374337704e-7
2321 1.4466694374337704e-7
2322 1.4466694374337704e-7
2323 1.4466694374337704e-7
2324 1.4466694374337704e-7
2325 1.4466694374337704e-7
2326 1.4466694374337704e-7
2327 1.4466694374337704e-7
2328 1.4466694374337704e-7
2329 1.4466694374337704e-7
2330 1.4466694374337704e-7
2331 1.4466694374337704e-7
2332 1.4466694374337704e-7
2333 1.4466694374337704e-7
2334 1.4466694374337704e-7
2335 1.4466694374337704e-7
2336 1.4466694374337704e-7
2337 1.4466694374337704e-7
2338 1.4466694374337704e-7
2339 1.4466694374337704e-7
2340 1.4466694374337704e-7
2341 1.4466694374337704e-7
2342 1.4466694374337704e-7
2343 1.4466694374337704e-7
2344 1.4466694374337704e-7
2345 1.4466694374337704e-7
2346 1.4466694374337704e-7
2347 1.4466694374337704e-7
2348 1.4466694374337704e-7
2349 1.4466694374337704e-7
2350 1.4466694374337704e-7
2351 1.4466694374337704e-7
2352 1.4466694374337704e-7
2353 1.4466694374337704e-7
2354 1.4553692692472536e-7
2355 1.4553692692472536e-7
2356 1.4553692692472536e-7
2357 1.458509533975217e-7
2358 1.458509533975217e-7
2359 1.458509533975217e-7
2360 1.458509533975217e-7
2361 1.458509533975217e-7
2362 1.4658154554964532e-7
2363 1.4658154554964532e-7
2364 1.4658154554964532e-7
2365 1.4658154554964532e-7
2366 1.4658154554964532e-7
2367 1.4658154554964532e-7
2368 1.4658154554964532e-7
2369 1.4658154554964532e-7
2370 1.4658154554964532e-7
2371 1.4658154554964532e-7
2372 1.4658154554964532e-7
2373 1.4658154554964532e-7
2374 1.4658154554964532e-7
2375 1.4658154554964532e-7
2376 1.4658154554964532e-7
2377 1.4658154554964532e-7
2378 1.4658154554964532e-7
2379 1.4658154554964532e-7
2380 1.4658154554964532e-7
2381 1.4658154554964532e-7
2382 1.4658154554964532e-7
2383 1.4658154554964532e-7
2384 1.4658154554964532e-7
2385 1.4658154554964532e-7
2386 1.4658154554964532e-7
2387 1.4658154554964532e-7
2388 1.4658154554964532e-7
2389 1.4658154554964532e-7
2390 1.4658154554964532e-7
2391 1.4658154554964532e-7
2392 1.4658154554964532e-7
2393 1.4658154554964532e-7
2394 1.4658154554964532e-7
2395 1.4658154554964532e-7
2396 1.4658154554964532e-7
2397 1.4658154554964532e-7
2398 1.4658154554964532e-7
2399 1.4658154554964532e-7
2400 1.4658154554964532e-7
2401 1.4658154554964532e-7
2402 1.4658154554964532e-7
2403 1.4658154554964532e-7
2404 1.4658154554964532e-7
2405 1.4658154554964532e-7
2406 1.4658154554964532e-7
2407 1.4658154554964532e-7
2408 1.4658154554964532e-7
2409 1.4658154554964532e-7
2410 1.4658154554964532e-7
2411 1.4658154554964532e-7
2412 1.4658154554964532e-7
2413 1.4658154554964532e-7
2414 1.4658154554964532e-7
2415 1.4658154554964532e-7
2416 1.4658154554964532e-7
2417 1.4658154554964532e-7
2418 1.4658154554964532e-7
2419 1.4658154554964532e-7
2420 1.4658154554964532e-7
2421 1.4658154554964532e-7
2422 1.4658154554964532e-7
2423 1.4658154554964532e-7
2424 1.4658154554964532e-7
2425 1.4658154554964532e-7
2426 1.4658154554964532e-7
2427 1.4658154554964532e-7
2428 1.4658154554964532e-7
2429 1.4658154554964532e-7
2430 1.4658154554964532e-7
2431 1.4658154554964532e-7
2432 1.4658154554964532e-7
2433 1.4658154554964532e-7
2434 1.4658154554964532e-7
2435 1.4658154554964532e-7
2436 1.4658154554964532e-7
2437 1.4658154554964532e-7
2438 1.4658154554964532e-7
2439 1.4658154554964532e-7
2440 1.4658154554964532e-7
2441 1.4658154554964532e-7
2442 1.4658154554964532e-7
2443 1.4658154554964532e-7
2444 1.4658154554964532e-7
2445 1.4658154554964532e-7
2446 1.4658154554964532e-7
2447 1.4658154554964532e-7
2448 1.4758610975881527e-7
2449 1.4758610975881527e-7
2450 1.4845929614440166e-7
2451 1.4845929614440166e-7
2452 1.4845929614440166e-7
2453 1.4845929614440166e-7
2454 1.4845929614440166e-7
2455 1.4845929614440166e-7
2456 1.4845929614440166e-7
2457 1.4845929614440166e-7
2458 1.4845929614440166e-7
2459 1.4845929614440166e-7
2460 1.4845929614440166e-7
2461 1.4845929614440166e-7
2462 1.4845929614440166e-7
2463 1.4845929614440166e-7
2464 1.490921566466699e-7
2465 1.490921566466699e-7
2466 1.490921566466699e-7
2467 1.490921566466699e-7
2468 1.5030500552904912e-7
2469 1.5030500552904912e-7
2470 1.5030500552904912e-7
2471 1.5113493307228368e-7
2472 1.5113493307228368e-7
2473 1.5113493307228368e-7
2474 1.526201502704536e-7
2475 1.526201502704536e-7
2476 1.526201502704536e-7
2477 1.526201502704536e-7
2478 1.526201502704536e-7
2479 1.526201502704536e-7
2480 1.526201502704536e-7
2481 1.526201502704536e-7
2482 1.526201502704536e-7
2483 1.524391041401327e-7
2484 1.524391041401327e-7
2485 1.5208822767818816e-7
2486 1.5208822767818816e-7
2487 1.5208822767818816e-7
2488 1.5208822767818816e-7
2489 1.5208822767818816e-7
2490 1.5208822767818816e-7
2491 1.5208822767818816e-7
2492 1.5208822767818816e-7
2493 1.5208822767818816e-7
2494 1.5208822767818816e-7
2495 1.5208822767818816e-7
2496 1.5208822767818816e-7
2497 1.5208822767818816e-7
2498 1.5208822767818816e-7
2499 1.5208822767818816e-7
2500 1.5208822767818816e-7
2501 1.5208822767818816e-7
2502 1.5208822767818816e-7
2503 1.5208822767818816e-7
2504 1.5208822767818816e-7
2505 1.5208822767818816e-7
2506 1.5208822767818816e-7
2507 1.5208822767818816e-7
2508 1.5208822767818816e-7
2509 1.5208822767818816e-7
2510 1.5208822767818816e-7
2511 1.5208822767818816e-7
2512 1.5208822767818816e-7
2513 1.5208822767818816e-7
2514 1.5208822767818816e-7
2515 1.5208822767818816e-7
2516 1.5208822767818816e-7
2517 1.5208822767818816e-7
2518 1.5208822767818816e-7
2519 1.5208822767818816e-7
2520 1.5208822767818816e-7
2521 1.5208822767818816e-7
2522 1.5208822767818816e-7
2523 1.5208822767818816e-7
2524 1.5208822767818816e-7
2525 1.5208822767818816e-7
2526 1.5208822767818816e-7
2527 1.5208822767818816e-7
2528 1.5208822767818816e-7
2529 1.5208822767818816e-7
2530 1.5208822767818816e-7
2531 1.5208822767818816e-7
2532 1.5280440082737637e-7
2533 1.5280440082737637e-7
2534 1.5280440082737637e-7
2535 1.5280440082737637e-7
2536 1.5280440082737637e-7
2537 1.5280440082737637e-7
2538 1.5280440082737637e-7
2539 1.5280440082737637e-7
2540 1.5280440082737637e-7
2541 1.5280440082737637e-7
2542 1.5280440082737637e-7
2543 1.5280440082737637e-7
2544 1.5280440082737637e-7
2545 1.5280440082737637e-7
2546 1.5280440082737637e-7
2547 1.5280440082737637e-7
2548 1.5280440082737637e-7
2549 1.5280440082737637e-7
2550 1.5280440082737637e-7
2551 1.5344527147937638e-7
2552 1.5344527147937638e-7
2553 1.5344527147937638e-7
2554 1.5344527147937638e-7
2555 1.5487281144344098e-7
2556 1.5487281144344098e-7
2557 1.5487281144344098e-7
2558 1.5487281144344098e-7
2559 1.5487281144344098e-7
2560 1.5487281144344098e-7
2561 1.5487281144344098e-7
2562 1.5487281144344098e-7
2563 1.5487281144344098e-7
2564 1.5487281144344098e-7
2565 1.5487281144344098e-7
2566 1.5487281144344098e-7
2567 1.5487281144344098e-7
2568 1.5487281144344098e-7
2569 1.5487281144344098e-7
2570 1.5487281144344098e-7
2571 1.5487281144344098e-7
2572 1.5487281144344098e-7
2573 1.5487281144344098e-7
2574 1.5487281144344098e-7
2575 1.5487281144344098e-7
2576 1.5487281144344098e-7
2577 1.5487281144344098e-7
2578 1.5487281144344098e-7
2579 1.5487281144344098e-7
2580 1.5487281144344098e-7
2581 1.5487281144344098e-7
2582 1.5487281144344098e-7
2583 1.5487281144344098e-7
2584 1.5487281144344098e-7
2585 1.5487281144344098e-7
2586 1.5487281144344098e-7
2587 1.5487281144344098e-7
2588 1.5487281144344098e-7
2589 1.5487281144344098e-7
2590 1.5487281144344098e-7
2591 1.5487281144344098e-7
2592 1.5487281144344098e-7
2593 1.5487281144344098e-7
2594 1.5487281144344098e-7
2595 1.5487281144344098e-7
2596 1.5487281144344098e-7
2597 1.5487281144344098e-7
2598 1.5487281144344098e-7
2599 1.5487281144344098e-7
2600 1.5487281144344098e-7
2601 1.5487281144344098e-7
2602 1.5487281144344098e-7
2603 1.5487281144344098e-7
2604 1.5487281144344098e-7
2605 1.5487281144344098e-7
2606 1.5451392422058283e-7
2607 1.5451392422058283e-7
2608 1.5451392422058283e-7
2609 1.5451392422058283e-7
2610 1.5451392422058283e-7
2611 1.5451392422058283e-7
2612 1.5451392422058283e-7
2613 1.5451392422058283e-7
2614 1.5451392422058283e-7
2615 1.5451392422058283e-7
2616 1.5451392422058283e-7
2617 1.5451392422058283e-7
2618 1.5451392422058283e-7
2619 1.5416144523974645e-7
2620 1.5416144523974645e-7
2621 1.5416144523974645e-7
2622 1.5416144523974645e-7
2623 1.5416144523974645e-7
2624 1.5416144523974645e-7
2625 1.5416144523974645e-7
2626 1.5416144523974645e-7
2627 1.5416144523974645e-7
2628 1.5570594341327736e-7
2629 1.5570594341327736e-7
2630 1.5570594341327736e-7
2631 1.5570594341327736e-7
2632 1.5570594341327736e-7
2633 1.5648780577984828e-7
2634 1.5648780577984828e-7
2635 1.5648780577984828e-7
2636 1.5648780577984828e-7
2637 1.5648780577984828e-7
2638 1.5648780577984828e-7
2639 1.5539672327479281e-7
2640 1.5539672327479281e-7
2641 1.5539672327479281e-7
2642 1.5539672327479281e-7
2643 1.5539672327479281e-7
2644 1.5539672327479281e-7
2645 1.5539672327479281e-7
2646 1.5539672327479281e-7
2647 1.5539672327479281e-7
2648 1.5539672327479281e-7
2649 1.5539672327479281e-7
2650 1.5539672327479281e-7
2651 1.5539672327479281e-7
2652 1.5539672327479281e-7
2653 1.5539672327479281e-7
2654 1.5539672327479281e-7
2655 1.5539672327479281e-7
2656 1.5539672327479281e-7
2657 1.5539672327479281e-7
2658 1.5539672327479281e-7
2659 1.5539672327479281e-7
2660 1.5539672327479281e-7
2661 1.5539672327479281e-7
2662 1.5539672327479281e-7
2663 1.5539672327479281e-7
2664 1.5539672327479281e-7
2665 1.5539672327479281e-7
2666 1.5539672327479281e-7
2667 1.5539672327479281e-7
2668 1.5539672327479281e-7
2669 1.5539672327479281e-7
2670 1.5539672327479281e-7
2671 1.5539672327479281e-7
2672 1.5539672327479281e-7
2673 1.5539672327479281e-7
2674 1.5539672327479281e-7
2675 1.5539672327479281e-7
2676 1.5539672327479281e-7
2677 1.5539672327479281e-7
2678 1.5539672327479281e-7
2679 1.563948786307591e-7
2680 1.563948786307591e-7
2681 1.563948786307591e-7
2682 1.5767021108155544e-7
2683 1.5767021108155544e-7
2684 1.5767021108155544e-7
2685 1.5767021108155544e-7
2686 1.5767021108155544e-7
2687 1.5767021108155544e-7
2688 1.5767021108155544e-7
2689 1.5837837285864814e-7
2690 1.5837837285864814e-7
2691 1.5837837285864814e-7
2692 1.5907211563280545e-7
2693 1.5907211563280545e-7
2694 1.5907211563280545e-7
2695 1.5907211563280545e-7
2696 1.5907211563280545e-7
2697 1.5907211563280545e-7
2698 1.5907211563280545e-7
2699 1.5907211563280545e-7
2700 1.5907211563280545e-7
2701 1.5907211563280545e-7
2702 1.5907211563280545e-7
2703 1.5907211563280545e-7
2704 1.5907211563280545e-7
2705 1.5907211563280545e-7
2706 1.5907211563280545e-7
2707 1.5907211563280545e-7
2708 1.5907211563280545e-7
2709 1.594598433062619e-7
2710 1.594598433062619e-7
2711 1.594598433062619e-7
2712 1.6001099123577454e-7
2713 1.6001099123577454e-7
2714 1.6001099123577454e-7
2715 1.6001099123577454e-7
2716 1.6001099123577454e-7
2717 1.6001099123577454e-7
2718 1.6001099123577454e-7
2719 1.6001099123577454e-7
2720 1.6001099123577454e-7
2721 1.6001099123577454e-7
2722 1.6001099123577454e-7
2723 1.6001099123577454e-7
2724 1.6001099123577454e-7
2725 1.6001099123577454e-7
2726 1.6001099123577454e-7
2727 1.6001099123577454e-7
2728 1.6001099123577454e-7
2729 1.6001099123577454e-7
2730 1.6001099123577454e-7
2731 1.6001099123577454e-7
2732 1.6033463037719449e-7
2733 1.6033463037719449e-7
2734 1.6347329503099363e-7
2735 1.6347329503099363e-7
2736 1.6347329503099363e-7
2737 1.6347329503099363e-7
2738 1.6347329503099363e-7
2739 1.6347329503099363e-7
2740 1.6347329503099363e-7
2741 1.6347329503099363e-7
2742 1.6347329503099363e-7
2743 1.6347329503099363e-7
2744 1.6347329503099363e-7
2745 1.6347329503099363e-7
2746 1.6347329503099363e-7
2747 1.6347329503099363e-7
2748 1.6347329503099363e-7
2749 1.6347329503099363e-7
2750 1.6496331978583914e-7
2751 1.6707178481765375e-7
2752 1.6707178481765375e-7
2753 1.6707178481765375e-7
2754 1.6707178481765375e-7
2755 1.6707178481765375e-7
2756 1.6707178481765375e-7
2757 1.6707178481765375e-7
2758 1.6707178481765375e-7
2759 1.6707178481765375e-7
2760 1.6707178481765375e-7
2761 1.6707178481765375e-7
2762 1.6707178481765375e-7
2763 1.6707178481765375e-7
2764 1.6707178481765375e-7
2765 1.6707178481765375e-7
2766 1.6707178481765375e-7
2767 1.6707178481765375e-7
2768 1.6707178481765375e-7
2769 1.6707178481765375e-7
2770 1.6707178481765375e-7
2771 1.6707178481765375e-7
2772 1.6707178481765375e-7
2773 1.6707178481765375e-7
2774 1.6707178481765375e-7
2775 1.6707178481765375e-7
2776 1.6707178481765375e-7
2777 1.6707178481765375e-7
2778 1.6707178481765375e-7
2779 1.6707178481765375e-7
2780 1.6707178481765375e-7
2781 1.6707178481765375e-7
2782 1.6707178481765375e-7
2783 1.6707178481765375e-7
2784 1.6707178481765375e-7
2785 1.6707178481765375e-7
2786 1.6707178481765375e-7
2787 1.6707178481765375e-7
2788 1.6707178481765375e-7
2789 1.6707178481765375e-7
2790 1.6707178481765375e-7
2791 1.6707178481765375e-7
2792 1.6707178481765375e-7
2793 1.6707178481765375e-7
2794 1.6707178481765375e-7
2795 1.6707178481765375e-7
2796 1.6707178481765375e-7
2797 1.6707178481765375e-7
2798 1.6707178481765375e-7
2799 1.6707178481765375e-7
2800 1.6707178481765375e-7
2801 1.6707178481765375e-7
2802 1.6707178481765375e-7
2803 1.6707178481765375e-7
2804 1.6707178481765375e-7
2805 1.6707178481765375e-7
2806 1.6707178481765375e-7
2807 1.6707178481765375e-7
2808 1.6707178481765375e-7
2809 1.6707178481765375e-7
2810 1.6707178481765375e-7
2811 1.6707178481765375e-7
2812 1.6707178481765375e-7
2813 1.6707178481765375e-7
2814 1.6707178481765375e-7
2815 1.6707178481765375e-7
2816 1.6707178481765375e-7
2817 1.6707178481765375e-7
2818 1.6707178481765375e-7
2819 1.6707178481765375e-7
2820 1.6707178481765375e-7
2821 1.6707178481765375e-7
2822 1.6707178481765375e-7
2823 1.6707178481765375e-7
2824 1.6707178481765375e-7
2825 1.6707178481765375e-7
2826 1.6707178481765375e-7
2827 1.6707178481765375e-7
2828 1.6707178481765375e-7
2829 1.6707178481765375e-7
2830 1.6707178481765375e-7
2831 1.6707178481765375e-7
2832 1.6707178481765375e-7
2833 1.6707178481765375e-7
2834 1.6707178481765375e-7
2835 1.6707178481765375e-7
2836 1.6707178481765375e-7
2837 1.6707178481765375e-7
2838 1.6806833887709195e-7
2839 1.6806833887709195e-7
2840 1.6806833887709195e-7
2841 1.6806833887709195e-7
2842 1.696737199336938e-7
2843 1.696737199336938e-7
2844 1.696737199336938e-7
2845 1.696737199336938e-7
2846 1.696737199336938e-7
2847 1.696737199336938e-7
2848 1.696737199336938e-7
2849 1.696737199336938e-7
2850 1.696737199336938e-7
2851 1.696737199336938e-7
2852 1.696737199336938e-7
2853 1.696737199336938e-7
2854 1.696737199336938e-7
2855 1.696737199336938e-7
2856 1.696737199336938e-7
2857 1.696737199336938e-7
2858 1.696737199336938e-7
2859 1.696737199336938e-7
2860 1.696737199336938e-7
2861 1.696737199336938e-7
2862 1.696737199336938e-7
2863 1.696737199336938e-7
2864 1.696737199336938e-7
2865 1.696737199336938e-7
2866 1.696737199336938e-7
2867 1.6982432370570643e-7
2868 1.6982432370570643e-7
2869 1.7008868309412918e-7
2870 1.7008868309412918e-7
2871 1.7008868309412918e-7
2872 1.7154506228642833e-7
2873 1.7154506228642833e-7
2874 1.7154506228642833e-7
2875 1.7154506228642833e-7
2876 1.7154506228642833e-7
2877 1.7154506228642833e-7
2878 1.7154506228642833e-7
2879 1.7125827252297468e-7
2880 1.7125827252297468e-7
2881 1.7125827252297468e-7
2882 1.7125827252297468e-7
2883 1.7125827252297468e-7
2884 1.7125827252297468e-7
2885 1.7125827252297468e-7
2886 1.7125827252297468e-7
2887 1.7125827252297468e-7
2888 1.7125827252297468e-7
2889 1.7125827252297468e-7
2890 1.7125827252297468e-7
2891 1.7125827252297468e-7
2892 1.7125827252297468e-7
2893 1.7125827252297468e-7
2894 1.7125827252297468e-7
2895 1.7125827252297468e-7
2896 1.7125827252297468e-7
2897 1.7125827252297468e-7
2898 1.7125827252297468e-7
2899 1.7125827252297468e-7
2900 1.7125827252297468e-7
2901 1.7125827252297468e-7
2902 1.7125827252297468e-7
2903 1.7125827252297468e-7
2904 1.7125827252297468e-7
2905 1.7125827252297468e-7
2906 1.7125827252297468e-7
2907 1.7125827252297468e-7
2908 1.7125827252297468e-7
2909 1.7125827252297468e-7
2910 1.7125827252297468e-7
2911 1.7125827252297468e-7
2912 1.7125827252297468e-7
2913 1.7125827252297468e-7
2914 1.7125827252297468e-7
2915 1.7125827252297468e-7
2916 1.7125827252297468e-7
2917 1.7125827252297468e-7
2918 1.7285884785644658e-7
2919 1.7285884785644658e-7
2920 1.7285884785644658e-7
2921 1.7378170193758843e-7
2922 1.7378170193758843e-7
2923 1.733202748970175e-7
2924 1.733202748970175e-7
2925 1.733202748970175e-7
2926 1.733202748970175e-7
2927 1.7288608517697117e-7
2928 1.7288608517697117e-7
2929 1.7288608517697117e-7
2930 1.7288608517697117e-7
2931 1.7288608517697117e-7
2932 1.7288608517697117e-7
2933 1.7288608517697117e-7
2934 1.7288608517697117e-7
2935 1.7288608517697117e-7
2936 1.7288608517697117e-7
2937 1.7288608517697117e-7
2938 1.7288608517697117e-7
2939 1.7288608517697117e-7
2940 1.7288608517697117e-7
2941 1.7288608517697117e-7
2942 1.7288608517697117e-7
2943 1.7288608517697117e-7
2944 1.7288608517697117e-7
2945 1.7288608517697117e-7
2946 1.7288608517697117e-7
2947 1.7288608517697117e-7
2948 1.7288608517697117e-7
2949 1.7288608517697117e-7
2950 1.7288608517697117e-7
2951 1.7288608517697117e-7
2952 1.7288608517697117e-7
2953 1.7288608517697117e-7
2954 1.7288608517697117e-7
2955 1.7288608517697117e-7
2956 1.7288608517697117e-7
2957 1.7288608517697117e-7
2958 1.7288608517697117e-7
2959 1.7288608517697117e-7
2960 1.7288608517697117e-7
2961 1.7288608517697117e-7
2962 1.7288608517697117e-7
2963 1.7288608517697117e-7
2964 1.7288608517697117e-7
2965 1.7288608517697117e-7
2966 1.7288608517697117e-7
2967 1.7288608517697117e-7
2968 1.7288608517697117e-7
2969 1.7288608517697117e-7
2970 1.7288608517697117e-7
2971 1.7288608517697117e-7
2972 1.7288608517697117e-7
2973 1.7288608517697117e-7
2974 1.7288608517697117e-7
2975 1.7288608517697117e-7
2976 1.7288608517697117e-7
2977 1.7288608517697117e-7
2978 1.7288608517697117e-7
2979 1.7288608517697117e-7
2980 1.7288608517697117e-7
2981 1.7288608517697117e-7
2982 1.7288608517697117e-7
2983 1.7288608517697117e-7
2984 1.7288608517697117e-7
2985 1.7288608517697117e-7
2986 1.7288608517697117e-7
2987 1.7288608517697117e-7
2988 1.7384258482065936e-7
2989 1.7384258482065936e-7
2990 1.7384258482065936e-7
2991 1.7384258482065936e-7
2992 1.7384258482065936e-7
2993 1.7384258482065936e-7
2994 1.7384258482065936e-7
2995 1.7384258482065936e-7
2996 1.7458118834487845e-7
2997 1.7458118834487845e-7
2998 1.7645893893963476e-7
2999 1.7645893893963476e-7
3000 1.7645893893963476e-7
3001 1.7645893893963476e-7
3002 1.7645893893963476e-7
3003 1.7645893893963476e-7
3004 1.7645893893963476e-7
3005 1.7645893893963476e-7
3006 1.7645893893963476e-7
3007 1.7645893893963476e-7
3008 1.7645893893963476e-7
3009 1.7645893893963476e-7
3010 1.7645893893963476e-7
3011 1.7645893893963476e-7
3012 1.7645893893963476e-7
3013 1.7645893893963476e-7
3014 1.7645893893963476e-7
3015 1.773513512736502e-7
3016 1.773513512736502e-7
3017 1.773513512736502e-7
3018 1.773513512736502e-7
3019 1.773513512736502e-7
3020 1.773513512736502e-7
3021 1.773513512736502e-7
3022 1.773513512736502e-7
3023 1.773513512736502e-7
3024 1.773513512736502e-7
3025 1.773513512736502e-7
3026 1.773513512736502e-7
3027 1.773513512736502e-7
3028 1.773513512736502e-7
3029 1.773513512736502e-7
3030 1.773513512736502e-7
3031 1.773513512736502e-7
3032 1.773513512736502e-7
3033 1.773513512736502e-7
3034 1.773513512736502e-7
3035 1.773513512736502e-7
3036 1.773513512736502e-7
3037 1.773513512736502e-7
3038 1.773513512736502e-7
3039 1.767601477060238e-7
3040 1.767601477060238e-7
3041 1.767601477060238e-7
3042 1.767601477060238e-7
3043 1.767601477060238e-7
3044 1.767601477060238e-7
3045 1.767601477060238e-7
3046 1.7681942868138476e-7
3047 1.7681942868138476e-7
3048 1.7681942868138476e-7
3049 1.77139862785021e-7
3050 1.77139862785021e-7
3051 1.77139862785021e-7
3052 1.77139862785021e-7
3053 1.777534967276783e-7
3054 1.777534967276783e-7
3055 1.777534967276783e-7
3056 1.777534967276783e-7
3057 1.777534967276783e-7
3058 1.777534967276783e-7
3059 1.777534967276783e-7
3060 1.7848729391758558e-7
3061 1.7848729391758558e-7
3062 1.7848729391758558e-7
3063 1.7879330901828642e-7
3064 1.7879330901828642e-7
3065 1.7879330901828642e-7
3066 1.7879330901828642e-7
3067 1.7879330901828642e-7
3068 1.7879330901828642e-7
3069 1.7879330901828642e-7
3070 1.7879330901828642e-7
3071 1.7879330901828642e-7
3072 1.796969371509992e-7
3073 1.796969371509992e-7
3074 1.796969371509992e-7
3075 1.796969371509992e-7
3076 1.796969371509992e-7
3077 1.796969371509992e-7
3078 1.796969371509992e-7
3079 1.796969371509992e-7
3080 1.796969371509992e-7
3081 1.796969371509992e-7
3082 1.796969371509992e-7
3083 1.7976583079498374e-7
3084 1.7976583079498374e-7
3085 1.7976583079498374e-7
3086 1.7976583079498374e-7
3087 1.7976583079498374e-7
3088 1.7976583079498374e-7
3089 1.8017919265889104e-7
3090 1.8017919265889104e-7
3091 1.8017919265889104e-7
3092 1.8017919265889104e-7
3093 1.8017919265889104e-7
3094 1.8017919265889104e-7
3095 1.8017919265889104e-7
3096 1.8017919265889104e-7
3097 1.8017919265889104e-7
3098 1.8126546821845285e-7
3099 1.8126546821845285e-7
3100 1.8126546821845285e-7
3101 1.8126546821845285e-7
3102 1.8126546821845285e-7
3103 1.8126546821845285e-7
3104 1.8126546821845285e-7
3105 1.8126546821845285e-7
3106 1.8126546821845285e-7
3107 1.8126546821845285e-7
3108 1.8126546821845285e-7
3109 1.8126546821845285e-7
3110 1.8126546821845285e-7
3111 1.8126546821845285e-7
3112 1.8126546821845285e-7
3113 1.8126546821845285e-7
3114 1.8126546821845285e-7
3115 1.8126546821845285e-7
3116 1.8126546821845285e-7
3117 1.8126546821845285e-7
3118 1.8126546821845285e-7
3119 1.8126546821845285e-7
3120 1.8182943507673655e-7
3121 1.8182943507673655e-7
3122 1.8182943507673655e-7
3123 1.8182943507673655e-7
3124 1.8182943507673655e-7
3125 1.8182943507673655e-7
3126 1.8182943507673655e-7
3127 1.8275869801108204e-7
3128 1.8275869801108204e-7
3129 1.8275869801108204e-7
3130 1.841718177498475e-7
3131 1.841718177498475e-7
3132 1.841718177498475e-7
3133 1.841718177498475e-7
3134 1.841718177498475e-7
3135 1.841718177498475e-7
3136 1.841718177498475e-7
3137 1.841718177498475e-7
3138 1.841718177498475e-7
3139 1.841718177498475e-7
3140 1.841718177498475e-7
3141 1.841718177498475e-7
3142 1.841718177498475e-7
3143 1.841718177498475e-7
3144 1.841718177498475e-7
3145 1.841718177498475e-7
3146 1.841718177498475e-7
3147 1.841718177498475e-7
3148 1.841718177498475e-7
3149 1.841718177498475e-7
3150 1.841718177498475e-7
3151 1.841718177498475e-7
3152 1.841718177498475e-7
3153 1.841718177498475e-7
3154 1.841718177498475e-7
3155 1.841718177498475e-7
3156 1.841718177498475e-7
3157 1.841718177498475e-7
3158 1.841718177498475e-7
3159 1.841718177498475e-7
3160 1.841718177498475e-7
3161 1.841718177498475e-7
3162 1.841718177498475e-7
3163 1.841718177498475e-7
3164 1.841718177498475e-7
3165 1.841718177498475e-7
3166 1.841718177498475e-7
3167 1.841718177498475e-7
3168 1.841718177498475e-7
3169 1.841718177498475e-7
3170 1.841718177498475e-7
3171 1.8440092905683204e-7
3172 1.8440092905683204e-7
3173 1.8440092905683204e-7
3174 1.8440092905683204e-7
3175 1.8440092905683204e-7
3176 1.8440092905683204e-7
3177 1.8440092905683204e-7
3178 1.8440092905683204e-7
3179 1.8440092905683204e-7
3180 1.8440092905683204e-7
3181 1.8440092905683204e-7
3182 1.8440092905683204e-7
3183 1.8440092905683204e-7
3184 1.8440092905683204e-7
3185 1.874194304633812e-7
3186 1.8757804560748935e-7
3187 1.8992843843033205e-7
3188 1.8992843843033205e-7
3189 1.8992843843033205e-7
3190 1.913543758755048e-7
3191 1.913543758755048e-7
3192 1.913543758755048e-7
3193 1.913543758755048e-7
3194 1.913543758755048e-7
3195 1.913543758755048e-7
3196 1.913543758755048e-7
3197 1.913543758755048e-7
3198 1.913543758755048e-7
3199 1.913543758755048e-7
3200 1.913543758755048e-7
3201 1.913543758755048e-7
3202 1.913543758755048e-7
3203 1.913543758755048e-7
3204 1.913543758755048e-7
3205 1.913543758755048e-7
3206 1.913543758755048e-7
3207 1.913543758755048e-7
3208 1.913543758755048e-7
3209 1.913543758755048e-7
3210 1.913543758755048e-7
3211 1.913543758755048e-7
3212 1.913543758755048e-7
3213 1.916844238701284e-7
3214 1.916844238701284e-7
3215 1.916844238701284e-7
3216 1.916844238701284e-7
3217 1.916844238701284e-7
3218 1.916844238701284e-7
3219 1.927883234704093e-7
3220 1.927883234704093e-7
3221 1.927883234704093e-7
3222 1.9347405548365297e-7
3223 1.9347405548365297e-7
3224 1.9347405548365297e-7
3225 1.9347405548365297e-7
3226 1.9347405548365297e-7
3227 1.9347405548365297e-7
3228 1.9347405548365297e-7
3229 1.9347405548365297e-7
3230 1.9347405548365297e-7
3231 1.9373681235318388e-7
3232 1.9373681235318388e-7
3233 1.9373681235318388e-7
3234 1.9373681235318388e-7
3235 1.9594621346145564e-7
3236 1.9594621346145564e-7
3237 1.9594621346145564e-7
3238 1.9594621346145564e-7
3239 1.9826776705606377e-7
3240 1.9826776705606377e-7
3241 1.9826776705606377e-7
3242 1.9826776705606377e-7
3243 1.9826776705606377e-7
3244 1.9826776705606377e-7
3245 1.9826776705606377e-7
3246 1.9826776705606377e-7
3247 1.9826776705606377e-7
3248 1.9826776705606377e-7
3249 1.9826776705606377e-7
3250 1.9826776705606377e-7
3251 1.9826776705606377e-7
3252 1.9826776705606377e-7
3253 1.9826776705606377e-7
3254 1.9826776705606377e-7
3255 1.9826776705606377e-7
3256 1.987147750936993e-7
3257 1.987147750936993e-7
3258 1.987147750936993e-7
3259 1.987147750936993e-7
3260 1.987147750936993e-7
3261 1.987147750936993e-7
3262 1.987147750936993e-7
3263 1.987147750936993e-7
3264 1.987147750936993e-7
3265 1.987147750936993e-7
3266 1.987147750936993e-7
3267 1.987147750936993e-7
3268 1.987147750936993e-7
3269 1.987147750936993e-7
3270 1.987147750936993e-7
3271 1.987147750936993e-7
3272 1.992707305798875e-7
3273 1.992707305798875e-7
3274 1.992707305798875e-7
3275 1.992707305798875e-7
3276 1.992707305798875e-7
3277 2.0011027079174566e-7
3278 2.0011027079174566e-7
3279 2.0011027079174566e-7
3280 2.0011027079174566e-7
3281 2.0011027079174566e-7
3282 2.0011027079174566e-7
3283 2.0011027079174566e-7
3284 2.0011027079174566e-7
3285 2.0011027079174566e-7
3286 2.0028010173455114e-7
3287 2.0028010173455114e-7
3288 2.0028010173455114e-7
3289 2.0028010173455114e-7
3290 2.0028010173455114e-7
3291 2.0028010173455114e-7
3292 2.0028010173455114e-7
3293 2.0028010173455114e-7
3294 2.0028010173455114e-7
3295 2.0028010173455114e-7
3296 2.0028010173455114e-7
3297 2.0028010173455114e-7
3298 2.0028010173455114e-7
3299 2.0028010173455114e-7
3300 2.0028010173455114e-7
3301 2.0028010173455114e-7
3302 2.0028010173455114e-7
3303 2.0028010173455114e-7
3304 2.0028010173455114e-7
3305 2.0028010173455114e-7
3306 2.0028010173455114e-7
3307 2.0028010173455114e-7
3308 2.0028010173455114e-7
3309 2.0028010173455114e-7
3310 2.011308583562885e-7
3311 2.011308583562885e-7
3312 2.011308583562885e-7
3313 2.011308583562885e-7
3314 2.0264651730158483e-7
3315 2.0264651730158483e-7
3316 2.0264651730158483e-7
3317 2.0264651730158483e-7
3318 2.0264651730158483e-7
3319 2.0264651730158483e-7
3320 2.0264651730158483e-7
3321 2.0359180053539383e-7
3322 2.0359180053539383e-7
3323 2.0359180053539383e-7
3324 2.0359180053539383e-7
3325 2.0359180053539383e-7
3326 2.0372317958134118e-7
3327 2.0363025304343389e-7
3328 2.0363025304343389e-7
3329 2.0363025304343389e-7
3330 2.0363025304343389e-7
3331 2.0363025304343389e-7
3332 2.0363025304343389e-7
3333 2.0363025304343389e-7
3334 2.0363025304343389e-7
3335 2.0363025304343389e-7
3336 2.0363025304343389e-7
3337 2.0363025304343389e-7
3338 2.0363025304343389e-7
3339 2.0363025304343389e-7
3340 2.0363025304343389e-7
3341 2.0363025304343389e-7
3342 2.0363025304343389e-7
3343 2.0363025304343389e-7
3344 2.0363025304343389e-7
3345 2.0363025304343389e-7
3346 2.0363025304343389e-7
3347 2.0363025304343389e-7
3348 2.0363025304343389e-7
3349 2.0363025304343389e-7
3350 2.0363025304343389e-7
3351 2.0363025304343389e-7
3352 2.0363025304343389e-7
3353 2.0363025304343389e-7
3354 2.0363025304343389e-7
3355 2.0363025304343389e-7
3356 2.0363025304343389e-7
3357 2.0363025304343389e-7
3358 2.0363025304343389e-7
3359 2.0363025304343389e-7
3360 2.0363025304343389e-7
3361 2.0363025304343389e-7
3362 2.0363025304343389e-7
3363 2.0363025304343389e-7
3364 2.0363025304343389e-7
3365 2.0363025304343389e-7
3366 2.0363025304343389e-7
3367 2.0363025304343389e-7
3368 2.0363025304343389e-7
3369 2.0363025304343389e-7
3370 2.0363025304343389e-7
3371 2.0363025304343389e-7
3372 2.0363025304343389e-7
3373 2.0363025304343389e-7
3374 2.0363025304343389e-7
3375 2.0363025304343389e-7
3376 2.0363025304343389e-7
3377 2.0363025304343389e-7
3378 2.0363025304343389e-7
3379 2.0363025304343389e-7
3380 2.0363025304343389e-7
3381 2.0363025304343389e-7
3382 2.0363025304343389e-7
3383 2.0363025304343389e-7
3384 2.0363025304343389e-7
3385 2.0363025304343389e-7
3386 2.0363025304343389e-7
3387 2.0363025304343389e-7
3388 2.0363025304343389e-7
3389 2.0363025304343389e-7
3390 2.0363025304343389e-7
3391 2.0363025304343389e-7
3392 2.0363025304343389e-7
3393 2.0363025304343389e-7
3394 2.0363025304343389e-7
3395 2.0363025304343389e-7
3396 2.0363025304343389e-7
3397 2.0363025304343389e-7
3398 2.0363025304343389e-7
3399 2.0363025304343389e-7
3400 2.0363025304343389e-7
3401 2.0363025304343389e-7
3402 2.0363025304343389e-7
3403 2.0363025304343389e-7
3404 2.0363025304343389e-7
3405 2.0363025304343389e-7
3406 2.0376163147819934e-7
3407 2.0376163147819934e-7
3408 2.0376163147819934e-7
3409 2.0431758696438753e-7
3410 2.0431758696438753e-7
3411 2.0431758696438753e-7
3412 2.0431758696438753e-7
3413 2.0431758696438753e-7
3414 2.0431758696438753e-7
3415 2.046652596109121e-7
3416 2.046652596109121e-7
3417 2.046652596109121e-7
3418 2.046652596109121e-7
3419 2.046652596109121e-7
3420 2.046652596109121e-7
3421 2.046652596109121e-7
3422 2.046652596109121e-7
3423 2.046652596109121e-7
3424 2.046652596109121e-7
3425 2.046652596109121e-7
3426 2.046652596109121e-7
3427 2.046652596109121e-7
3428 2.046652596109121e-7
3429 2.046652596109121e-7
3430 2.0545353144186858e-7
3431 2.0545353144186858e-7
3432 2.0545353144186858e-7
3433 2.0642445008849217e-7
3434 2.0642445008849217e-7
3435 2.0642445008849217e-7
3436 2.0642445008849217e-7
3437 2.0642445008849217e-7
3438 2.0642445008849217e-7
3439 2.0683941386010945e-7
3440 2.0683941386010945e-7
3441 2.0683941386010945e-7
3442 2.0683941386010945e-7
3443 2.0683941386010945e-7
3444 2.0683941386010945e-7
3445 2.0683941386010945e-7
3446 2.0683941386010945e-7
3447 2.0683941386010945e-7
3448 2.055288333278749e-7
3449 2.055288333278749e-7
3450 2.055288333278749e-7
3451 2.055288333278749e-7
3452 2.055288333278749e-7
3453 2.055288333278749e-7
3454 2.055288333278749e-7
3455 2.055288333278749e-7
3456 2.055288333278749e-7
3457 2.055288333278749e-7
3458 2.055288333278749e-7
3459 2.055288333278749e-7
3460 2.055288333278749e-7
3461 2.055288333278749e-7
3462 2.055288333278749e-7
3463 2.055288333278749e-7
3464 2.055288333278749e-7
3465 2.055288333278749e-7
3466 2.0578998890087772e-7
3467 2.0578998890087772e-7
3468 2.0677693029169232e-7
3469 2.0659908858797323e-7
3470 2.0659908858797323e-7
3471 2.0659908858797323e-7
3472 2.0659908858797323e-7
3473 2.0659908858797323e-7
3474 2.0659908858797323e-7
3475 2.0659908858797323e-7
3476 2.0659908858797323e-7
3477 2.0659908858797323e-7
3478 2.0659908858797323e-7
3479 2.0659908858797323e-7
3480 2.0659908858797323e-7
3481 2.0659908858797323e-7
3482 2.0659908858797323e-7
3483 2.0659908858797323e-7
3484 2.0659908858797323e-7
3485 2.0659908858797323e-7
3486 2.0731686425605328e-7
3487 2.0731686425605328e-7
3488 2.0731686425605328e-7
3489 2.0807789876648516e-7
3490 2.0807789876648516e-7
3491 2.0807789876648516e-7
3492 2.0807789876648516e-7
3493 2.0807789876648516e-7
3494 2.0807789876648516e-7
3495 2.0807789876648516e-7
3496 2.0715664720423515e-7
3497 2.0715664720423515e-7
3498 2.0715664720423515e-7
3499 2.0698681626142967e-7
3500 2.0698681626142967e-7
3501 2.0698681626142967e-7
3502 2.0698681626142967e-7
3503 2.0698681626142967e-7
3504 2.0698681626142967e-7
3505 2.0698681626142967e-7
3506 2.0698681626142967e-7
3507 2.0698681626142967e-7
3508 2.0698681626142967e-7
3509 2.0698681626142967e-7
3510 2.0698681626142967e-7
3511 2.0698681626142967e-7
3512 2.0698681626142967e-7
3513 2.0698681626142967e-7
3514 2.0698681626142967e-7
3515 2.0698681626142967e-7
3516 2.0698681626142967e-7
3517 2.0698681626142967e-7
3518 2.0698681626142967e-7
3519 2.074482439131825e-7
3520 2.074482439131825e-7
3521 2.074482439131825e-7
3522 2.074482439131825e-7
3523 2.074482439131825e-7
3524 2.074482439131825e-7
3525 2.074482439131825e-7
3526 2.0879567443456522e-7
3527 2.0879567443456522e-7
3528 2.0879567443456522e-7
3529 2.0879567443456522e-7
3530 2.0879567443456522e-7
3531 2.0879567443456522e-7
3532 2.0879567443456522e-7
3533 2.0879567443456522e-7
3534 2.0879567443456522e-7
3535 2.0879567443456522e-7
3536 2.0879567443456522e-7
3537 2.0879567443456522e-7
3538 2.0879567443456522e-7
3539 2.0879567443456522e-7
3540 2.0918179836676607e-7
3541 2.0918179836676607e-7
3542 2.0918179836676607e-7
3543 2.0918179836676607e-7
3544 2.0918179836676607e-7
3545 2.1058690673343602e-7
3546 2.1058690673343602e-7
3547 2.1058690673343602e-7
3548 2.1146009250784051e-7
3549 2.1146009250784051e-7
3550 2.1146009250784051e-7
3551 2.1146009250784051e-7
3552 2.1146009250784051e-7
3553 2.1146009250784051e-7
3554 2.1146009250784051e-7
3555 2.1146009250784051e-7
3556 2.1146009250784051e-7
3557 2.1233007446682506e-7
3558 2.1233007446682506e-7
3559 2.1233007446682506e-7
3560 2.1233007446682506e-7
3561 2.1357816959709683e-7
3562 2.1357816959709683e-7
3563 2.1357816959709683e-7
3564 2.1357816959709683e-7
3565 2.1357816959709683e-7
3566 2.1357816959709683e-7
3567 2.1357816959709683e-7
3568 2.1357816959709683e-7
3569 2.1357816959709683e-7
3570 2.1357816959709683e-7
3571 2.1463881096620778e-7
3572 2.1463881096620778e-7
3573 2.1463881096620778e-7
3574 2.1463881096620778e-7
3575 2.1463881096620778e-7
3576 2.1463881096620778e-7
3577 2.1463881096620778e-7
3578 2.1463881096620778e-7
3579 2.1561934228145498e-7
3580 2.152764765804241e-7
3581 2.152764765804241e-7
3582 2.152764765804241e-7
3583 2.152764765804241e-7
3584 2.152764765804241e-7
3585 2.152764765804241e-7
3586 2.152764765804241e-7
3587 2.152764765804241e-7
3588 2.152764765804241e-7
3589 2.152764765804241e-7
3590 2.152764765804241e-7
3591 2.1590613204490863e-7
3592 2.1590613204490863e-7
3593 2.1590613204490863e-7
3594 2.1590613204490863e-7
3595 2.1590613204490863e-7
3596 2.1590613204490863e-7
3597 2.1590613204490863e-7
3598 2.1590613204490863e-7
3599 2.1616248006123587e-7
3600 2.1667677861278222e-7
3601 2.1667677861278222e-7
3602 2.179024433680231e-7
3603 2.179024433680231e-7
3604 2.182244799905512e-7
3605 2.182244799905512e-7
3606 2.182244799905512e-7
3607 2.182244799905512e-7
3608 2.182244799905512e-7
3609 2.1891662024581664e-7
3610 2.1891662024581664e-7
3611 2.1891662024581664e-7
3612 2.1891662024581664e-7
3613 2.1891662024581664e-7
3614 2.1891662024581664e-7
3615 2.1891662024581664e-7
3616 2.1891662024581664e-7
3617 2.1891662024581664e-7
3618 2.1891662024581664e-7
3619 2.194293175008349e-7
3620 2.194293175008349e-7
3621 2.194293175008349e-7
3622 2.194293175008349e-7
3623 2.199932843591186e-7
3624 2.199932843591186e-7
3625 2.2030090320107506e-7
3626 2.2145767492351325e-7
3627 2.2372795891485594e-7
3628 2.2372795891485594e-7
3629 2.2372795891485594e-7
3630 2.2372795891485594e-7
3631 2.2372795891485594e-7
3632 2.2372795891485594e-7
3633 2.2372795891485594e-7
3634 2.2372795891485594e-7
3635 2.2372795891485594e-7
3636 2.2372795891485594e-7
3637 2.2372795891485594e-7
3638 2.2411087903163684e-7
3639 2.2411087903163684e-7
3640 2.2490555971579695e-7
3641 2.2490555971579695e-7
3642 2.2490555971579695e-7
3643 2.2490555971579695e-7
3644 2.2490555971579695e-7
3645 2.255528392210006e-7
3646 2.255528392210006e-7
3647 2.255528392210006e-7
3648 2.255528392210006e-7
3649 2.255528392210006e-7
3650 2.255528392210006e-7
3651 2.255528392210006e-7
3652 2.255528392210006e-7
3653 2.255528392210006e-7
3654 2.255528392210006e-7
3655 2.255528392210006e-7
3656 2.255528392210006e-7
3657 2.255528392210006e-7
3658 2.255528392210006e-7
3659 2.255528392210006e-7
3660 2.255528392210006e-7
3661 2.255528392210006e-7
3662 2.255528392210006e-7
3663 2.255528392210006e-7
3664 2.255528392210006e-7
3665 2.255528392210006e-7
3666 2.255528392210006e-7
3667 2.255528392210006e-7
3668 2.255528392210006e-7
3669 2.255528392210006e-7
3670 2.2654138190834328e-7
3671 2.2654138190834328e-7
3672 2.2670480338676323e-7
3673 2.2670480338676323e-7
3674 2.2670480338676323e-7
3675 2.2670480338676323e-7
3676 2.2670480338676323e-7
3677 2.2670480338676323e-7
3678 2.2670480338676323e-7
3679 2.2707330388942687e-7
3680 2.2707330388942687e-7
3681 2.2707330388942687e-7
3682 2.2707330388942687e-7
3683 2.2707330388942687e-7
3684 2.2707330388942687e-7
3685 2.2707330388942687e-7
3686 2.2707330388942687e-7
3687 2.2707330388942687e-7
3688 2.2707330388942687e-7
3689 2.2707330388942687e-7
3690 2.2707330388942687e-7
3691 2.2707330388942687e-7
3692 2.2707330388942687e-7
3693 2.2707330388942687e-7
3694 2.2707330388942687e-7
3695 2.2707330388942687e-7
3696 2.2707330388942687e-7
3697 2.2707330388942687e-7
3698 2.2707330388942687e-7
3699 2.2707330388942687e-7
3700 2.2707330388942687e-7
3701 2.2707330388942687e-7
3702 2.2707330388942687e-7
3703 2.2707330388942687e-7
3704 2.2707330388942687e-7
3705 2.2707330388942687e-7
3706 2.2707330388942687e-7
3707 2.2707330388942687e-7
3708 2.2707330388942687e-7
3709 2.2707330388942687e-7
3710 2.2707330388942687e-7
3711 2.2707330388942687e-7
3712 2.2707330388942687e-7
3713 2.2707330388942687e-7
3714 2.2707330388942687e-7
3715 2.2707330388942687e-7
3716 2.2707330388942687e-7
3717 2.2707330388942687e-7
3718 2.2707330388942687e-7
3719 2.2707330388942687e-7
3720 2.2707330388942687e-7
3721 2.2707330388942687e-7
3722 2.2707330388942687e-7
3723 2.2707330388942687e-7
3724 2.2707330388942687e-7
3725 2.2707330388942687e-7
3726 2.2707330388942687e-7
3727 2.2707330388942687e-7
3728 2.2707330388942687e-7
3729 2.2707330388942687e-7
3730 2.2707330388942687e-7
3731 2.2707330388942687e-7
3732 2.2707330388942687e-7
3733 2.2707330388942687e-7
3734 2.2707330388942687e-7
3735 2.2707330388942687e-7
3736 2.2707330388942687e-7
3737 2.2707330388942687e-7
3738 2.2707330388942687e-7
3739 2.2707330388942687e-7
3740 2.2707330388942687e-7
3741 2.2707330388942687e-7
3742 2.2707330388942687e-7
3743 2.2707330388942687e-7
3744 2.2707330388942687e-7
3745 2.2707330388942687e-7
3746 2.2707330388942687e-7
3747 2.2707330388942687e-7
3748 2.2707330388942687e-7
3749 2.2707330388942687e-7
3750 2.2707330388942687e-7
3751 2.2707330388942687e-7
3752 2.2707330388942687e-7
3753 2.2707330388942687e-7
3754 2.2707330388942687e-7
3755 2.2707330388942687e-7
3756 2.2707330388942687e-7
3757 2.2707330388942687e-7
3758 2.2707330388942687e-7
3759 2.2707330388942687e-7
3760 2.2707330388942687e-7
3761 2.2707330388942687e-7
3762 2.2707330388942687e-7
3763 2.2707330388942687e-7
3764 2.2707330388942687e-7
3765 2.2707330388942687e-7
3766 2.2707330388942687e-7
3767 2.2707330388942687e-7
3768 2.2707330388942687e-7
3769 2.2758119358776957e-7
3770 2.2758119358776957e-7
3771 2.2758119358776957e-7
3772 2.2758119358776957e-7
3773 2.2758119358776957e-7
3774 2.2758119358776957e-7
3775 2.2798974911736508e-7
3776 2.2798974911736508e-7
3777 2.2798974911736508e-7
3778 2.2798974911736508e-7
3779 2.2798974911736508e-7
3780 2.2798974911736508e-7
3781 2.2798974911736508e-7
3782 2.2798974911736508e-7
3783 2.2798974911736508e-7
3784 2.2798974911736508e-7
3785 2.2919298288639316e-7
3786 2.2919298288639316e-7
3787 2.2919298288639316e-7
3788 2.2919298288639316e-7
3789 2.2919298288639316e-7
3790 2.295967308593131e-7
3791 2.295967308593131e-7
3792 2.295967308593131e-7
3793 2.295967308593131e-7
3794 2.295967308593131e-7
3795 2.295967308593131e-7
3796 2.2808908328611228e-7
3797 2.2808908328611228e-7
3798 2.2808908328611228e-7
3799 2.2808908328611228e-7
3800 2.2808908328611228e-7
3801 2.2808908328611228e-7
3802 2.2808908328611228e-7
3803 2.2845758317759403e-7
3804 2.2845758317759403e-7
3805 2.2845758317759403e-7
3806 2.2845758317759403e-7
3807 2.2845758317759403e-7
3808 2.2845758317759403e-7
3809 2.2845758317759403e-7
3810 2.2954065492173587e-7
3811 2.2954065492173587e-7
3812 2.2954065492173587e-7
3813 2.2954065492173587e-7
3814 2.2954065492173587e-7
3815 2.2954065492173587e-7
3816 2.2954065492173587e-7
3817 2.2954065492173587e-7
3818 2.2954065492173587e-7
3819 2.2954065492173587e-7
3820 2.2954065492173587e-7
3821 2.2954065492173587e-7
3822 2.2954065492173587e-7
3823 2.2954065492173587e-7
3824 2.2954065492173587e-7
3825 2.2954065492173587e-7
3826 2.2954065492173587e-7
3827 2.2954065492173587e-7
3828 2.2936762016351046e-7
3829 2.2936762016351046e-7
3830 2.2936762016351046e-7
3831 2.2936762016351046e-7
3832 2.2936762016351046e-7
3833 2.2936762016351046e-7
3834 2.2936762016351046e-7
3835 2.2936762016351046e-7
3836 2.2936762016351046e-7
3837 2.2936762016351046e-7
3838 2.2936762016351046e-7
3839 2.2936762016351046e-7
3840 2.2936762016351046e-7
3841 2.2936762016351046e-7
3842 2.2936762016351046e-7
3843 2.2936762016351046e-7
3844 2.2936762016351046e-7
3845 2.2936762016351046e-7
3846 2.2936762016351046e-7
3847 2.2936762016351046e-7
3848 2.2936762016351046e-7
3849 2.2936762016351046e-7
3850 2.2936762016351046e-7
3851 2.2936762016351046e-7
3852 2.2936762016351046e-7
3853 2.2936762016351046e-7
3854 2.2936762016351046e-7
3855 2.2936762016351046e-7
3856 2.2936762016351046e-7
3857 2.2936762016351046e-7
3858 2.2936762016351046e-7
3859 2.2936762016351046e-7
3860 2.2936762016351046e-7
3861 2.2936762016351046e-7
3862 2.2936762016351046e-7
3863 2.2936762016351046e-7
3864 2.2936762016351046e-7
3865 2.2936762016351046e-7
3866 2.2936762016351046e-7
3867 2.2936762016351046e-7
3868 2.2936762016351046e-7
3869 2.2936762016351046e-7
3870 2.2936762016351046e-7
3871 2.2936762016351046e-7
3872 2.2936762016351046e-7
3873 2.2984026300277872e-7
3874 2.2984026300277872e-7
3875 2.2984026300277872e-7
3876 2.2984026300277872e-7
3877 2.2984026300277872e-7
3878 2.3134951370605328e-7
3879 2.3134951370605328e-7
3880 2.3172922939623236e-7
3881 2.3172922939623236e-7
3882 2.3172922939623236e-7
3883 2.3172922939623236e-7
3884 2.3172922939623236e-7
3885 2.3172922939623236e-7
3886 2.3172922939623236e-7
3887 2.3172922939623236e-7
3888 2.3185900531210594e-7
3889 2.3185900531210594e-7
3890 2.3185900531210594e-7
3891 2.3185900531210594e-7
3892 2.3185900531210594e-7
3893 2.3185900531210594e-7
3894 2.3185900531210594e-7
3895 2.3261523287704414e-7
3896 2.3261523287704414e-7
3897 2.3261523287704414e-7
3898 2.3261523287704414e-7
3899 2.3261523287704414e-7
3900 2.3261523287704414e-7
3901 2.3354289451486154e-7
3902 2.3354289451486154e-7
3903 2.3354289451486154e-7
3904 2.3354289451486154e-7
3905 2.3354289451486154e-7
3906 2.3354289451486154e-7
3907 2.3354289451486154e-7
3908 2.3354289451486154e-7
3909 2.3354289451486154e-7
3910 2.337463704090315e-7
3911 2.337463704090315e-7
3912 2.337463704090315e-7
3913 2.337463704090315e-7
3914 2.337463704090315e-7
3915 2.337463704090315e-7
3916 2.337463704090315e-7
3917 2.337463704090315e-7
3918 2.337463704090315e-7
3919 2.337463704090315e-7
3920 2.337463704090315e-7
3921 2.337463704090315e-7
3922 2.337463704090315e-7
3923 2.337463704090315e-7
3924 2.337463704090315e-7
3925 2.337463704090315e-7
3926 2.337463704090315e-7
3927 2.337463704090315e-7
3928 2.337463704090315e-7
3929 2.337463704090315e-7
3930 2.337463704090315e-7
3931 2.337463704090315e-7
3932 2.337463704090315e-7
3933 2.337463704090315e-7
3934 2.337463704090315e-7
3935 2.350104876723124e-7
3936 2.350104876723124e-7
3937 2.350104876723124e-7
3938 2.3671199969342334e-7
3939 2.3671199969342334e-7
3940 2.3671199969342334e-7
3941 2.3671199969342334e-7
3942 2.3671199969342334e-7
3943 2.3671199969342334e-7
3944 2.3671199969342334e-7
3945 2.3671199969342334e-7
3946 2.3671199969342334e-7
3947 2.3671199969342334e-7
3948 2.3671199969342334e-7
3949 2.3775501702181518e-7
3950 2.3775501702181518e-7
3951 2.3775501702181518e-7
3952 2.3775501702181518e-7
3953 2.3775501702181518e-7
3954 2.3775501702181518e-7
3955 2.3853207305407433e-7
3956 2.3853207305407433e-7
3957 2.3853207305407433e-7
3958 2.3853207305407433e-7
3959 2.3853207305407433e-7
3960 2.3853207305407433e-7
3961 2.3853207305407433e-7
3962 2.3853207305407433e-7
3963 2.3853207305407433e-7
3964 2.3853207305407433e-7
3965 2.3853207305407433e-7
3966 2.3853207305407433e-7
3967 2.3853207305407433e-7
3968 2.3853207305407433e-7
3969 2.3853207305407433e-7
3970 2.3853207305407433e-7
3971 2.3853207305407433e-7
3972 2.3853207305407433e-7
3973 2.3853207305407433e-7
3974 2.3853207305407433e-7
3975 2.3853207305407433e-7
3976 2.3853207305407433e-7
3977 2.3853207305407433e-7
3978 2.3853207305407433e-7
3979 2.3853207305407433e-7
3980 2.3853207305407433e-7
3981 2.394421094288089e-7
3982 2.394421094288089e-7
3983 2.394421094288089e-7
3984 2.394421094288089e-7
3985 2.394421094288089e-7
3986 2.394421094288089e-7
3987 2.413519036784016e-7
3988 2.413519036784016e-7
3989 2.414592492192443e-7
3990 2.414592492192443e-7
3991 2.414592492192443e-7
3992 2.4200719333333697e-7
3993 2.4200719333333697e-7
3994 2.4200719333333697e-7
3995 2.4200719333333697e-7
3996 2.4200719333333697e-7
3997 2.4200719333333697e-7
3998 2.4200719333333697e-7
3999 2.4251348112396967e-7
4000 2.4251348112396967e-7
4001 2.4251348112396967e-7
4002 2.4251348112396967e-7
4003 2.43711908558686e-7
4004 2.43711908558686e-7
4005 2.447757537432169e-7
4006 2.447757537432169e-7
4007 2.447757537432169e-7
4008 2.447757537432169e-7
4009 2.447757537432169e-7
4010 2.447757537432169e-7
4011 2.447757537432169e-7
4012 2.447757537432169e-7
4013 2.447757537432169e-7
4014 2.467063770713124e-7
4015 2.467063770713124e-7
4016 2.467063770713124e-7
4017 2.467063770713124e-7
4018 2.467063770713124e-7
4019 2.467063770713124e-7
4020 2.467063770713124e-7
4021 2.467063770713124e-7
4022 2.467063770713124e-7
4023 2.467063770713124e-7
4024 2.4682814283745425e-7
4025 2.4682814283745425e-7
4026 2.4682814283745425e-7
4027 2.4682814283745425e-7
4028 2.4682814283745425e-7
4029 2.4682814283745425e-7
4030 2.4682814283745425e-7
4031 2.4682814283745425e-7
4032 2.4682814283745425e-7
4033 2.4682814283745425e-7
4034 2.4682814283745425e-7
4035 2.4682814283745425e-7
4036 2.470716731473742e-7
4037 2.470716731473742e-7
4038 2.470716731473742e-7
4039 2.470716731473742e-7
4040 2.480105487503433e-7
4041 2.480105487503433e-7
4042 2.480105487503433e-7
4043 2.480105487503433e-7
4044 2.480105487503433e-7
4045 2.480105487503433e-7
4046 2.480105487503433e-7
4047 2.480105487503433e-7
4048 2.480105487503433e-7
4049 2.480105487503433e-7
4050 2.480105487503433e-7
4051 2.480105487503433e-7
4052 2.480105487503433e-7
4053 2.480105487503433e-7
4054 2.480105487503433e-7
4055 2.480105487503433e-7
4056 2.480105487503433e-7
4057 2.480105487503433e-7
4058 2.480105487503433e-7
4059 2.480105487503433e-7
4060 2.480105487503433e-7
4061 2.480105487503433e-7
4062 2.480105487503433e-7
4063 2.480105487503433e-7
4064 2.480105487503433e-7
4065 2.480105487503433e-7
4066 2.480105487503433e-7
4067 2.480105487503433e-7
4068 2.480105487503433e-7
4069 2.474369686122541e-7
4070 2.474369686122541e-7
4071 2.474369686122541e-7
4072 2.474369686122541e-7
4073 2.474369686122541e-7
4074 2.474369686122541e-7
4075 2.474369686122541e-7
4076 2.474369686122541e-7
4077 2.474369686122541e-7
4078 2.4944609825295774e-7
4079 2.4944609825295774e-7
4080 2.4944609825295774e-7
4081 2.498258139431368e-7
4082 2.498258139431368e-7
4083 2.498258139431368e-7
4084 2.498258139431368e-7
4085 2.498258139431368e-7
4086 2.498258139431368e-7
4087 2.498258139431368e-7
4088 2.498258139431368e-7
4089 2.498258139431368e-7
4090 2.498258139431368e-7
4091 2.498258139431368e-7
4092 2.498258139431368e-7
4093 2.498258139431368e-7
4094 2.498258139431368e-7
4095 2.498258139431368e-7
4096 2.498258139431368e-7
4097 2.498258139431368e-7
4098 2.498258139431368e-7
4099 2.498258139431368e-7
4100 2.498258139431368e-7
4101 2.498258139431368e-7
4102 2.498258139431368e-7
4103 2.498258139431368e-7
4104 2.498258139431368e-7
4105 2.498258139431368e-7
4106 2.498258139431368e-7
4107 2.498258139431368e-7
4108 2.498258139431368e-7
4109 2.498258139431368e-7
4110 2.498258139431368e-7
4111 2.498258139431368e-7
4112 2.498258139431368e-7
4113 2.498258139431368e-7
4114 2.498258139431368e-7
4115 2.498258139431368e-7
4116 2.498258139431368e-7
4117 2.498258139431368e-7
4118 2.498258139431368e-7
4119 2.498258139431368e-7
4120 2.498258139431368e-7
4121 2.498258139431368e-7
4122 2.509793806277913e-7
4123 2.509793806277913e-7
4124 2.509793806277913e-7
4125 2.513382684618313e-7
4126 2.513382684618313e-7
4127 2.513382684618313e-7
4128 2.513382684618313e-7
4129 2.513382684618313e-7
4130 2.513382684618313e-7
4131 2.513382684618313e-7
4132 2.513382684618313e-7
4133 2.513382684618313e-7
4134 2.513382684618313e-7
4135 2.513382684618313e-7
4136 2.513382684618313e-7
4137 2.513382684618313e-7
4138 2.513382684618313e-7
4139 2.513382684618313e-7
4140 2.513382684618313e-7
4141 2.513382684618313e-7
4142 2.513382684618313e-7
4143 2.513382684618313e-7
4144 2.513382684618313e-7
4145 2.513382684618313e-7
4146 2.513382684618313e-7
4147 2.513382684618313e-7
4148 2.513382684618313e-7
4149 2.513382684618313e-7
4150 2.513382684618313e-7
4151 2.513382684618313e-7
4152 2.513382684618313e-7
4153 2.513382684618313e-7
4154 2.513382684618313e-7
4155 2.513382684618313e-7
4156 2.513382684618313e-7
4157 2.513382684618313e-7
4158 2.513382684618313e-7
4159 2.513382684618313e-7
4160 2.513382684618313e-7
4161 2.513382684618313e-7
4162 2.513382684618313e-7
4163 2.513382684618313e-7
4164 2.513382684618313e-7
4165 2.513382684618313e-7
4166 2.513382684618313e-7
4167 2.513382684618313e-7
4168 2.513382684618313e-7
4169 2.513382684618313e-7
4170 2.513382684618313e-7
4171 2.513382684618313e-7
4172 2.513382684618313e-7
4173 2.513382684618313e-7
4174 2.513382684618313e-7
4175 2.513382684618313e-7
4176 2.513847305084212e-7
4177 2.513847305084212e-7
4178 2.513847305084212e-7
4179 2.513847305084212e-7
4180 2.513847305084212e-7
4181 2.513847305084212e-7
4182 2.513847305084212e-7
4183 2.521489682230911e-7
4184 2.521489682230911e-7
4185 2.5250144781510936e-7
4186 2.5250144781510936e-7
4187 2.5250144781510936e-7
4188 2.5250144781510936e-7
4189 2.5278343124425124e-7
4190 2.5278343124425124e-7
4191 2.5278343124425124e-7
4192 2.5436798383353215e-7
4193 2.5436798383353215e-7
4194 2.5436798383353215e-7
4195 2.5436798383353215e-7
4196 2.5436798383353215e-7
4197 2.5436798383353215e-7
4198 2.5436798383353215e-7
4199 2.5436798383353215e-7
4200 2.5436798383353215e-7
4201 2.5436798383353215e-7
4202 2.5436798383353215e-7
4203 2.5436798383353215e-7
4204 2.5436798383353215e-7
4205 2.5436798383353215e-7
4206 2.5492073428193664e-7
4207 2.5492073428193664e-7
4208 2.5492073428193664e-7
4209 2.5492073428193664e-7
4210 2.5492073428193664e-7
4211 2.5492073428193664e-7
4212 2.5492073428193664e-7
4213 2.5498642288813747e-7
4214 2.5498642288813747e-7
4215 2.5498642288813747e-7
4216 2.5498642288813747e-7
4217 2.5498642288813747e-7
4218 2.5498642288813747e-7
4219 2.5498642288813747e-7
4220 2.5498642288813747e-7
4221 2.5498642288813747e-7
4222 2.5498642288813747e-7
4223 2.5498642288813747e-7
4224 2.5498642288813747e-7
4225 2.5498642288813747e-7
4226 2.5498642288813747e-7
4227 2.5498642288813747e-7
4228 2.5498642288813747e-7
4229 2.5498642288813747e-7
4230 2.5498642288813747e-7
4231 2.5498642288813747e-7
4232 2.5498642288813747e-7
4233 2.5498642288813747e-7
4234 2.5498642288813747e-7
4235 2.5498642288813747e-7
4236 2.5498642288813747e-7
4237 2.5498642288813747e-7
4238 2.5498642288813747e-7
4239 2.5498642288813747e-7
4240 2.5498642288813747e-7
4241 2.5498642288813747e-7
4242 2.5498642288813747e-7
4243 2.5498642288813747e-7
4244 2.5498642288813747e-7
4245 2.5498642288813747e-7
4246 2.555423783743257e-7
4247 2.555423783743257e-7
4248 2.555423783743257e-7
4249 2.559973959505111e-7
4250 2.559973959505111e-7
4251 2.5697952978465014e-7
4252 2.5697952978465014e-7
4253 2.5697952978465014e-7
4254 2.5697952978465014e-7
4255 2.5697952978465014e-7
4256 2.5697952978465014e-7
4257 2.5697952978465014e-7
4258 2.5697952978465014e-7
4259 2.5697952978465014e-7
4260 2.5697952978465014e-7
4261 2.5697952978465014e-7
4262 2.5697952978465014e-7
4263 2.5697952978465014e-7
4264 2.5697952978465014e-7
4265 2.5697952978465014e-7
4266 2.5697952978465014e-7
4267 2.5697952978465014e-7
4268 2.5697952978465014e-7
4269 2.5697952978465014e-7
4270 2.5697952978465014e-7
4271 2.5697952978465014e-7
4272 2.5697952978465014e-7
4273 2.5697952978465014e-7
4274 2.5697952978465014e-7
4275 2.5697952978465014e-7
4276 2.5697952978465014e-7
4277 2.5697952978465014e-7
4278 2.5697952978465014e-7
4279 2.5697952978465014e-7
4280 2.5697952978465014e-7
4281 2.5697952978465014e-7
4282 2.5697952978465014e-7
4283 2.5697952978465014e-7
4284 2.5697952978465014e-7
4285 2.5697952978465014e-7
4286 2.5732239548568105e-7
4287 2.5732239548568105e-7
4288 2.5732239548568105e-7
4289 2.5797608384408836e-7
4290 2.5797608384408836e-7
4291 2.5797608384408836e-7
4292 2.5797608384408836e-7
4293 2.5797608384408836e-7
4294 2.585656848928229e-7
4295 2.585656848928229e-7
4296 2.585656848928229e-7
4297 2.585656848928229e-7
4298 2.585656848928229e-7
4299 2.585656848928229e-7
4300 2.585656848928229e-7
4301 2.585656848928229e-7
4302 2.585656848928229e-7
4303 2.585656848928229e-7
4304 2.585656848928229e-7
4305 2.585656848928229e-7
4306 2.585656848928229e-7
4307 2.585656848928229e-7
4308 2.585656848928229e-7
4309 2.585656848928229e-7
4310 2.585656848928229e-7
4311 2.585656848928229e-7
4312 2.585656848928229e-7
4313 2.585656848928229e-7
4314 2.585656848928229e-7
4315 2.585656848928229e-7
4316 2.585656848928229e-7
4317 2.585656848928229e-7
4318 2.585656848928229e-7
4319 2.585656848928229e-7
4320 2.585656848928229e-7
4321 2.585656848928229e-7
4322 2.585656848928229e-7
4323 2.585656848928229e-7
4324 2.585656848928229e-7
4325 2.585656848928229e-7
4326 2.585656848928229e-7
4327 2.585656848928229e-7
4328 2.585656848928229e-7
4329 2.585656848928229e-7
4330 2.603184665171993e-7
4331 2.603184665171993e-7
4332 2.603184665171993e-7
4333 2.603184665171993e-7
4334 2.621369373589584e-7
4335 2.621369373589584e-7
4336 2.621369373589584e-7
4337 2.621369373589584e-7
4338 2.621369373589584e-7
4339 2.621369373589584e-7
4340 2.621369373589584e-7
4341 2.621369373589584e-7
4342 2.621369373589584e-7
4343 2.621369373589584e-7
4344 2.621369373589584e-7
4345 2.621369373589584e-7
4346 2.621369373589584e-7
4347 2.621369373589584e-7
4348 2.621369373589584e-7
4349 2.621369373589584e-7
4350 2.621369373589584e-7
4351 2.621369373589584e-7
4352 2.621369373589584e-7
4353 2.621369373589584e-7
4354 2.621369373589584e-7
4355 2.621369373589584e-7
4356 2.621369373589584e-7
4357 2.621369373589584e-7
4358 2.621369373589584e-7
4359 2.621369373589584e-7
4360 2.621369373589584e-7
4361 2.621369373589584e-7
4362 2.621369373589584e-7
4363 2.621369373589584e-7
4364 2.621369373589584e-7
4365 2.621369373589584e-7
4366 2.621369373589584e-7
4367 2.621369373589584e-7
4368 2.626191928668503e-7
4369 2.626191928668503e-7
4370 2.630549851057885e-7
4371 2.630549851057885e-7
4372 2.641941327875076e-7
4373 2.641941327875076e-7
4374 2.641941327875076e-7
4375 2.641941327875076e-7
4376 2.641941327875076e-7
4377 2.641941327875076e-7
4378 2.641941327875076e-7
4379 2.641941327875076e-7
4380 2.641941327875076e-7
4381 2.641941327875076e-7
4382 2.641941327875076e-7
4383 2.641941327875076e-7
4384 2.641941327875076e-7
4385 2.641941327875076e-7
4386 2.641941327875076e-7
4387 2.641941327875076e-7
4388 2.641941327875076e-7
4389 2.641941327875076e-7
4390 2.641941327875076e-7
4391 2.641941327875076e-7
4392 2.641941327875076e-7
4393 2.641941327875076e-7
4394 2.641941327875076e-7
4395 2.641941327875076e-7
4396 2.641941327875076e-7
4397 2.641941327875076e-7
4398 2.641941327875076e-7
4399 2.641941327875076e-7
4400 2.641941327875076e-7
4401 2.641941327875076e-7
4402 2.641941327875076e-7
4403 2.641941327875076e-7
4404 2.641941327875076e-7
4405 2.641941327875076e-7
4406 2.641941327875076e-7
4407 2.641941327875076e-7
4408 2.641941327875076e-7
4409 2.641941327875076e-7
4410 2.641941327875076e-7
4411 2.641941327875076e-7
4412 2.641941327875076e-7
4413 2.641941327875076e-7
4414 2.641941327875076e-7
4415 2.641941327875076e-7
4416 2.641941327875076e-7
4417 2.641941327875076e-7
4418 2.641941327875076e-7
4419 2.641941327875076e-7
4420 2.641941327875076e-7
4421 2.641941327875076e-7
4422 2.641941327875076e-7
4423 2.641941327875076e-7
4424 2.641941327875076e-7
4425 2.641941327875076e-7
4426 2.641941327875076e-7
4427 2.641941327875076e-7
4428 2.641941327875076e-7
4429 2.641941327875076e-7
4430 2.641941327875076e-7
4431 2.641941327875076e-7
4432 2.641941327875076e-7
4433 2.641941327875076e-7
4434 2.641941327875076e-7
4435 2.641941327875076e-7
4436 2.641941327875076e-7
4437 2.641941327875076e-7
4438 2.641941327875076e-7
4439 2.641941327875076e-7
4440 2.641941327875076e-7
4441 2.641941327875076e-7
4442 2.641941327875076e-7
4443 2.641941327875076e-7
4444 2.641941327875076e-7
4445 2.641941327875076e-7
4446 2.641941327875076e-7
4447 2.641941327875076e-7
4448 2.641941327875076e-7
4449 2.641941327875076e-7
4450 2.641941327875076e-7
4451 2.641941327875076e-7
4452 2.641941327875076e-7
4453 2.641941327875076e-7
4454 2.641941327875076e-7
4455 2.641941327875076e-7
4456 2.641941327875076e-7
4457 2.641941327875076e-7
4458 2.641941327875076e-7
4459 2.641941327875076e-7
4460 2.641941327875076e-7
4461 2.641941327875076e-7
4462 2.641941327875076e-7
4463 2.648830692273531e-7
4464 2.648830692273531e-7
4465 2.648830692273531e-7
4466 2.648830692273531e-7
4467 2.648830692273531e-7
4468 2.648830692273531e-7
4469 2.648830692273531e-7
4470 2.648830692273531e-7
4471 2.648830692273531e-7
4472 2.648830692273531e-7
4473 2.648830692273531e-7
4474 2.648830692273531e-7
4475 2.648830692273531e-7
4476 2.648830692273531e-7
4477 2.648830692273531e-7
4478 2.656953739522323e-7
4479 2.656953739522323e-7
4480 2.656953739522323e-7
4481 2.656953739522323e-7
4482 2.656953739522323e-7
4483 2.656953739522323e-7
4484 2.665108824925315e-7
4485 2.665108824925315e-7
4486 2.665108824925315e-7
4487 2.665108824925315e-7
4488 2.6757152263927866e-7
4489 2.6757152263927866e-7
4490 2.6757152263927866e-7
4491 2.6757152263927866e-7
4492 2.6757152263927866e-7
4493 2.677878162398559e-7
4494 2.677878162398559e-7
4495 2.677878162398559e-7
4496 2.677878162398559e-7
4497 2.677878162398559e-7
4498 2.677878162398559e-7
4499 2.677878162398559e-7
4500 2.677878162398559e-7
4501 2.677878162398559e-7
4502 2.677878162398559e-7
4503 2.689093398808559e-7
4504 2.689093398808559e-7
4505 2.689093398808559e-7
4506 2.689093398808559e-7
4507 2.696447389784732e-7
4508 2.696447389784732e-7
4509 2.696447389784732e-7
4510 2.696447389784732e-7
4511 2.696447389784732e-7
4512 2.696447389784732e-7
4513 2.696447389784732e-7
4514 2.696447389784732e-7
4515 2.696447389784732e-7
4516 2.696447389784732e-7
4517 2.696447389784732e-7
4518 2.696447389784732e-7
4519 2.696447389784732e-7
4520 2.696447389784732e-7
4521 2.696447389784732e-7
4522 2.696447389784732e-7
4523 2.696447389784732e-7
4524 2.696447389784732e-7
4525 2.696447389784732e-7
4526 2.696447389784732e-7
4527 2.696447389784732e-7
4528 2.696447389784732e-7
4529 2.696447389784732e-7
4530 2.696447389784732e-7
4531 2.696447389784732e-7
4532 2.696447389784732e-7
4533 2.696447389784732e-7
4534 2.698722477665659e-7
4535 2.698722477665659e-7
4536 2.698722477665659e-7
4537 2.698722477665659e-7
4538 2.7039615959791773e-7
4539 2.7039615959791773e-7
4540 2.6994594835604413e-7
4541 2.6994594835604413e-7
4542 2.6994594835604413e-7
4543 2.6994594835604413e-7
4544 2.6994594835604413e-7
4545 2.6994594835604413e-7
4546 2.6994594835604413e-7
4547 2.6994594835604413e-7
4548 2.6994594835604413e-7
4549 2.6994594835604413e-7
4550 2.6994594835604413e-7
4551 2.6994594835604413e-7
4552 2.6994594835604413e-7
4553 2.6994594835604413e-7
4554 2.6994594835604413e-7
4555 2.6994594835604413e-7
4556 2.6994594835604413e-7
4557 2.6994594835604413e-7
4558 2.6994594835604413e-7
4559 2.6994594835604413e-7
4560 2.6994594835604413e-7
4561 2.6994594835604413e-7
4562 2.6994594835604413e-7
4563 2.6994594835604413e-7
4564 2.6994594835604413e-7
4565 2.6994594835604413e-7
4566 2.6994594835604413e-7
4567 2.6994594835604413e-7
4568 2.6994594835604413e-7
4569 2.6994594835604413e-7
4570 2.6994594835604413e-7
4571 2.6994594835604413e-7
4572 2.6994594835604413e-7
4573 2.6994594835604413e-7
4574 2.6994594835604413e-7
4575 2.6994594835604413e-7
4576 2.6994594835604413e-7
4577 2.6994594835604413e-7
4578 2.6994594835604413e-7
4579 2.6994594835604413e-7
4580 2.6994594835604413e-7
4581 2.6994594835604413e-7
4582 2.6994594835604413e-7
4583 2.6994594835604413e-7
4584 2.6994594835604413e-7
4585 2.687811658726923e-7
4586 2.687811658726923e-7
4587 2.687811658726923e-7
4588 2.687811658726923e-7
4589 2.687811658726923e-7
4590 2.6839824514472954e-7
4591 2.6839824514472954e-7
4592 2.6839824514472954e-7
4593 2.6839824514472954e-7
4594 2.6839824514472954e-7
4595 2.6839824514472954e-7
4596 2.6839824514472954e-7
4597 2.677942244818777e-7
4598 2.677942244818777e-7
4599 2.677942244818777e-7
4600 2.677942244818777e-7
4601 2.677942244818777e-7
4602 2.677942244818777e-7
4603 2.677942244818777e-7
4604 2.677942244818777e-7
4605 2.677942244818777e-7
4606 2.677942244818777e-7
4607 2.677942244818777e-7
4608 2.677942244818777e-7
4609 2.677942244818777e-7
4610 2.677942244818777e-7
4611 2.677942244818777e-7
4612 2.677942244818777e-7
4613 2.677942244818777e-7
4614 2.677942244818777e-7
4615 2.677942244818777e-7
4616 2.677942244818777e-7
4617 2.677942244818777e-7
4618 2.677942244818777e-7
4619 2.677942244818777e-7
4620 2.677942244818777e-7
4621 2.677942244818777e-7
4622 2.677942244818777e-7
4623 2.677942244818777e-7
4624 2.677942244818777e-7
4625 2.677942244818777e-7
4626 2.677942244818777e-7
4627 2.677942244818777e-7
4628 2.677942244818777e-7
4629 2.677942244818777e-7
4630 2.677942244818777e-7
4631 2.677942244818777e-7
4632 2.677942244818777e-7
4633 2.677942244818777e-7
4634 2.677942244818777e-7
4635 2.677942244818777e-7
4636 2.677942244818777e-7
4637 2.677942244818777e-7
4638 2.677942244818777e-7
4639 2.683437711148622e-7
4640 2.683437711148622e-7
4641 2.6858730264714594e-7
4642 2.6858730264714594e-7
4643 2.6858730264714594e-7
4644 2.6858730264714594e-7
4645 2.690599442640504e-7
4646 2.690599442640504e-7
4647 2.690599442640504e-7
4648 2.691849138456122e-7
4649 2.691849138456122e-7
4650 2.69526178250115e-7
4651 2.69526178250115e-7
4652 2.7034328930930604e-7
4653 2.7034328930930604e-7
4654 2.7034328930930604e-7
4655 2.7034328930930604e-7
4656 2.70984159961306e-7
4657 2.70984159961306e-7
4658 2.70984159961306e-7
4659 2.70984159961306e-7
4660 2.70984159961306e-7
4661 2.70984159961306e-7
4662 2.70984159961306e-7
4663 2.70984159961306e-7
4664 2.70984159961306e-7
4665 2.70984159961306e-7
4666 2.70984159961306e-7
4667 2.7131260543703775e-7
4668 2.7131260543703775e-7
4669 2.7131260543703775e-7
4670 2.71344649703056e-7
4671 2.71344649703056e-7
4672 2.7162983816998157e-7
4673 2.7162983816998157e-7
4674 2.726392087134633e-7
4675 2.726392087134633e-7
4676 2.726392087134633e-7
4677 2.726392087134633e-7
4678 2.726392087134633e-7
4679 2.735284166208769e-7
4680 2.735284166208769e-7
4681 2.735284166208769e-7
4682 2.735284166208769e-7
4683 2.735284166208769e-7
4684 2.741805012380286e-7
4685 2.741805012380286e-7
4686 2.741805012380286e-7
4687 2.741805012380286e-7
4688 2.741805012380286e-7
4689 2.741805012380286e-7
4690 2.741805012380286e-7
4691 2.741805012380286e-7
4692 2.745810453955286e-7
4693 2.745810453955286e-7
4694 2.745810453955286e-7
4695 2.745810453955286e-7
4696 2.753997571400658e-7
4697 2.753997571400658e-7
4698 2.753997571400658e-7
4699 2.753997571400658e-7
4700 2.758659911261304e-7
4701 2.758659911261304e-7
4702 2.758659911261304e-7
4703 2.7653570100636496e-7
4704 2.7653570100636496e-7
4705 2.7653570100636496e-7
4706 2.7683370595733407e-7
4707 2.7683370595733407e-7
4708 2.7683370595733407e-7
4709 2.7683370595733407e-7
4710 2.7683370595733407e-7
4711 2.7769727906311495e-7
4712 2.7769727906311495e-7
4713 2.7769727906311495e-7
4714 2.7769727906311495e-7
4715 2.7769727906311495e-7
4716 2.7769727906311495e-7
4717 2.7769727906311495e-7
4718 2.7769727906311495e-7
4719 2.7769727906311495e-7
4720 2.7811384596480596e-7
4721 2.7811384596480596e-7
4722 2.7811384596480596e-7
4723 2.795045347173586e-7
4724 2.795045347173586e-7
4725 2.8050429320339867e-7
4726 2.8050429320339867e-7
4727 2.8126052076833686e-7
4728 2.8126052076833686e-7
4729 2.831142390803523e-7
4730 2.831142390803523e-7
4731 2.831142390803523e-7
4732 2.831142390803523e-7
4733 2.831142390803523e-7
4734 2.831142390803523e-7
4735 2.831142390803523e-7
4736 2.831142390803523e-7
4737 2.84022672936195e-7
4738 2.84022672936195e-7
4739 2.84022672936195e-7
4740 2.84022672936195e-7
4741 2.848622143704169e-7
4742 2.848622143704169e-7
4743 2.848622143704169e-7
4744 2.848622143704169e-7
4745 2.848622143704169e-7
4746 2.848622143704169e-7
4747 2.848622143704169e-7
4748 2.848622143704169e-7
4749 2.848622143704169e-7
4750 2.848622143704169e-7
4751 2.848622143704169e-7
4752 2.848622143704169e-7
4753 2.848622143704169e-7
4754 2.848622143704169e-7
4755 2.848622143704169e-7
4756 2.8580589630769777e-7
4757 2.8580589630769777e-7
4758 2.8580589630769777e-7
4759 2.8580589630769777e-7
4760 2.8580589630769777e-7
4761 2.8580589630769777e-7
4762 2.8580589630769777e-7
4763 2.861199227804941e-7
4764 2.861199227804941e-7
4765 2.861199227804941e-7
4766 2.861199227804941e-7
4767 2.861199227804941e-7
4768 2.872158116198614e-7
4769 2.872158116198614e-7
4770 2.872158116198614e-7
4771 2.872158116198614e-7
4772 2.872158116198614e-7
4773 2.872158116198614e-7
4774 2.878550809753333e-7
4775 2.878550809753333e-7
4776 2.878550809753333e-7
4777 2.878550809753333e-7
4778 2.878550809753333e-7
4779 2.885167807058361e-7
4780 2.885167807058361e-7
4781 2.885167807058361e-7
4782 2.885167807058361e-7
4783 2.885167807058361e-7
4784 2.885167807058361e-7
4785 2.885167807058361e-7
4786 2.8907113367313244e-7
4787 2.8907113367313244e-7
4788 2.9010613962942877e-7
4789 2.9010613962942877e-7
4790 2.9010613962942877e-7
4791 2.9010613962942877e-7
4792 2.9010613962942877e-7
4793 2.9010613962942877e-7
4794 2.9010613962942877e-7
4795 2.9010613962942877e-7
4796 2.9010613962942877e-7
4797 2.9010613962942877e-7
4798 2.9010613962942877e-7
4799 2.9010613962942877e-7
4800 2.9010613962942877e-7
4801 2.9010613962942877e-7
4802 2.9010613962942877e-7
4803 2.9010613962942877e-7
4804 2.9010613962942877e-7
4805 2.9010613962942877e-7
4806 2.9010613962942877e-7
4807 2.9010613962942877e-7
4808 2.9010613962942877e-7
4809 2.9216814139228974e-7
4810 2.9216814139228974e-7
4811 2.9216814139228974e-7
4812 2.9216814139228974e-7
4813 2.9216814139228974e-7
4814 2.929660252806879e-7
4815 2.929660252806879e-7
4816 2.929660252806879e-7
4817 2.929660252806879e-7
4818 2.929660252806879e-7
4819 2.929660252806879e-7
4820 2.929660252806879e-7
4821 2.929660252806879e-7
4822 2.929660252806879e-7
4823 2.929660252806879e-7
4824 2.929660252806879e-7
4825 2.929660252806879e-7
4826 2.936469503484379e-7
4827 2.936469503484379e-7
4828 2.9378634015529883e-7
4829 2.9378634015529883e-7
4830 2.9378634015529883e-7
4831 2.9378634015529883e-7
4832 2.9378634015529883e-7
4833 2.9378634015529883e-7
4834 2.9378634015529883e-7
4835 2.9378634015529883e-7
4836 2.9378634015529883e-7
4837 2.9378634015529883e-7
4838 2.9378634015529883e-7
4839 2.9378634015529883e-7
4840 2.9378634015529883e-7
4841 2.9378634015529883e-7
4842 2.9378634015529883e-7
4843 2.9378634015529883e-7
4844 2.9378634015529883e-7
4845 2.9378634015529883e-7
4846 2.9378634015529883e-7
4847 2.9378634015529883e-7
4848 2.9378634015529883e-7
4849 2.9378634015529883e-7
4850 2.9378634015529883e-7
4851 2.9378634015529883e-7
4852 2.9378634015529883e-7
4853 2.9378634015529883e-7
4854 2.9378634015529883e-7
4855 2.9378634015529883e-7
4856 2.9378634015529883e-7
4857 2.9378634015529883e-7
4858 2.9378634015529883e-7
4859 2.9378634015529883e-7
4860 2.9378634015529883e-7
4861 2.9378634015529883e-7
4862 2.9378634015529883e-7
4863 2.9378634015529883e-7
4864 2.9378634015529883e-7
4865 2.9378634015529883e-7
4866 2.9378634015529883e-7
4867 2.936405421064161e-7
4868 2.936405421064161e-7
4869 2.936405421064161e-7
4870 2.936405421064161e-7
4871 2.936405421064161e-7
4872 2.936405421064161e-7
4873 2.936405421064161e-7
4874 2.936405421064161e-7
4875 2.936405421064161e-7
4876 2.936405421064161e-7
4877 2.936405421064161e-7
4878 2.936405421064161e-7
4879 2.936405421064161e-7
4880 2.936405421064161e-7
4881 2.936405421064161e-7
4882 2.936405421064161e-7
4883 2.936405421064161e-7
4884 2.936405421064161e-7
4885 2.936405421064161e-7
4886 2.936405421064161e-7
4887 2.936405421064161e-7
4888 2.936405421064161e-7
4889 2.936405421064161e-7
4890 2.936405421064161e-7
4891 2.936405421064161e-7
4892 2.936405421064161e-7
4893 2.936405421064161e-7
4894 2.936405421064161e-7
4895 2.936405421064161e-7
4896 2.936405421064161e-7
4897 2.936405421064161e-7
4898 2.936405421064161e-7
4899 2.938776635631324e-7
4900 2.938776635631324e-7
4901 2.938776635631324e-7
4902 2.938776635631324e-7
4903 2.938776635631324e-7
4904 2.9472040881277426e-7
4905 2.9472040881277426e-7
4906 2.9472040881277426e-7
4907 2.9517863142674334e-7
4908 2.9468355882362607e-7
4909 2.9468355882362607e-7
4910 2.9468355882362607e-7
4911 2.9468355882362607e-7
4912 2.9468355882362607e-7
4913 2.9468355882362607e-7
4914 2.9395777239463237e-7
4915 2.9395777239463237e-7
4916 2.9395777239463237e-7
4917 2.9395777239463237e-7
4918 2.9395777239463237e-7
4919 2.9395777239463237e-7
4920 2.9395777239463237e-7
4921 2.9395777239463237e-7
4922 2.942910242046759e-7
4923 2.942910242046759e-7
4924 2.942910242046759e-7
4925 2.942910242046759e-7
4926 2.942910242046759e-7
4927 2.942910242046759e-7
4928 2.942910242046759e-7
4929 2.949815619410495e-7
4930 2.949815619410495e-7
4931 2.949815619410495e-7
4932 2.968048397283023e-7
4933 2.968048397283023e-7
4934 2.968048397283023e-7
4935 2.968048397283023e-7
4936 2.979616102283768e-7
4937 2.979616102283768e-7
4938 2.979616102283768e-7
4939 2.979616102283768e-7
4940 2.9830607844829954e-7
4941 2.9830607844829954e-7
4942 2.9830607844829954e-7
4943 2.990767250161731e-7
4944 2.990767250161731e-7
4945 2.990767250161731e-7
4946 2.990767250161731e-7
4947 2.990767250161731e-7
4948 2.990767250161731e-7
4949 2.990767250161731e-7
4950 2.990767250161731e-7
4951 2.990767250161731e-7
4952 2.990767250161731e-7
4953 2.9946284894837395e-7
4954 2.9946284894837395e-7
4955 2.9946284894837395e-7
4956 2.9946284894837395e-7
4957 2.9946284894837395e-7
4958 2.9946284894837395e-7
4959 3.0010692463815766e-7
4960 3.0010692463815766e-7
4961 3.0010692463815766e-7
4962 3.0010692463815766e-7
4963 3.010842521379849e-7
4964 3.010842521379849e-7
4965 3.010842521379849e-7
4966 3.010842521379849e-7
4967 3.010842521379849e-7
4968 3.015072266705158e-7
4969 3.015072266705158e-7
4970 3.015072266705158e-7
4971 3.015072266705158e-7
4972 3.015072266705158e-7
4973 3.015072266705158e-7
4974 3.015072266705158e-7
4975 3.015072266705158e-7
4976 3.015072266705158e-7
4977 3.015072266705158e-7
4978 3.015072266705158e-7
4979 3.015072266705158e-7
4980 3.015072266705158e-7
4981 3.015072266705158e-7
4982 3.015072266705158e-7
4983 3.015072266705158e-7
4984 3.015072266705158e-7
4985 3.015072266705158e-7
4986 3.015072266705158e-7
4987 3.0232754032276297e-7
4988 3.0232754032276297e-7
4989 3.029123350371857e-7
4990 3.029123350371857e-7
4991 3.029123350371857e-7
4992 3.029123350371857e-7
4993 3.0344906396376295e-7
4994 3.0344906396376295e-7
4995 3.0344906396376295e-7
4996 3.0344906396376295e-7
4997 3.0344906396376295e-7
4998 3.0502881021873207e-7
4999 3.0502881021873207e-7
5000 3.0502881021873207e-7
5001 3.0502881021873207e-7
5002 3.0502881021873207e-7
5003 3.0502881021873207e-7
5004 3.0502881021873207e-7
5005 3.0502881021873207e-7
5006 3.0502881021873207e-7
5007 3.0502881021873207e-7
5008 3.0502881021873207e-7
5009 3.0502881021873207e-7
5010 3.0502881021873207e-7
5011 3.0502881021873207e-7
5012 3.0502881021873207e-7
5013 3.0502881021873207e-7
5014 3.0502881021873207e-7
5015 3.0502881021873207e-7
5016 3.0502881021873207e-7
5017 3.0502881021873207e-7
5018 3.0502881021873207e-7
5019 3.0514096209388655e-7
5020 3.0514096209388655e-7
5021 3.0514096209388655e-7
5022 3.0514096209388655e-7
5023 3.0514096209388655e-7
5024 3.062160224659329e-7
5025 3.062160224659329e-7
5026 3.062160224659329e-7
5027 3.062160224659329e-7
5028 3.063890578353402e-7
5029 3.063890578353402e-7
5030 3.063890578353402e-7
5031 3.063890578353402e-7
5032 3.0772527316920745e-7
5033 3.0772527316920745e-7
5034 3.0772527316920745e-7
5035 3.0772527316920745e-7
5036 3.079303515822693e-7
5037 3.079303515822693e-7
5038 3.079303515822693e-7
5039 3.079303515822693e-7
5040 3.079303515822693e-7
5041 3.084814995117819e-7
5042 3.084814995117819e-7
5043 3.089301082347637e-7
5044 3.089301082347637e-7
5045 3.089301082347637e-7
5046 3.089301082347637e-7
5047 3.089301082347637e-7
5048 3.1141668521550176e-7
5049 3.1141668521550176e-7
5050 3.1141668521550176e-7
5051 3.1141668521550176e-7
5052 3.1141668521550176e-7
5053 3.127625138291745e-7
5054 3.127625138291745e-7
5055 3.127625138291745e-7
5056 3.127625138291745e-7
5057 3.127625138291745e-7
5058 3.137126058420228e-7
5059 3.137126058420228e-7
5060 3.137126058420228e-7
5061 3.137126058420228e-7
5062 3.1400420193978827e-7
5063 3.1400420193978827e-7
5064 3.1400420193978827e-7
5065 3.1400420193978827e-7
5066 3.1400420193978827e-7
5067 3.1418684997781916e-7
5068 3.1418684997781916e-7
5069 3.1418684997781916e-7
5070 3.1418684997781916e-7
5071 3.1418684997781916e-7
5072 3.1418684997781916e-7
5073 3.1418684997781916e-7
5074 3.1418684997781916e-7
5075 3.149398737273374e-7
5076 3.149398737273374e-7
5077 3.149398737273374e-7
5078 3.149398737273374e-7
5079 3.149398737273374e-7
5080 3.149398737273374e-7
5081 3.156352177980228e-7
5082 3.156352177980228e-7
5083 3.156352177980228e-7
5084 3.156352177980228e-7
5085 3.160565910340256e-7
5086 3.160565910340256e-7
5087 3.160565910340256e-7
5088 3.1693137932732195e-7
5089 3.1693137932732195e-7
5090 3.1693137932732195e-7
5091 3.1693137932732195e-7
5092 3.1693137932732195e-7
5093 3.176811968166927e-7
5094 3.176811968166927e-7
5095 3.1933464304995816e-7
5096 3.1933464304995816e-7
5097 3.1933464304995816e-7
5098 3.1933464304995816e-7
5099 3.1933464304995816e-7
5100 3.1933464304995816e-7
5101 3.1933464304995816e-7
5102 3.1933464304995816e-7
5103 3.1933464304995816e-7
5104 3.1933464304995816e-7
5105 3.1933464304995816e-7
5106 3.1933464304995816e-7
5107 3.1933464304995816e-7
5108 3.1933464304995816e-7
5109 3.1933464304995816e-7
5110 3.1933464304995816e-7
5111 3.1933464304995816e-7
5112 3.1933464304995816e-7
5113 3.1933464304995816e-7
5114 3.1933464304995816e-7
5115 3.1933464304995816e-7
5116 3.1933464304995816e-7
5117 3.1933464304995816e-7
5118 3.1933464304995816e-7
5119 3.1933464304995816e-7
5120 3.1933464304995816e-7
5121 3.1933464304995816e-7
5122 3.1933464304995816e-7
5123 3.1933464304995816e-7
5124 3.1933464304995816e-7
5125 3.1933464304995816e-7
5126 3.1933464304995816e-7
5127 3.1933464304995816e-7
5128 3.1933464304995816e-7
5129 3.1933464304995816e-7
5130 3.1933464304995816e-7
5131 3.1933464304995816e-7
5132 3.1933464304995816e-7
5133 3.1933464304995816e-7
5134 3.1933464304995816e-7
5135 3.1933464304995816e-7
5136 3.1933464304995816e-7
5137 3.1933464304995816e-7
5138 3.1933464304995816e-7
5139 3.1933464304995816e-7
5140 3.1933464304995816e-7
5141 3.1933464304995816e-7
5142 3.1933464304995816e-7
5143 3.1933464304995816e-7
5144 3.1933464304995816e-7
5145 3.1933464304995816e-7
5146 3.1933464304995816e-7
5147 3.1933464304995816e-7
5148 3.1933464304995816e-7
5149 3.1933464304995816e-7
5150 3.1933464304995816e-7
5151 3.1933464304995816e-7
5152 3.1933464304995816e-7
5153 3.1933464304995816e-7
5154 3.1933464304995816e-7
5155 3.1933464304995816e-7
5156 3.1933464304995816e-7
5157 3.1933464304995816e-7
5158 3.201517528867854e-7
5159 3.201517528867854e-7
5160 3.201517528867854e-7
5161 3.201517528867854e-7
5162 3.201517528867854e-7
5163 3.201517528867854e-7
5164 3.201517528867854e-7
5165 3.201517528867854e-7
5166 3.201517528867854e-7
5167 3.201517528867854e-7
5168 3.201517528867854e-7
5169 3.201517528867854e-7
5170 3.209880892832236e-7
5171 3.209880892832236e-7
5172 3.209880892832236e-7
5173 3.209880892832236e-7
5174 3.209880892832236e-7
5175 3.209880892832236e-7
5176 3.2125725500595814e-7
5177 3.2125725500595814e-7
5178 3.2125725500595814e-7
5179 3.2125725500595814e-7
5180 3.2125725500595814e-7
5181 3.2125725500595814e-7
5182 3.2125725500595814e-7
5183 3.2125725500595814e-7
5184 3.2125725500595814e-7
5185 3.2125725500595814e-7
5186 3.2125725500595814e-7
5187 3.2125725500595814e-7
5188 3.2125725500595814e-7
5189 3.2125725500595814e-7
5190 3.2125725500595814e-7
5191 3.2125725500595814e-7
5192 3.2125725500595814e-7
5193 3.2125725500595814e-7
5194 3.2125725500595814e-7
5195 3.2125725500595814e-7
5196 3.2125725500595814e-7
5197 3.2125725500595814e-7
5198 3.2125725500595814e-7
5199 3.2125725500595814e-7
5200 3.2125725500595814e-7
5201 3.2125725500595814e-7
5202 3.22120828111739e-7
5203 3.22120828111739e-7
5204 3.22120828111739e-7
5205 3.22120828111739e-7
5206 3.2271042916047355e-7
5207 3.2271042916047355e-7
5208 3.2271042916047355e-7
5209 3.2271042916047355e-7
5210 3.2271042916047355e-7
5211 3.2326958846208167e-7
5212 3.2395211604872354e-7
5213 3.238527812687945e-7
5214 3.238527812687945e-7
5215 3.238527812687945e-7
5216 3.238527812687945e-7
5217 3.251393289071063e-7
5218 3.251393289071063e-7
5219 3.251393289071063e-7
5220 3.251393289071063e-7
5221 3.251393289071063e-7
5222 3.251393289071063e-7
5223 3.251393289071063e-7
5224 3.251393289071063e-7
5225 3.251393289071063e-7
5226 3.251393289071063e-7
5227 3.257834033745262e-7
5228 3.257834033745262e-7
5229 3.257834033745262e-7
5230 3.257834033745262e-7
5231 3.257834033745262e-7
5232 3.266517828146189e-7
5233 3.266517828146189e-7
5234 3.266517828146189e-7
5235 3.266517828146189e-7
5236 3.2679918277121157e-7
5237 3.2679918277121157e-7
5238 3.2679918277121157e-7
5239 3.2679918277121157e-7
5240 3.2679918277121157e-7
5241 3.2666940685533796e-7
5242 3.2666940685533796e-7
5243 3.2666940685533796e-7
5244 3.2666940685533796e-7
5245 3.2666940685533796e-7
5246 3.2666940685533796e-7
5247 3.2666940685533796e-7
5248 3.2666940685533796e-7
5249 3.2666940685533796e-7
5250 3.2666940685533796e-7
5251 3.2666940685533796e-7
5252 3.2666940685533796e-7
5253 3.2666940685533796e-7
5254 3.2666940685533796e-7
5255 3.2666940685533796e-7
5256 3.2666940685533796e-7
5257 3.2666940685533796e-7
5258 3.2666940685533796e-7
5259 3.2666940685533796e-7
5260 3.2666940685533796e-7
5261 3.2666940685533796e-7
5262 3.2666940685533796e-7
5263 3.2666940685533796e-7
5264 3.2666940685533796e-7
5265 3.2666940685533796e-7
5266 3.2666940685533796e-7
5267 3.2666940685533796e-7
5268 3.2666940685533796e-7
5269 3.2666940685533796e-7
5270 3.2666940685533796e-7
5271 3.2666940685533796e-7
5272 3.2666940685533796e-7
5273 3.2666940685533796e-7
5274 3.2666940685533796e-7
5275 3.2666940685533796e-7
5276 3.2666940685533796e-7
5277 3.2666940685533796e-7
5278 3.2666940685533796e-7
5279 3.2666940685533796e-7
5280 3.262592494180325e-7
5281 3.262592494180325e-7
5282 3.262592494180325e-7
5283 3.262592494180325e-7
5284 3.262592494180325e-7
5285 3.262592494180325e-7
5286 3.262592494180325e-7
5287 3.262592494180325e-7
5288 3.262592494180325e-7
5289 3.262592494180325e-7
5290 3.262592494180325e-7
5291 3.262592494180325e-7
5292 3.262592494180325e-7
5293 3.262592494180325e-7
5294 3.262592494180325e-7
5295 3.262592494180325e-7
5296 3.262592494180325e-7
5297 3.262592494180325e-7
5298 3.262592494180325e-7
5299 3.262592494180325e-7
5300 3.262592494180325e-7
5301 3.262592494180325e-7
5302 3.262592494180325e-7
5303 3.262592494180325e-7
5304 3.259708577468689e-7
5305 3.259708577468689e-7
5306 3.259708577468689e-7
5307 3.259708577468689e-7
5308 3.259708577468689e-7
5309 3.259708577468689e-7
5310 3.259708577468689e-7
5311 3.259708577468689e-7
5312 3.259708577468689e-7
5313 3.259708577468689e-7
5314 3.259708577468689e-7
5315 3.259708577468689e-7
5316 3.259708577468689e-7
5317 3.259708577468689e-7
5318 3.259708577468689e-7
5319 3.259708577468689e-7
5320 3.259708577468689e-7
5321 3.272670180538043e-7
5322 3.272670180538043e-7
5323 3.272670180538043e-7
5324 3.272670180538043e-7
5325 3.2751855973581977e-7
5326 3.2751855973581977e-7
5327 3.2751855973581977e-7
5328 3.2751855973581977e-7
5329 3.2751855973581977e-7
5330 3.2751855973581977e-7
5331 3.2751855973581977e-7
5332 3.2751855973581977e-7
5333 3.2751855973581977e-7
5334 3.2751855973581977e-7
5335 3.2751855973581977e-7
5336 3.2751855973581977e-7
5337 3.2751855973581977e-7
5338 3.2751855973581977e-7
5339 3.2751855973581977e-7
5340 3.2751855973581977e-7
5341 3.2751855973581977e-7
5342 3.2751855973581977e-7
5343 3.291864255832025e-7
5344 3.291864255832025e-7
5345 3.291864255832025e-7
5346 3.291864255832025e-7
5347 3.291864255832025e-7
5348 3.2943796787639985e-7
5349 3.2943796787639985e-7
5350 3.2943796787639985e-7
5351 3.2943796787639985e-7
5352 3.2943796787639985e-7
5353 3.2943796787639985e-7
5354 3.2943796787639985e-7
5355 3.2943796787639985e-7
5356 3.2943796787639985e-7
5357 3.2943796787639985e-7
5358 3.2943796787639985e-7
5359 3.2943796787639985e-7
5360 3.2943796787639985e-7
5361 3.2943796787639985e-7
5362 3.2943796787639985e-7
5363 3.2943796787639985e-7
5364 3.2943796787639985e-7
5365 3.2943796787639985e-7
5366 3.2943796787639985e-7
5367 3.2943796787639985e-7
5368 3.2943796787639985e-7
5369 3.2943796787639985e-7
5370 3.2943796787639985e-7
5371 3.2943796787639985e-7
5372 3.2943796787639985e-7
5373 3.2943796787639985e-7
5374 3.2943796787639985e-7
5375 3.2943796787639985e-7
5376 3.2943796787639985e-7
5377 3.2943796787639985e-7
5378 3.2943796787639985e-7
5379 3.2943796787639985e-7
5380 3.2943796787639985e-7
5381 3.2943796787639985e-7
5382 3.2943796787639985e-7
5383 3.2961580958011894e-7
5384 3.2961580958011894e-7
5385 3.2961580958011894e-7
5386 3.2961580958011894e-7
5387 3.2961580958011894e-7
5388 3.2961580958011894e-7
5389 3.2987536202304803e-7
5390 3.296013899660017e-7
5391 3.296013899660017e-7
5392 3.296013899660017e-7
5393 3.296013899660017e-7
5394 3.296013899660017e-7
5395 3.296013899660017e-7
5396 3.296013899660017e-7
5397 3.296013899660017e-7
5398 3.296013899660017e-7
5399 3.296013899660017e-7
5400 3.3065401996301715e-7
5401 3.3065401996301715e-7
5402 3.3065401996301715e-7
5403 3.3212642006596167e-7
5404 3.3212642006596167e-7
5405 3.3212642006596167e-7
5406 3.3212642006596167e-7
5407 3.3212642006596167e-7
5408 3.3212642006596167e-7
5409 3.3259105153313444e-7
5410 3.3259105153313444e-7
5411 3.3259105153313444e-7
5412 3.328666261090726e-7
5413 3.3323512661173623e-7
5414 3.341355503178472e-7
5415 3.341355503178472e-7
5416 3.341355503178472e-7
5417 3.341355503178472e-7
5418 3.347684095977517e-7
5419 3.347684095977517e-7
5420 3.347684095977517e-7
5421 3.347684095977517e-7
5422 3.347684095977517e-7
5423 3.3508724240485985e-7
5424 3.3538044102151717e-7
5425 3.3538044102151717e-7
5426 3.356239725538009e-7
5427 3.356239725538009e-7
5428 3.356239725538009e-7
5429 3.356239725538009e-7
5430 3.3632412540352556e-7
5431 3.3632412540352556e-7
5432 3.3632412540352556e-7
5433 3.37096374490291e-7
5434 3.37096374490291e-7
5435 3.374280250038064e-7
5436 3.374280250038064e-7
5437 3.374280250038064e-7
5438 3.374280250038064e-7
5439 3.3912633198713365e-7
5440 3.3912633198713365e-7
5441 3.3912633198713365e-7
5442 3.3912633198713365e-7
5443 3.3912633198713365e-7
5444 3.3912633198713365e-7
5445 3.386536903702292e-7
5446 3.386536903702292e-7
5447 3.386536903702292e-7
5448 3.3902860033727834e-7
5449 3.3808972473430926e-7
5450 3.3808972473430926e-7
5451 3.3808972473430926e-7
5452 3.3808972473430926e-7
5453 3.3808972473430926e-7
5454 3.3808972473430926e-7
5455 3.3808972473430926e-7
5456 3.3808972473430926e-7
5457 3.3808972473430926e-7
5458 3.3808972473430926e-7
5459 3.3808972473430926e-7
5460 3.3808972473430926e-7
5461 3.3808972473430926e-7
5462 3.3808972473430926e-7
5463 3.386953473048711e-7
5464 3.386953473048711e-7
5465 3.386953473048711e-7
5466 3.386953473048711e-7
5467 3.386953473048711e-7
5468 3.386953473048711e-7
5469 3.386953473048711e-7
5470 3.386953473048711e-7
5471 3.386953473048711e-7
5472 3.386953473048711e-7
5473 3.386953473048711e-7
5474 3.386953473048711e-7
5475 3.386953473048711e-7
5476 3.38938877614791e-7
5477 3.38938877614791e-7
5478 3.38938877614791e-7
5479 3.38938877614791e-7
5480 3.38938877614791e-7
5481 3.38938877614791e-7
5482 3.38938877614791e-7
5483 3.38938877614791e-7
5484 3.38938877614791e-7
5485 3.38938877614791e-7
5486 3.38938877614791e-7
5487 3.3942593945699466e-7
5488 3.3942593945699466e-7
5489 3.399097962614146e-7
5490 3.399097962614146e-7
5491 3.399097962614146e-7
5492 3.399097962614146e-7
5493 3.399097962614146e-7
5494 3.404128796254455e-7
5495 3.404128796254455e-7
5496 3.404128796254455e-7
5497 3.4102010471489917e-7
5498 3.4102010471489917e-7
5499 3.4102010471489917e-7
5500 3.4102010471489917e-7
5501 3.4102010471489917e-7
5502 3.419397543694392e-7
5503 3.419397543694392e-7
5504 3.419397543694392e-7
5505 3.419397543694392e-7
5506 3.419397543694392e-7
5507 3.419397543694392e-7
5508 3.419397543694392e-7
5509 3.419397543694392e-7
5510 3.4184522592382193e-7
5511 3.4184522592382193e-7
5512 3.4184522592382193e-7
5513 3.4184522592382193e-7
5514 3.4184522592382193e-7
5515 3.4184522592382193e-7
5516 3.4184522592382193e-7
5517 3.4184522592382193e-7
5518 3.4184522592382193e-7
5519 3.4184522592382193e-7
5520 3.4184522592382193e-7
5521 3.4184522592382193e-7
5522 3.4184522592382193e-7
5523 3.4184522592382193e-7
5524 3.4184522592382193e-7
5525 3.4184522592382193e-7
5526 3.4184522592382193e-7
5527 3.4184522592382193e-7
5528 3.4184522592382193e-7
5529 3.4196378787454384e-7
5530 3.4196378787454384e-7
5531 3.4196378787454384e-7
5532 3.4196378787454384e-7
5533 3.4196378787454384e-7
5534 3.4196378787454384e-7
5535 3.4196378787454384e-7
5536 3.4196378787454384e-7
5537 3.4196378787454384e-7
5538 3.4196378787454384e-7
5539 3.4196378787454384e-7
5540 3.4196378787454384e-7
5541 3.4196378787454384e-7
5542 3.4196378787454384e-7
5543 3.4196378787454384e-7
5544 3.4196378787454384e-7
5545 3.4196378787454384e-7
5546 3.4196378787454384e-7
5547 3.4196378787454384e-7
5548 3.4196378787454384e-7
5549 3.4196378787454384e-7
5550 3.4196378787454384e-7
5551 3.4196378787454384e-7
5552 3.4196378787454384e-7
5553 3.4196378787454384e-7
5554 3.4196378787454384e-7
5555 3.4196378787454384e-7
5556 3.4196378787454384e-7
5557 3.4196378787454384e-7
5558 3.4196378787454384e-7
5559 3.4296514826829386e-7
5560 3.4296514826829386e-7
5561 3.4296514826829386e-7
5562 3.4296514826829386e-7
5563 3.4296514826829386e-7
5564 3.4296514826829386e-7
5565 3.4296514826829386e-7
5566 3.4296514826829386e-7
5567 3.4296514826829386e-7
5568 3.4296514826829386e-7
5569 3.4296514826829386e-7
5570 3.4296514826829386e-7
5571 3.4296514826829386e-7
5572 3.4296514826829386e-7
5573 3.4296514826829386e-7
5574 3.4296514826829386e-7
5575 3.4296514826829386e-7
5576 3.4296514826829386e-7
5577 3.4296514826829386e-7
5578 3.4296514826829386e-7
5579 3.4296514826829386e-7
5580 3.442324693469947e-7
5581 3.442324693469947e-7
5582 3.442324693469947e-7
5583 3.442324693469947e-7
5584 3.4461218503717373e-7
5585 3.4461218503717373e-7
5586 3.4461218503717373e-7
5587 3.4461218503717373e-7
5588 3.4461218503717373e-7
5589 3.4461218503717373e-7
5590 3.4461218503717373e-7
5591 3.4461218503717373e-7
5592 3.4461218503717373e-7
5593 3.4461218503717373e-7
5594 3.4461218503717373e-7
5595 3.4461218503717373e-7
5596 3.4461218503717373e-7
5597 3.448877596131119e-7
5598 3.448877596131119e-7
5599 3.4519057089839283e-7
5600 3.4519057089839283e-7
5601 3.460653604140529e-7
5602 3.4864166011727835e-7
5603 3.4864166011727835e-7
5604 3.4864166011727835e-7
5605 3.4864166011727835e-7
5606 3.4864166011727835e-7
5607 3.4864166011727835e-7
5608 3.492120358287657e-7
5609 3.492120358287657e-7
5610 3.492120358287657e-7
5611 3.492120358287657e-7
5612 3.492120358287657e-7
5613 3.4971672110050655e-7
5614 3.4971672110050655e-7
5615 3.4971672110050655e-7
5616 3.4971672110050655e-7
5617 3.4971672110050655e-7
5618 3.4971672110050655e-7
5619 3.5003395138872285e-7
5620 3.5003395138872285e-7
5621 3.5003395138872285e-7
5622 3.5003395138872285e-7
5623 3.5003395138872285e-7
5624 3.5003395138872285e-7
5625 3.512564117173619e-7
5626 3.512564117173619e-7
5627 3.512564117173619e-7
5628 3.512564117173619e-7
5629 3.512564117173619e-7
5630 3.512564117173619e-7
5631 3.512564117173619e-7
5632 3.512564117173619e-7
5633 3.512564117173619e-7
5634 3.512564117173619e-7
5635 3.512564117173619e-7
5636 3.512564117173619e-7
5637 3.512564117173619e-7
5638 3.512564117173619e-7
5639 3.512564117173619e-7
5640 3.512564117173619e-7
5641 3.512564117173619e-7
5642 3.512564117173619e-7
5643 3.512564117173619e-7
5644 3.512564117173619e-7
5645 3.512564117173619e-7
5646 3.512564117173619e-7
5647 3.512564117173619e-7
5648 3.512564117173619e-7
5649 3.512564117173619e-7
5650 3.512564117173619e-7
5651 3.512564117173619e-7
5652 3.512564117173619e-7
5653 3.512564117173619e-7
5654 3.512564117173619e-7
5655 3.512564117173619e-7
5656 3.512564117173619e-7
5657 3.512564117173619e-7
5658 3.512564117173619e-7
5659 3.512564117173619e-7
5660 3.512564117173619e-7
5661 3.5142784456787734e-7
5662 3.5142784456787734e-7
5663 3.5142784456787734e-7
5664 3.5142784456787734e-7
5665 3.5142784456787734e-7
5666 3.5142784456787734e-7
5667 3.5142784456787734e-7
5668 3.5142784456787734e-7
5669 3.5142784456787734e-7
5670 3.5142784456787734e-7
5671 3.5142784456787734e-7
5672 3.5142784456787734e-7
5673 3.5142784456787734e-7
5674 3.5142784456787734e-7
5675 3.5142784456787734e-7
5676 3.5142784456787734e-7
5677 3.5142784456787734e-7
5678 3.5142784456787734e-7
5679 3.5189407855394195e-7
5680 3.5189407855394195e-7
5681 3.5189407855394195e-7
5682 3.5189407855394195e-7
5683 3.5196297097556274e-7
5684 3.5196297097556274e-7
5685 3.5196297097556274e-7
5686 3.5196297097556274e-7
5687 3.5196297097556274e-7
5688 3.5196297097556274e-7
5689 3.5196297097556274e-7
5690 3.5196297097556274e-7
5691 3.5196297097556274e-7
5692 3.5196297097556274e-7
5693 3.5196297097556274e-7
5694 3.5196297097556274e-7
5695 3.5196297097556274e-7
5696 3.5196297097556274e-7
5697 3.5196297097556274e-7
5698 3.5196297097556274e-7
5699 3.5196297097556274e-7
5700 3.5196297097556274e-7
5701 3.5196297097556274e-7
5702 3.5196297097556274e-7
5703 3.5196297097556274e-7
5704 3.5196297097556274e-7
5705 3.5196297097556274e-7
5706 3.5196297097556274e-7
5707 3.5196297097556274e-7
5708 3.5196297097556274e-7
5709 3.5196297097556274e-7
5710 3.5196297097556274e-7
5711 3.5196297097556274e-7
5712 3.5196297097556274e-7
5713 3.5196297097556274e-7
5714 3.530188060103619e-7
5715 3.530188060103619e-7
5716 3.53276756545581e-7
5717 3.53276756545581e-7
5718 3.53276756545581e-7
5719 3.53276756545581e-7
5720 3.53276756545581e-7
5721 3.53276756545581e-7
5722 3.5342095268675373e-7
5723 3.5342095268675373e-7
5724 3.5342095268675373e-7
5725 3.5342095268675373e-7
5726 3.5342095268675373e-7
5727 3.5342095268675373e-7
5728 3.5342095268675373e-7
5729 3.5342095268675373e-7
5730 3.5342095268675373e-7
5731 3.5342095268675373e-7
5732 3.5342095268675373e-7
5733 3.5342095268675373e-7
5734 3.5342095268675373e-7
5735 3.5342095268675373e-7
5736 3.5342095268675373e-7
5737 3.5342095268675373e-7
5738 3.5342095268675373e-7
5739 3.5342095268675373e-7
5740 3.5342095268675373e-7
5741 3.5342095268675373e-7
5742 3.5342095268675373e-7
5743 3.5342095268675373e-7
5744 3.5342095268675373e-7
5745 3.5342095268675373e-7
5746 3.5342095268675373e-7
5747 3.5342095268675373e-7
5748 3.5342095268675373e-7
5749 3.5342095268675373e-7
5750 3.5342095268675373e-7
5751 3.5342095268675373e-7
5752 3.5342095268675373e-7
5753 3.5401215625438016e-7
5754 3.5401215625438016e-7
5755 3.5401215625438016e-7
5756 3.542332561892692e-7
5757 3.542332561892692e-7
5758 3.54513638321883e-7
5759 3.54513638321883e-7
5760 3.54513638321883e-7
5761 3.54513638321883e-7
5762 3.551080457049293e-7
5763 3.558530568599883e-7
5764 3.558530568599883e-7
5765 3.558530568599883e-7
5766 3.558530568599883e-7
5767 3.558530568599883e-7
5768 3.558530568599883e-7
5769 3.558530568599883e-7
5770 3.558530568599883e-7
5771 3.558530568599883e-7
5772 3.558530568599883e-7
5773 3.558530568599883e-7
5774 3.558530568599883e-7
5775 3.558530568599883e-7
5776 3.558530568599883e-7
5777 3.558530568599883e-7
5778 3.558530568599883e-7
5779 3.558530568599883e-7
5780 3.558530568599883e-7
5781 3.558530568599883e-7
5782 3.558530568599883e-7
5783 3.558530568599883e-7
5784 3.558530568599883e-7
5785 3.559379732481638e-7
5786 3.559379732481638e-7
5787 3.559379732481638e-7
5788 3.559379732481638e-7
5789 3.559379732481638e-7
5790 3.559379732481638e-7
5791 3.559379732481638e-7
5792 3.559379732481638e-7
5793 3.559379732481638e-7
5794 3.571924778428211e-7
5795 3.571924778428211e-7
5796 3.571924778428211e-7
5797 3.571924778428211e-7
5798 3.5845659510610197e-7
5799 3.5845659510610197e-7
5800 3.5845659510610197e-7
5801 3.5845659510610197e-7
5802 3.5845659510610197e-7
5803 3.5845659510610197e-7
5804 3.5845659510610197e-7
5805 3.5845659510610197e-7
5806 3.5845659510610197e-7
5807 3.5845659510610197e-7
5808 3.5845659510610197e-7
5809 3.5845659510610197e-7
5810 3.5845659510610197e-7
5811 3.5845659510610197e-7
5812 3.5845659510610197e-7
5813 3.5845659510610197e-7
5814 3.5845659510610197e-7
5815 3.5845659510610197e-7
5816 3.5845659510610197e-7
5817 3.5845659510610197e-7
5818 3.5845659510610197e-7
5819 3.5845659510610197e-7
5820 3.5845659510610197e-7
5821 3.5845659510610197e-7
5822 3.592432644181666e-7
5823 3.592432644181666e-7
5824 3.592432644181666e-7
5825 3.592432644181666e-7
5826 3.592432644181666e-7
5827 3.592432644181666e-7
5828 3.5991938192924103e-7
5829 3.5991938192924103e-7
5830 3.6002031983924385e-7
5831 3.6002031983924385e-7
5832 3.6002031983924385e-7
5833 3.605682651757003e-7
5834 3.605682651757003e-7
5835 3.609784220018239e-7
5836 3.609784220018239e-7
5837 3.609784220018239e-7
5838 3.609784220018239e-7
5839 3.609784220018239e-7
5840 3.617218324715367e-7
5841 3.617218324715367e-7
5842 3.617218324715367e-7
5843 3.617218324715367e-7
5844 3.617218324715367e-7
5845 3.617218324715367e-7
5846 3.617218324715367e-7
5847 3.617218324715367e-7
5848 3.617218324715367e-7
5849 3.6237231579216026e-7
5850 3.6237231579216026e-7
5851 3.6237231579216026e-7
5852 3.64024158895352e-7
5853 3.64024158895352e-7
5854 3.64024158895352e-7
5855 3.64024158895352e-7
5856 3.64024158895352e-7
5857 3.64024158895352e-7
5858 3.64024158895352e-7
5859 3.64024158895352e-7
5860 3.64024158895352e-7
5861 3.64024158895352e-7
5862 3.64024158895352e-7
5863 3.64024158895352e-7
5864 3.64024158895352e-7
5865 3.64024158895352e-7
5866 3.64024158895352e-7
5867 3.64024158895352e-7
5868 3.64024158895352e-7
5869 3.64024158895352e-7
5870 3.64024158895352e-7
5871 3.64024158895352e-7
5872 3.64024158895352e-7
5873 3.64024158895352e-7
5874 3.64024158895352e-7
5875 3.64024158895352e-7
5876 3.64024158895352e-7
5877 3.64024158895352e-7
5878 3.64024158895352e-7
5879 3.64024158895352e-7
5880 3.64024158895352e-7
5881 3.64024158895352e-7
5882 3.64024158895352e-7
5883 3.64024158895352e-7
5884 3.64024158895352e-7
5885 3.64024158895352e-7
5886 3.64024158895352e-7
5887 3.64024158895352e-7
5888 3.64024158895352e-7
5889 3.64024158895352e-7
5890 3.64024158895352e-7
5891 3.64024158895352e-7
5892 3.64024158895352e-7
5893 3.64024158895352e-7
5894 3.6441348786533655e-7
5895 3.6441348786533655e-7
5896 3.6441348786533655e-7
5897 3.6441348786533655e-7
5898 3.6441348786533655e-7
5899 3.6441348786533655e-7
5900 3.66747859166352e-7
5901 3.66747859166352e-7
5902 3.683932952498857e-7
5903 3.683932952498857e-7
5904 3.683932952498857e-7
5905 3.6949078599696296e-7
5906 3.6949078599696296e-7
5907 3.6949078599696296e-7
5908 3.6949078599696296e-7
5909 3.702694439369321e-7
5910 3.702694439369321e-7
5911 3.702694439369321e-7
5912 3.702694439369321e-7
5913 3.702694439369321e-7
5914 3.702694439369321e-7
5915 3.702694439369321e-7
5916 3.7070203236045033e-7
5917 3.7070203236045033e-7
5918 3.7070203236045033e-7
5919 3.7070203236045033e-7
5920 3.716681458951259e-7
5921 3.716681458951259e-7
5922 3.716681458951259e-7
5923 3.716681458951259e-7
5924 3.716681458951259e-7
5925 3.716681458951259e-7
5926 3.716681458951259e-7
5927 3.716681458951259e-7
5928 3.71025672724234e-7
5929 3.71025672724234e-7
5930 3.71025672724234e-7
5931 3.71025672724234e-7
5932 3.71025672724234e-7
5933 3.71025672724234e-7
5934 3.7168576871348117e-7
5935 3.7168576871348117e-7
5936 3.7050656661601205e-7
5937 3.7050656661601205e-7
5938 3.7050656661601205e-7
5939 3.7050656661601205e-7
5940 3.7050656661601205e-7
5941 3.7050656661601205e-7
5942 3.7050656661601205e-7
5943 3.7050656661601205e-7
5944 3.719533319173239e-7
5945 3.719533319173239e-7
5946 3.7246122161566656e-7
5947 3.7246122161566656e-7
5948 3.7246122161566656e-7
5949 3.7246122161566656e-7
5950 3.7246122161566656e-7
5951 3.7246122161566656e-7
5952 3.727800556451385e-7
5953 3.727800556451385e-7
5954 3.727800556451385e-7
5955 3.727800556451385e-7
5956 3.727800556451385e-7
5957 3.721728305556848e-7
5958 3.721728305556848e-7
5959 3.721728305556848e-7
5960 3.729386707892466e-7
5961 3.729386707892466e-7
5962 3.729386707892466e-7
5963 3.7284093669466374e-7
5964 3.7284093669466374e-7
5965 3.731020910453028e-7
5966 3.731020910453028e-7
5967 3.731020910453028e-7
5968 3.731020910453028e-7
5969 3.734193213335191e-7
5970 3.734193213335191e-7
5971 3.734193213335191e-7
5972 3.734193213335191e-7
5973 3.734193213335191e-7
5974 3.734193213335191e-7
5975 3.734193213335191e-7
5976 3.734193213335191e-7
5977 3.734193213335191e-7
5978 3.7361959341226913e-7
5979 3.7361959341226913e-7
5980 3.7361959341226913e-7
5981 3.7361959341226913e-7
5982 3.7361959341226913e-7
5983 3.7361959341226913e-7
5984 3.7361959341226913e-7
5985 3.7361959341226913e-7
5986 3.7361959341226913e-7
5987 3.7436140197427193e-7
5988 3.7436140197427193e-7
5989 3.7436140197427193e-7
5990 3.7436140197427193e-7
5991 3.7436140197427193e-7
5992 3.752714383490065e-7
5993 3.752714383490065e-7
5994 3.752714383490065e-7
5995 3.752714383490065e-7
5996 3.752714383490065e-7
5997 3.752714383490065e-7
5998 3.752714383490065e-7
5999 3.752714383490065e-7
6000 3.75960374788852e-7
6001 3.75960374788852e-7
6002 3.75960374788852e-7
6003 3.75960374788852e-7
6004 3.75960374788852e-7
6005 3.774584096934293e-7
6006 3.774584096934293e-7
6007 3.774584096934293e-7
6008 3.774584096934293e-7
6009 3.774584096934293e-7
6010 3.7751288433447846e-7
6011 3.7751288433447846e-7
6012 3.7751288433447846e-7
6013 3.7751288433447846e-7
6014 3.7751288433447846e-7
6015 3.7751288433447846e-7
6016 3.7786376140760486e-7
6017 3.7786376140760486e-7
6018 3.7786376140760486e-7
6019 3.7786376140760486e-7
6020 3.7786376140760486e-7
6021 3.7786376140760486e-7
6022 3.7786376140760486e-7
6023 3.7786376140760486e-7
6024 3.7786376140760486e-7
6025 3.7786376140760486e-7
6026 3.7786376140760486e-7
6027 3.7786376140760486e-7
6028 3.801356479178394e-7
6029 3.801356479178394e-7
6030 3.814077765532158e-7
6031 3.814077765532158e-7
6032 3.814077765532158e-7
6033 3.814077765532158e-7
6034 3.814077765532158e-7
6035 3.814077765532158e-7
6036 3.814077765532158e-7
6037 3.814077765532158e-7
6038 3.824187496155894e-7
6039 3.824187496155894e-7
6040 3.824187496155894e-7
6041 3.824187496155894e-7
6042 3.824187496155894e-7
6043 3.824187496155894e-7
6044 3.824187496155894e-7
6045 3.824187496155894e-7
6046 3.824187496155894e-7
6047 3.824187496155894e-7
6048 3.824187496155894e-7
6049 3.824187496155894e-7
6050 3.824187496155894e-7
6051 3.824187496155894e-7
6052 3.824187496155894e-7
6053 3.824187496155894e-7
6054 3.824187496155894e-7
6055 3.827007330447313e-7
6056 3.827007330447313e-7
6057 3.827007330447313e-7
6058 3.827007330447313e-7
6059 3.827007330447313e-7
6060 3.827007330447313e-7
6061 3.827007330447313e-7
6062 3.827007330447313e-7
6063 3.827007330447313e-7
6064 3.827007330447313e-7
6065 3.827007330447313e-7
6066 3.827007330447313e-7
6067 3.827007330447313e-7
6068 3.827007330447313e-7
6069 3.827007330447313e-7
6070 3.827007330447313e-7
6071 3.8349060617221586e-7
6072 3.8349060617221586e-7
6073 3.8349060617221586e-7
6074 3.8349060617221586e-7
6075 3.8349060617221586e-7
6076 3.847002487944476e-7
6077 3.847002487944476e-7
6078 3.847002487944476e-7
6079 3.847002487944476e-7
6080 3.856871895740803e-7
6081 3.856871895740803e-7
6082 3.8651070826411124e-7
6083 3.8651070826411124e-7
6084 3.8651070826411124e-7
6085 3.8651070826411124e-7
6086 3.8651070826411124e-7
6087 3.8651070826411124e-7
6088 3.8651070826411124e-7
6089 3.8651070826411124e-7
6090 3.8651070826411124e-7
6091 3.8651070826411124e-7
6092 3.8651070826411124e-7
6093 3.8651070826411124e-7
6094 3.8651070826411124e-7
6095 3.8651070826411124e-7
6096 3.8651070826411124e-7
6097 3.86694958821034e-7
6098 3.86694958821034e-7
6099 3.86694958821034e-7
6100 3.86694958821034e-7
6101 3.86694958821034e-7
6102 3.86694958821034e-7
6103 3.86694958821034e-7
6104 3.86694958821034e-7
6105 3.86694958821034e-7
6106 3.86694958821034e-7
6107 3.86694958821034e-7
6108 3.86694958821034e-7
6109 3.86694958821034e-7
6110 3.86694958821034e-7
6111 3.86694958821034e-7
6112 3.86694958821034e-7
6113 3.86694958821034e-7
6114 3.86694958821034e-7
6115 3.86694958821034e-7
6116 3.8739190663297497e-7
6117 3.8739190663297497e-7
6118 3.8739190663297497e-7
6119 3.8739190663297497e-7
6120 3.8739190663297497e-7
6121 3.9021654481397777e-7
6122 3.9021654481397777e-7
6123 3.9021654481397777e-7
6124 3.9021654481397777e-7
6125 3.9021654481397777e-7
6126 3.9021654481397777e-7
6127 3.9090708377271513e-7
6128 3.9090708377271513e-7
6129 3.9090708377271513e-7
6130 3.9090708377271513e-7
6131 3.9090708377271513e-7
6132 3.9090708377271513e-7
6133 3.9090708377271513e-7
6134 3.9189883027547777e-7
6135 3.9189883027547777e-7
6136 3.9189883027547777e-7
6137 3.9189883027547777e-7
6138 3.9189883027547777e-7
6139 3.923762794490578e-7
6140 3.923762794490578e-7
6141 3.923762794490578e-7
6142 3.923762794490578e-7
6143 3.923762794490578e-7
6144 3.923762794490578e-7
6145 3.923762794490578e-7
6146 3.923762794490578e-7
6147 3.923762794490578e-7
6148 3.923762794490578e-7
6149 3.923762794490578e-7
6150 3.923762794490578e-7
6151 3.923762794490578e-7
6152 3.923762794490578e-7
6153 3.923762794490578e-7
6154 3.923762794490578e-7
6155 3.923762794490578e-7
6156 3.923762794490578e-7
6157 3.923762794490578e-7
6158 3.923762794490578e-7
6159 3.923762794490578e-7
6160 3.933039386421477e-7
6161 3.933039386421477e-7
6162 3.933039386421477e-7
6163 3.933039386421477e-7
6164 3.9392878777232043e-7
6165 3.9392878777232043e-7
6166 3.9392878777232043e-7
6167 3.9392878777232043e-7
6168 3.9392878777232043e-7
6169 3.9392878777232043e-7
6170 3.9392878777232043e-7
6171 3.9392878777232043e-7
6172 3.9392878777232043e-7
6173 3.9392878777232043e-7
6174 3.9392878777232043e-7
6175 3.9392878777232043e-7
6176 3.9392878777232043e-7
6177 3.94999041810055e-7
6178 3.94999041810055e-7
6179 3.94999041810055e-7
6180 3.965002805300522e-7
6181 3.965002805300522e-7
6182 3.965002805300522e-7
6183 3.965002805300522e-7
6184 3.965002805300522e-7
6185 3.965002805300522e-7
6186 3.965002805300522e-7
6187 3.965002805300522e-7
6188 3.965002805300522e-7
6189 3.968880069811449e-7
6190 3.968880069811449e-7
6191 3.971956246007376e-7
6192 3.971956246007376e-7
6193 3.971956246007376e-7
6194 3.971956246007376e-7
6195 3.971956246007376e-7
6196 3.971956246007376e-7
6197 3.985606797740213e-7
6198 3.993185092466695e-7
6199 3.9996578875187316e-7
6200 3.9996578875187316e-7
6201 3.9996578875187316e-7
6202 3.9996578875187316e-7
6203 3.9996578875187316e-7
6204 3.9996578875187316e-7
6205 3.9996578875187316e-7
6206 3.9996578875187316e-7
6207 3.9996578875187316e-7
6208 3.9996578875187316e-7
6209 3.9996578875187316e-7
6210 3.9996578875187316e-7
6211 3.9996578875187316e-7
6212 3.9996578875187316e-7
6213 3.9996578875187316e-7
6214 3.9996578875187316e-7
6215 3.9996578875187316e-7
6216 3.9996578875187316e-7
6217 3.9996578875187316e-7
6218 3.9996578875187316e-7
6219 3.9996578875187316e-7
6220 3.9996578875187316e-7
6221 3.9996578875187316e-7
6222 3.9996578875187316e-7
6223 3.9996578875187316e-7
6224 3.9996578875187316e-7
6225 3.9996578875187316e-7
6226 3.9996578875187316e-7
6227 3.9996578875187316e-7
6228 3.9996578875187316e-7
6229 3.9996578875187316e-7
6230 3.9996578875187316e-7
6231 3.9996578875187316e-7
6232 3.9996578875187316e-7
6233 3.9996578875187316e-7
6234 3.9996578875187316e-7
6235 3.9996578875187316e-7
6236 3.9996578875187316e-7
6237 3.9996578875187316e-7
6238 3.9996578875187316e-7
6239 3.9996578875187316e-7
6240 3.9996578875187316e-7
6241 3.9996578875187316e-7
6242 3.9996578875187316e-7
6243 3.9996578875187316e-7
6244 3.9996578875187316e-7
6245 3.9996578875187316e-7
6246 3.9996578875187316e-7
6247 3.9996578875187316e-7
6248 3.9996578875187316e-7
6249 3.9996578875187316e-7
6250 3.9996578875187316e-7
6251 3.9996578875187316e-7
6252 3.9996578875187316e-7
6253 3.9996578875187316e-7
6254 3.9996578875187316e-7
6255 3.9996578875187316e-7
6256 3.9996578875187316e-7
6257 3.9996578875187316e-7
6258 3.9996578875187316e-7
6259 3.9996578875187316e-7
6260 3.9996578875187316e-7
6261 3.9996578875187316e-7
6262 3.9996578875187316e-7
6263 3.9996578875187316e-7
6264 3.9996578875187316e-7
6265 3.9996578875187316e-7
6266 3.9996578875187316e-7
6267 3.9996578875187316e-7
6268 3.9996578875187316e-7
6269 3.9996578875187316e-7
6270 3.9996578875187316e-7
6271 3.9996578875187316e-7
6272 3.9996578875187316e-7
6273 3.9996578875187316e-7
6274 3.9996578875187316e-7
6275 3.9996578875187316e-7
6276 3.9996578875187316e-7
6277 3.9996578875187316e-7
6278 3.9996578875187316e-7
6279 3.9996578875187316e-7
6280 3.9996578875187316e-7
6281 3.9996578875187316e-7
6282 3.9996578875187316e-7
6283 3.9996578875187316e-7
6284 3.9996578875187316e-7
6285 3.9996578875187316e-7
6286 3.9954441673823413e-7
6287 4.004384315911414e-7
6288 4.004384315911414e-7
6289 4.015327185227987e-7
6290 4.015327185227987e-7
6291 4.015327185227987e-7
6292 4.021399436122524e-7
6293 4.021399436122524e-7
6294 4.025965637073296e-7
6295 4.025965637073296e-7
6296 4.0175702349547147e-7
6297 4.020982872887924e-7
6298 4.020982872887924e-7
6299 4.020982872887924e-7
6300 4.020982872887924e-7
6301 4.020982872887924e-7
6302 4.020982872887924e-7
6303 4.011497984060178e-7
6304 4.011497984060178e-7
6305 4.011497984060178e-7
6306 4.011497984060178e-7
6307 4.0171216274540966e-7
6308 4.0171216274540966e-7
6309 4.0171216274540966e-7
6310 4.0332235013632327e-7
6311 4.0332235013632327e-7
6312 4.0332235013632327e-7
6313 4.0332235013632327e-7
6314 4.0332235013632327e-7
6315 4.0332235013632327e-7
6316 4.0332235013632327e-7
6317 4.0332235013632327e-7
6318 4.0332235013632327e-7
6319 4.0332235013632327e-7
6320 4.0332235013632327e-7
6321 4.0332235013632327e-7
6322 4.0332235013632327e-7
6323 4.0332235013632327e-7
6324 4.0332235013632327e-7
6325 4.0332235013632327e-7
6326 4.0332235013632327e-7
6327 4.0332235013632327e-7
6328 4.0332235013632327e-7
6329 4.0332235013632327e-7
6330 4.0332235013632327e-7
6331 4.0332235013632327e-7
6332 4.0332235013632327e-7
6333 4.0332235013632327e-7
6334 4.0332235013632327e-7
6335 4.0332235013632327e-7
6336 4.0332235013632327e-7
6337 4.0332235013632327e-7
6338 4.0332235013632327e-7
6339 4.0332235013632327e-7
6340 4.0332235013632327e-7
6341 4.0332235013632327e-7
6342 4.0332235013632327e-7
6343 4.036860436934932e-7
6344 4.036860436934932e-7
6345 4.036860436934932e-7
6346 4.036860436934932e-7
6347 4.046569629512987e-7
6348 4.046569629512987e-7
6349 4.046569629512987e-7
6350 4.046569629512987e-7
6351 4.046569629512987e-7
6352 4.046569629512987e-7
6353 4.046569629512987e-7
6354 4.046569629512987e-7
6355 4.046569629512987e-7
6356 4.046569629512987e-7
6357 4.046569629512987e-7
6358 4.046569629512987e-7
6359 4.0377256137819687e-7
6360 4.0377256137819687e-7
6361 4.0377256137819687e-7
6362 4.0473066354077693e-7
6363 4.0473066354077693e-7
6364 4.0473066354077693e-7
6365 4.0473066354077693e-7
6366 4.0473066354077693e-7
6367 4.0473066354077693e-7
6368 4.052882203234932e-7
6369 4.060732858943022e-7
6370 4.060732858943022e-7
6371 4.0657797177722497e-7
6372 4.0657797177722497e-7
6373 4.0657797177722497e-7
6374 4.074848031141758e-7
6375 4.074848031141758e-7
6376 4.074848031141758e-7
6377 4.074848031141758e-7
6378 4.074848031141758e-7
6379 4.0841406543733943e-7
6380 4.0841406543733943e-7
6381 4.0841406543733943e-7
6382 4.0841406543733943e-7
6383 4.0841406543733943e-7
6384 4.0841406543733943e-7
6385 4.0841406543733943e-7
6386 4.0841406543733943e-7
6387 4.0841406543733943e-7
6388 4.0841406543733943e-7
6389 4.093577485969841e-7
6390 4.093577485969841e-7
6391 4.093577485969841e-7
6392 4.093577485969841e-7
6393 4.093577485969841e-7
6394 4.093577485969841e-7
6395 4.093577485969841e-7
6396 4.093577485969841e-7
6397 4.093577485969841e-7
6398 4.093577485969841e-7
6399 4.093577485969841e-7
6400 4.093577485969841e-7
6401 4.095996763880122e-7
6402 4.095996763880122e-7
6403 4.095996763880122e-7
6404 4.095996763880122e-7
6405 4.095996763880122e-7
6406 4.099072940076049e-7
6407 4.099072940076049e-7
6408 4.099072940076049e-7
6409 4.1037673180908947e-7
6410 4.1037673180908947e-7
6411 4.1037673180908947e-7
6412 4.1037673180908947e-7
6413 4.1037673180908947e-7
6414 4.1037673180908947e-7
6415 4.1037673180908947e-7
6416 4.1037673180908947e-7
6417 4.1037673180908947e-7
6418 4.1037673180908947e-7
6419 4.1037673180908947e-7
6420 4.1104964672710775e-7
6421 4.1104964672710775e-7
6422 4.1104964672710775e-7
6423 4.1104964672710775e-7
6424 4.1104964672710775e-7
6425 4.1104964672710775e-7
6426 4.1104964672710775e-7
6427 4.1104964672710775e-7
6428 4.1104964672710775e-7
6429 4.1104964672710775e-7
6430 4.116216237351232e-7
6431 4.116216237351232e-7
6432 4.116216237351232e-7
6433 4.116216237351232e-7
6434 4.129802694440214e-7
6435 4.129802694440214e-7
6436 4.129802694440214e-7
6437 4.129802694440214e-7
6438 4.129802694440214e-7
6439 4.129802694440214e-7
6440 4.129802694440214e-7
6441 4.129802694440214e-7
6442 4.129802694440214e-7
6443 4.129802694440214e-7
6444 4.129802694440214e-7
6445 4.129802694440214e-7
6446 4.129802694440214e-7
6447 4.129802694440214e-7
6448 4.129802694440214e-7
6449 4.129802694440214e-7
6450 4.129802694440214e-7
6451 4.129802694440214e-7
6452 4.129802694440214e-7
6453 4.140088677694779e-7
6454 4.140088677694779e-7
6455 4.140088677694779e-7
6456 4.140088677694779e-7
6457 4.140088677694779e-7
6458 4.140088677694779e-7
6459 4.140088677694779e-7
6460 4.140088677694779e-7
6461 4.142123448860116e-7
6462 4.142123448860116e-7
6463 4.142123448860116e-7
6464 4.142123448860116e-7
6465 4.142123448860116e-7
6466 4.142123448860116e-7
6467 4.142123448860116e-7
6468 4.142123448860116e-7
6469 4.142123448860116e-7
6470 4.142123448860116e-7
6471 4.142123448860116e-7
6472 4.142123448860116e-7
6473 4.142123448860116e-7
6474 4.1467217001887256e-7
6475 4.1467217001887256e-7
6476 4.1467217001887256e-7
6477 4.1467217001887256e-7
6478 4.1467217001887256e-7
6479 4.1467217001887256e-7
6480 4.1467217001887256e-7
6481 4.150390686138262e-7
6482 4.1471222504580443e-7
6483 4.1471222504580443e-7
6484 4.1471222504580443e-7
6485 4.150967476814772e-7
6486 4.150967476814772e-7
6487 4.150967476814772e-7
6488 4.150967476814772e-7
6489 4.150967476814772e-7
6490 4.150967476814772e-7
6491 4.150967476814772e-7
6492 4.150967476814772e-7
6493 4.1572960757256355e-7
6494 4.1572960757256355e-7
6495 4.1572960757256355e-7
6496 4.1572960757256355e-7
6497 4.1572960757256355e-7
6498 4.1572960757256355e-7
6499 4.1572960757256355e-7
6500 4.1572960757256355e-7
6501 4.1572960757256355e-7
6502 4.1572960757256355e-7
6503 4.1572960757256355e-7
6504 4.1572960757256355e-7
6505 4.1572960757256355e-7
6506 4.1572960757256355e-7
6507 4.1614617202952705e-7
6508 4.1614617202952705e-7
6509 4.1614617202952705e-7
6510 4.1614617202952705e-7
6511 4.1614617202952705e-7
6512 4.1614617202952705e-7
6513 4.1614617202952705e-7
6514 4.164810275808262e-7
6515 4.164810275808262e-7
6516 4.164810275808262e-7
6517 4.164810275808262e-7
6518 4.164810275808262e-7
6519 4.164810275808262e-7
6520 4.164810275808262e-7
6521 4.164810275808262e-7
6522 4.164810275808262e-7
6523 4.164810275808262e-7
6524 4.164810275808262e-7
6525 4.164810275808262e-7
6526 4.164810275808262e-7
6527 4.164810275808262e-7
6528 4.164810275808262e-7
6529 4.1700333750446807e-7
6530 4.1700333750446807e-7
6531 4.1700333750446807e-7
6532 4.1700333750446807e-7
6533 4.1700333750446807e-7
6534 4.1700333750446807e-7
6535 4.1849176035160355e-7
6536 4.1849176035160355e-7
6537 4.1849176035160355e-7
6538 4.1849176035160355e-7
6539 4.1849176035160355e-7
6540 4.1849176035160355e-7
6541 4.1849176035160355e-7
6542 4.1849176035160355e-7
6543 4.1849176035160355e-7
6544 4.1849176035160355e-7
6545 4.1849176035160355e-7
6546 4.1849176035160355e-7
6547 4.189756171560235e-7
6548 4.189756171560235e-7
6549 4.189756171560235e-7
6550 4.189756171560235e-7
6551 4.189756171560235e-7
6552 4.189756171560235e-7
6553 4.189756171560235e-7
6554 4.189756171560235e-7
6555 4.189756171560235e-7
6556 4.189756171560235e-7
6557 4.189756171560235e-7
6558 4.189756171560235e-7
6559 4.189756171560235e-7
6560 4.189756171560235e-7
6561 4.194706903703227e-7
6562 4.194706903703227e-7
6563 4.194706903703227e-7
6564 4.194706903703227e-7
6565 4.2028299387283813e-7
6566 4.2028299387283813e-7
6567 4.2028299387283813e-7
6568 4.2028299387283813e-7
6569 4.2028299387283813e-7
6570 4.2028299387283813e-7
6571 4.2028299387283813e-7
6572 4.2028299387283813e-7
6573 4.2028299387283813e-7
6574 4.2028299387283813e-7
6575 4.2028299387283813e-7
6576 4.2028299387283813e-7
6577 4.2028299387283813e-7
6578 4.2028299387283813e-7
6579 4.2028299387283813e-7
6580 4.2028299387283813e-7
6581 4.2028299387283813e-7
6582 4.2028299387283813e-7
6583 4.2028299387283813e-7
6584 4.2028299387283813e-7
6585 4.2028299387283813e-7
6586 4.2028299387283813e-7
6587 4.2028299387283813e-7
6588 4.2028299387283813e-7
6589 4.2028299387283813e-7
6590 4.2028299387283813e-7
6591 4.2028299387283813e-7
6592 4.229586295783564e-7
6593 4.229586295783564e-7
6594 4.229586295783564e-7
6595 4.229586295783564e-7
6596 4.229586295783564e-7
6597 4.229586295783564e-7
6598 4.229586295783564e-7
6599 4.236363508306865e-7
6600 4.236363508306865e-7
6601 4.236363508306865e-7
6602 4.236363508306865e-7
6603 4.236363508306865e-7
6604 4.236363508306865e-7
6605 4.236363508306865e-7
6606 4.236363508306865e-7
6607 4.236363508306865e-7
6608 4.236363508306865e-7
6609 4.236363508306865e-7
6610 4.2388308617839015e-7
6611 4.2388308617839015e-7
6612 4.2388308617839015e-7
6613 4.2388308617839015e-7
6614 4.241522519011247e-7
6615 4.241522519011247e-7
6616 4.241522519011247e-7
6617 4.241522519011247e-7
6618 4.241522519011247e-7
6619 4.2439898724882836e-7
6620 4.2439898724882836e-7
6621 4.2439898724882836e-7
6622 4.2439898724882836e-7
6623 4.2439898724882836e-7
6624 4.2439898724882836e-7
6625 4.2439898724882836e-7
6626 4.2439898724882836e-7
6627 4.2439898724882836e-7
6628 4.2439898724882836e-7
6629 4.2439898724882836e-7
6630 4.2439898724882836e-7
6631 4.2439898724882836e-7
6632 4.2439898724882836e-7
6633 4.2439898724882836e-7
6634 4.2439898724882836e-7
6635 4.2439898724882836e-7
6636 4.2439898724882836e-7
6637 4.2439898724882836e-7
6638 4.2439898724882836e-7
6639 4.2439898724882836e-7
6640 4.2439898724882836e-7
6641 4.2439898724882836e-7
6642 4.2439898724882836e-7
6643 4.2439898724882836e-7
6644 4.2439898724882836e-7
6645 4.2439898724882836e-7
6646 4.2439898724882836e-7
6647 4.2439898724882836e-7
6648 4.2439898724882836e-7
6649 4.2439898724882836e-7
6650 4.2439898724882836e-7
6651 4.2439898724882836e-7
6652 4.2439898724882836e-7
6653 4.2439898724882836e-7
6654 4.2439898724882836e-7
6655 4.2439898724882836e-7
6656 4.2439898724882836e-7
6657 4.2439898724882836e-7
6658 4.2439898724882836e-7
6659 4.2439898724882836e-7
6660 4.2439898724882836e-7
6661 4.2439898724882836e-7
6662 4.2439898724882836e-7
6663 4.2439898724882836e-7
6664 4.2439898724882836e-7
6665 4.2439898724882836e-7
6666 4.2439898724882836e-7
6667 4.2439898724882836e-7
6668 4.2439898724882836e-7
6669 4.2439898724882836e-7
6670 4.2439898724882836e-7
6671 4.2439898724882836e-7
6672 4.2439898724882836e-7
6673 4.2439898724882836e-7
6674 4.2439898724882836e-7
6675 4.2439898724882836e-7
6676 4.2439898724882836e-7
6677 4.251632261858621e-7
6678 4.251632261858621e-7
6679 4.251632261858621e-7
6680 4.251632261858621e-7
6681 4.2622226564726306e-7
6682 4.2622226564726306e-7
6683 4.2622226564726306e-7
6684 4.2622226564726306e-7
6685 4.2622226564726306e-7
6686 4.2622226564726306e-7
6687 4.2622226564726306e-7
6688 4.2622226564726306e-7
6689 4.2622226564726306e-7
6690 4.2622226564726306e-7
6691 4.2622226564726306e-7
6692 4.2622226564726306e-7
6693 4.2622226564726306e-7
6694 4.2622226564726306e-7
6695 4.2622226564726306e-7
6696 4.2622226564726306e-7
6697 4.2622226564726306e-7
6698 4.2622226564726306e-7
6699 4.2622226564726306e-7
6700 4.2622226564726306e-7
6701 4.2622226564726306e-7
6702 4.2622226564726306e-7
6703 4.2622226564726306e-7
6704 4.2622226564726306e-7
6705 4.2622226564726306e-7
6706 4.2622226564726306e-7
6707 4.2622226564726306e-7
6708 4.2622226564726306e-7
6709 4.2622226564726306e-7
6710 4.2622226564726306e-7
6711 4.2622226564726306e-7
6712 4.2622226564726306e-7
6713 4.2622226564726306e-7
6714 4.2622226564726306e-7
6715 4.2622226564726306e-7
6716 4.2622226564726306e-7
6717 4.2622226564726306e-7
6718 4.2622226564726306e-7
6719 4.2643535543242036e-7
6720 4.2643535543242036e-7
6721 4.2643535543242036e-7
6722 4.2643535543242036e-7
6723 4.2643535543242036e-7
6724 4.2687114828254043e-7
6725 4.2687114828254043e-7
6726 4.264097212419695e-7
6727 4.264097212419695e-7
6728 4.264097212419695e-7
6729 4.264097212419695e-7
6730 4.264097212419695e-7
6731 4.264097212419695e-7
6732 4.264097212419695e-7
6733 4.264097212419695e-7
6734 4.264097212419695e-7
6735 4.274687600921886e-7
6736 4.274687600921886e-7
6737 4.274687600921886e-7
6738 4.274687600921886e-7
6739 4.274687600921886e-7
6740 4.274687600921886e-7
6741 4.269352349810313e-7
6742 4.269352349810313e-7
6743 4.269352349810313e-7
6744 4.269352349810313e-7
6745 4.277475384835467e-7
6746 4.277475384835467e-7
6747 4.277475384835467e-7
6748 4.277475384835467e-7
6749 4.277475384835467e-7
6750 4.277475384835467e-7
6751 4.277475384835467e-7
6752 4.2915745379571036e-7
6753 4.2915745379571036e-7
6754 4.2915745379571036e-7
6755 4.2915745379571036e-7
6756 4.2962048274399124e-7
6757 4.304311843387967e-7
6758 4.304311843387967e-7
6759 4.304311843387967e-7
6760 4.305337235453276e-7
6761 4.305337235453276e-7
6762 4.305337235453276e-7
6763 4.305337235453276e-7
6764 4.305337235453276e-7
6765 4.307436076815193e-7
6766 4.310207835539856e-7
6767 4.310207835539856e-7
6768 4.310207835539856e-7
6769 4.310207835539856e-7
6770 4.310207835539856e-7
6771 4.310207835539856e-7
6772 4.310207835539856e-7
6773 4.310207835539856e-7
6774 4.310207835539856e-7
6775 4.310207835539856e-7
6776 4.310207835539856e-7
6777 4.310207835539856e-7
6778 4.310207835539856e-7
6779 4.3153027577122016e-7
6780 4.3153027577122016e-7
6781 4.3153027577122016e-7
6782 4.3153027577122016e-7
6783 4.3153027577122016e-7
6784 4.3153027577122016e-7
6785 4.3153027577122016e-7
6786 4.3153027577122016e-7
6787 4.3153027577122016e-7
6788 4.3153027577122016e-7
6789 4.3153027577122016e-7
6790 4.3153027577122016e-7
6791 4.3153027577122016e-7
6792 4.3153027577122016e-7
6793 4.3153027577122016e-7
6794 4.3153027577122016e-7
6795 4.3153027577122016e-7
6796 4.3153027577122016e-7
6797 4.3153027577122016e-7
6798 4.3153027577122016e-7
6799 4.3153027577122016e-7
6800 4.3175618326278474e-7
6801 4.3175618326278474e-7
6802 4.3175618326278474e-7
6803 4.3175618326278474e-7
6804 4.3175618326278474e-7
6805 4.3175618326278474e-7
6806 4.3175618326278474e-7
6807 4.3175618326278474e-7
6808 4.3207341355100104e-7
6809 4.3207341355100104e-7
6810 4.3207341355100104e-7
6811 4.3207341355100104e-7
6812 4.3207341355100104e-7
6813 4.3207341355100104e-7
6814 4.3225606158903194e-7
6815 4.3225606158903194e-7
6816 4.3225606158903194e-7
6817 4.3225606158903194e-7
6818 4.3296742840390833e-7
6819 4.3296742840390833e-7
6820 4.3296742840390833e-7
6821 4.3296742840390833e-7
6822 4.3296742840390833e-7
6823 4.3296742840390833e-7
6824 4.3296742840390833e-7
6825 4.3296742840390833e-7
6826 4.3296742840390833e-7
6827 4.3331029349375733e-7
6828 4.3331029349375733e-7
6829 4.3407453243079105e-7
6830 4.3407453243079105e-7
6831 4.3407453243079105e-7
6832 4.3407453243079105e-7
6833 4.3407453243079105e-7
6834 4.3407453243079105e-7
6835 4.3434530067241744e-7
6836 4.3418828743601924e-7
6837 4.350823022889265e-7
6838 4.350823022889265e-7
6839 4.350823022889265e-7
6840 4.350823022889265e-7
6841 4.350823022889265e-7
6842 4.350823022889265e-7
6843 4.350823022889265e-7
6844 4.350823022889265e-7
6845 4.350823022889265e-7
6846 4.350823022889265e-7
6847 4.350823022889265e-7
6848 4.3522489530002555e-7
6849 4.3522489530002555e-7
6850 4.348628030393837e-7
6851 4.348628030393837e-7
6852 4.348628030393837e-7
6853 4.348628030393837e-7
6854 4.348628030393837e-7
6855 4.348628030393837e-7
6856 4.348628030393837e-7
6857 4.348628030393837e-7
6858 4.348628030393837e-7
6859 4.348628030393837e-7
6860 4.348628030393837e-7
6861 4.348628030393837e-7
6862 4.348628030393837e-7
6863 4.348628030393837e-7
6864 4.358673684709174e-7
6865 4.358673684709174e-7
6866 4.358673684709174e-7
6867 4.358673684709174e-7
6868 4.358673684709174e-7
6869 4.361076961877812e-7
6870 4.361076961877812e-7
6871 4.361076961877812e-7
6872 4.361076961877812e-7
6873 4.361076961877812e-7
6874 4.361076961877812e-7
6875 4.361076961877812e-7
6876 4.361076961877812e-7
6877 4.3664762954096025e-7
6878 4.3664762954096025e-7
6879 4.3664762954096025e-7
6880 4.3664762954096025e-7
6881 4.3664762954096025e-7
6882 4.357295817941302e-7
6883 4.357295817941302e-7
6884 4.350358390199729e-7
6885 4.354716312589111e-7
6886 4.354716312589111e-7
6887 4.354716312589111e-7
6888 4.354716312589111e-7
6889 4.354716312589111e-7
6890 4.354716312589111e-7
6891 4.354716312589111e-7
6892 4.3557897679975377e-7
6893 4.3557897679975377e-7
6894 4.3579046406601923e-7
6895 4.3579046406601923e-7
6896 4.3579046406601923e-7
6897 4.3579046406601923e-7
6898 4.3579046406601923e-7
6899 4.3579046406601923e-7
6900 4.3579046406601923e-7
6901 4.3579046406601923e-7
6902 4.3579046406601923e-7
6903 4.3579046406601923e-7
6904 4.360147684275101e-7
6905 4.360147684275101e-7
6906 4.360147684275101e-7
6907 4.363672467971646e-7
6908 4.363672467971646e-7
6909 4.363672467971646e-7
6910 4.363672467971646e-7
6911 4.363672467971646e-7
6912 4.3684950230505647e-7
6913 4.3684950230505647e-7
6914 4.3684950230505647e-7
6915 4.3684950230505647e-7
6916 4.3684950230505647e-7
6917 4.3684950230505647e-7
6918 4.377611399763191e-7
6919 4.377611399763191e-7
6920 4.3808477911773905e-7
6921 4.3808477911773905e-7
6922 4.3808477911773905e-7
6923 4.3808477911773905e-7
6924 4.3808477911773905e-7
6925 4.3808477911773905e-7
6926 4.3808477911773905e-7
6927 4.3808477911773905e-7
6928 4.3808477911773905e-7
6929 4.3808477911773905e-7
6930 4.3808477911773905e-7
6931 4.3808477911773905e-7
6932 4.3867758398189354e-7
6933 4.3867758398189354e-7
6934 4.3867758398189354e-7
6935 4.387945421913598e-7
6936 4.387945421913598e-7
6937 4.387945421913598e-7
6938 4.3922713061487807e-7
6939 4.3922713061487807e-7
6940 4.3922713061487807e-7
6941 4.3922713061487807e-7
6942 4.3922713061487807e-7
6943 4.3922713061487807e-7
6944 4.3922713061487807e-7
6945 4.3922713061487807e-7
6946 4.3922713061487807e-7
6947 4.3922713061487807e-7
6948 4.3922713061487807e-7
6949 4.3922713061487807e-7
6950 4.3922713061487807e-7
6951 4.3922713061487807e-7
6952 4.3922713061487807e-7
6953 4.3964529881309714e-7
6954 4.3964529881309714e-7
6955 4.3964529881309714e-7
6956 4.3964529881309714e-7
6957 4.3964529881309714e-7
6958 4.3964529881309714e-7
6959 4.3964529881309714e-7
6960 4.3964529881309714e-7
6961 4.4013556569308447e-7
6962 4.4013556569308447e-7
6963 4.4013556569308447e-7
6964 4.4013556569308447e-7
6965 4.4013556569308447e-7
6966 4.4056494907881904e-7
6967 4.4056494907881904e-7
6968 4.4056494907881904e-7
6969 4.4056494907881904e-7
6970 4.4056494907881904e-7
6971 4.4056494907881904e-7
6972 4.4056494907881904e-7
6973 4.4056494907881904e-7
6974 4.4056494907881904e-7
6975 4.4056494907881904e-7
6976 4.4056494907881904e-7
6977 4.4056494907881904e-7
6978 4.4056494907881904e-7
6979 4.4056494907881904e-7
6980 4.4056494907881904e-7
6981 4.4056494907881904e-7
6982 4.4056494907881904e-7
6983 4.4056494907881904e-7
6984 4.4056494907881904e-7
6985 4.4056494907881904e-7
6986 4.4056494907881904e-7
6987 4.4056494907881904e-7
6988 4.4056494907881904e-7
6989 4.416368056354454e-7
6990 4.416368056354454e-7
6991 4.416368056354454e-7
6992 4.416368056354454e-7
6993 4.416368056354454e-7
6994 4.435946656728836e-7
6995 4.435946656728836e-7
6996 4.435946656728836e-7
6997 4.435946656728836e-7
6998 4.435946656728836e-7
6999 4.435946656728836e-7
7000 4.435946656728836e-7
7001 4.435946656728836e-7
7002 4.435946656728836e-7
7003 4.441570287899117e-7
7004 4.441570287899117e-7
7005 4.450927005774608e-7
7006 4.450927005774608e-7
7007 4.457543990855999e-7
7008 4.457543990855999e-7
7009 4.457543990855999e-7
7010 4.457543990855999e-7
7011 4.457543990855999e-7
7012 4.457543990855999e-7
7013 4.457543990855999e-7
7014 4.457543990855999e-7
7015 4.457543990855999e-7
7016 4.457543990855999e-7
7017 4.457543990855999e-7
7018 4.457543990855999e-7
7019 4.457543990855999e-7
7020 4.457543990855999e-7
7021 4.457543990855999e-7
7022 4.457543990855999e-7
7023 4.457543990855999e-7
7024 4.457543990855999e-7
7025 4.457543990855999e-7
7026 4.457543990855999e-7
7027 4.457543990855999e-7
7028 4.457543990855999e-7
7029 4.457543990855999e-7
7030 4.457543990855999e-7
7031 4.457543990855999e-7
7032 4.457543990855999e-7
7033 4.457543990855999e-7
7034 4.457543990855999e-7
7035 4.457543990855999e-7
7036 4.457543990855999e-7
7037 4.465074216127544e-7
7038 4.465074216127544e-7
7039 4.465074216127544e-7
7040 4.465074216127544e-7
7041 4.465074216127544e-7
7042 4.465074216127544e-7
7043 4.47141882189187e-7
7044 4.47141882189187e-7
7045 4.47141882189187e-7
7046 4.480455097107179e-7
7047 4.480455097107179e-7
7048 4.480455097107179e-7
7049 4.480455097107179e-7
7050 4.489026739632951e-7
7051 4.486479278546778e-7
7052 4.486479278546778e-7
7053 4.486479278546778e-7
7054 4.486479278546778e-7
7055 4.4963967557980425e-7
7056 4.4963967557980425e-7
7057 4.4963967557980425e-7
7058 4.4963967557980425e-7
7059 4.4963967557980425e-7
7060 4.4963967557980425e-7
7061 4.4963967557980425e-7
7062 4.510832370656961e-7
7063 4.510832370656961e-7
7064 4.510832370656961e-7
7065 4.510832370656961e-7
7066 4.510832370656961e-7
7067 4.510832370656961e-7
7068 4.510832370656961e-7
7069 4.510832370656961e-7
7070 4.510832370656961e-7
7071 4.510832370656961e-7
7072 4.510832370656961e-7
7073 4.510832370656961e-7
7074 4.510832370656961e-7
7075 4.510832370656961e-7
7076 4.510832370656961e-7
7077 4.510832370656961e-7
7078 4.510832370656961e-7
7079 4.510832370656961e-7
7080 4.510832370656961e-7
7081 4.510832370656961e-7
7082 4.510832370656961e-7
7083 4.510832370656961e-7
7084 4.510832370656961e-7
7085 4.510832370656961e-7
7086 4.536563329535016e-7
7087 4.5447184149380075e-7
7088 4.5447184149380075e-7
7089 4.5447184149380075e-7
7090 4.5447184149380075e-7
7091 4.5447184149380075e-7
7092 4.5447184149380075e-7
7093 4.5447184149380075e-7
7094 4.5447184149380075e-7
7095 4.5447184149380075e-7
7096 4.5447184149380075e-7
7097 4.5447184149380075e-7
7098 4.5447184149380075e-7
7099 4.5447184149380075e-7
7100 4.5447184149380075e-7
7101 4.5447184149380075e-7
7102 4.5447184149380075e-7
7103 4.5447184149380075e-7
7104 4.5447184149380075e-7
7105 4.5447184149380075e-7
7106 4.5447184149380075e-7
7107 4.5517519693658166e-7
7108 4.5517519693658166e-7
7109 4.5517519693658166e-7
7110 4.5517519693658166e-7
7111 4.5517519693658166e-7
7112 4.5517519693658166e-7
7113 4.5517519693658166e-7
7114 4.5517519693658166e-7
7115 4.564264971046371e-7
7116 4.564264971046371e-7
7117 4.564264971046371e-7
7118 4.564264971046371e-7
7119 4.564264971046371e-7
7120 4.564264971046371e-7
7121 4.564264971046371e-7
7122 4.564264971046371e-7
7123 4.564264971046371e-7
7124 4.564264971046371e-7
7125 4.564264971046371e-7
7126 4.564264971046371e-7
7127 4.564264971046371e-7
7128 4.564264971046371e-7
7129 4.564264971046371e-7
7130 4.564264971046371e-7
7131 4.564264971046371e-7
7132 4.564264971046371e-7
7133 4.564264971046371e-7
7134 4.567965995150107e-7
7135 4.567965995150107e-7
7136 4.567965995150107e-7
7137 4.567965995150107e-7
7138 4.567965995150107e-7
7139 4.567965995150107e-7
7140 4.567965995150107e-7
7141 4.567965995150107e-7
7142 4.57554428376477e-7
7143 4.57554428376477e-7
7144 4.57554428376477e-7
7145 4.57554428376477e-7
7146 4.57554428376477e-7
7147 4.57554428376477e-7
7148 4.578844769822825e-7
7149 4.578844769822825e-7
7150 4.578844769822825e-7
7151 4.578844769822825e-7
7152 4.578844769822825e-7
7153 4.578844769822825e-7
7154 4.578844769822825e-7
7155 4.578844769822825e-7
7156 4.578844769822825e-7
7157 4.578844769822825e-7
7158 4.578844769822825e-7
7159 4.578844769822825e-7
7160 4.578844769822825e-7
7161 4.578844769822825e-7
7162 4.578844769822825e-7
7163 4.578844769822825e-7
7164 4.578844769822825e-7
7165 4.578844769822825e-7
7166 4.5829783762382606e-7
7167 4.5829783762382606e-7
7168 4.5829783762382606e-7
7169 4.5829783762382606e-7
7170 4.5829783762382606e-7
7171 4.5829783762382606e-7
7172 4.5829783762382606e-7
7173 4.5829783762382606e-7
7174 4.5829783762382606e-7
7175 4.5829783762382606e-7
7176 4.5829783762382606e-7
7177 4.5977504467226424e-7
7178 4.5977504467226424e-7
7179 4.5977504467226424e-7
7180 4.6077159873170247e-7
7181 4.6077159873170247e-7
7182 4.6077159873170247e-7
7183 4.6099430118548337e-7
7184 4.6099430118548337e-7
7185 4.6099430118548337e-7
7186 4.6099430118548337e-7
7187 4.6099430118548337e-7
7188 4.6258205759018424e-7
7189 4.6258205759018424e-7
7190 4.6438771011435416e-7
7191 4.6438771011435416e-7
7192 4.6438771011435416e-7
7193 4.6438771011435416e-7
7194 4.6438771011435416e-7
7195 4.6438771011435416e-7
7196 4.6438771011435416e-7
7197 4.656646438616786e-7
7198 4.656646438616786e-7
7199 4.6781957094008306e-7
7200 4.6781957094008306e-7
7201 4.6781957094008306e-7
7202 4.6781957094008306e-7
7203 4.683771289451631e-7
7204 4.683771289451631e-7
7205 4.683771289451631e-7
7206 4.683771289451631e-7
7207 4.683771289451631e-7
7208 4.683771289451631e-7
7209 4.693304235510676e-7
7210 4.693304235510676e-7
7211 4.693304235510676e-7
7212 4.693304235510676e-7
7213 4.693304235510676e-7
7214 4.693304235510676e-7
7215 4.693304235510676e-7
7216 4.693304235510676e-7
7217 4.693304235510676e-7
7218 4.693304235510676e-7
7219 4.6959958927380214e-7
7220 4.6959958927380214e-7
7221 4.6959958927380214e-7
7222 4.6959958927380214e-7
7223 4.6959958927380214e-7
7224 4.6959958927380214e-7
7225 4.6959958927380214e-7
7226 4.700690270752867e-7
7227 4.700690270752867e-7
7228 4.700690270752867e-7
7229 4.700690270752867e-7
7230 4.700690270752867e-7
7231 4.700690270752867e-7
7232 4.700690270752867e-7
7233 4.700690270752867e-7
7234 4.700690270752867e-7
7235 4.700690270752867e-7
7236 4.700690270752867e-7
7237 4.700690270752867e-7
7238 4.700690270752867e-7
7239 4.700690270752867e-7
7240 4.709277938467558e-7
7241 4.709277938467558e-7
7242 4.709277938467558e-7
7243 4.709277938467558e-7
7244 4.709277938467558e-7
7245 4.7151098665346855e-7
7246 4.7151098665346855e-7
7247 4.7151098665346855e-7
7248 4.7151098665346855e-7
7249 4.7151098665346855e-7
7250 4.7151098665346855e-7
7251 4.7151098665346855e-7
7252 4.7151098665346855e-7
7253 4.7025968709659496e-7
7254 4.7025968709659496e-7
7255 4.7025968709659496e-7
7256 4.7025968709659496e-7
7257 4.7025968709659496e-7
7258 4.7025968709659496e-7
7259 4.7025968709659496e-7
7260 4.7025968709659496e-7
7261 4.7025968709659496e-7
7262 4.7025968709659496e-7
7263 4.7025968709659496e-7
7264 4.7025968709659496e-7
7265 4.7025968709659496e-7
7266 4.7067304896050223e-7
7267 4.7067304896050223e-7
7268 4.7067304896050223e-7
7269 4.7067304896050223e-7
7270 4.7067304896050223e-7
7271 4.7067304896050223e-7
7272 4.7067304896050223e-7
7273 4.7067304896050223e-7
7274 4.7135557532478033e-7
7275 4.7135557532478033e-7
7276 4.7135557532478033e-7
7277 4.7135557532478033e-7
7278 4.7135557532478033e-7
7279 4.7135557532478033e-7
7280 4.7135557532478033e-7
7281 4.7135557532478033e-7
7282 4.7135557532478033e-7
7283 4.7089254637649945e-7
7284 4.7089254637649945e-7
7285 4.71305907018043e-7
7286 4.71305907018043e-7
7287 4.71305907018043e-7
7288 4.71305907018043e-7
7289 4.719515846155367e-7
7290 4.719515846155367e-7
7291 4.7383414215578666e-7
7292 4.7541068398415396e-7
7293 4.7541068398415396e-7
7294 4.7541068398415396e-7
7295 4.7572631297584215e-7
7296 4.7572631297584215e-7
7297 4.7572631297584215e-7
7298 4.7572631297584215e-7
7299 4.7572631297584215e-7
7300 4.7572631297584215e-7
7301 4.7572631297584215e-7
7302 4.7572631297584215e-7
7303 4.7572631297584215e-7
7304 4.7572631297584215e-7
7305 4.7606276982366937e-7
7306 4.7606276982366937e-7
7307 4.7606276982366937e-7
7308 4.762454166393365e-7
7309 4.767757367127101e-7
7310 4.770032442784391e-7
7311 4.776793630118773e-7
7312 4.778940553159265e-7
7313 4.778940553159265e-7
7314 4.778940553159265e-7
7315 4.810391282117474e-7
7316 4.810391282117474e-7
7317 4.810391282117474e-7
7318 4.810391282117474e-7
7319 4.810391282117474e-7
7320 4.810391282117474e-7
7321 4.810391282117474e-7
7322 4.810391282117474e-7
7323 4.810391282117474e-7
7324 4.815934811790437e-7
7325 4.815934811790437e-7
7326 4.815934811790437e-7
7327 4.819107120784419e-7
7328 4.819107120784419e-7
7329 4.819107120784419e-7
7330 4.819107120784419e-7
7331 4.819107120784419e-7
7332 4.826156700401147e-7
7333 4.826156700401147e-7
7334 4.826156700401147e-7
7335 4.826156700401147e-7
7336 4.826156700401147e-7
7337 4.826156700401147e-7
7338 4.826156700401147e-7
7339 4.852352291968738e-7
7340 4.855909113819482e-7
7341 4.855909113819482e-7
7342 4.855909113819482e-7
7343 4.857222898167136e-7
7344 4.857222898167136e-7
7345 4.857687530856673e-7
7346 4.857687530856673e-7
7347 4.859337770829792e-7
7348 4.859337770829792e-7
7349 4.859337770829792e-7
7350 4.859337770829792e-7
7351 4.859337770829792e-7
7352 4.859337770829792e-7
7353 4.859337770829792e-7
7354 4.859337770829792e-7
7355 4.859337770829792e-7
7356 4.859337770829792e-7
7357 4.859337770829792e-7
7358 4.859337770829792e-7
7359 4.87579212555331e-7
7360 4.87579212555331e-7
7361 4.87579212555331e-7
7362 4.87579212555331e-7
7363 4.87579212555331e-7
7364 4.87579212555331e-7
7365 4.87579212555331e-7
7366 4.87579212555331e-7
7367 4.87579212555331e-7
7368 4.87579212555331e-7
7369 4.87579212555331e-7
7370 4.87579212555331e-7
7371 4.87579212555331e-7
7372 4.87579212555331e-7
7373 4.879204769598338e-7
7374 4.883514628644602e-7
7375 4.883514628644602e-7
7376 4.883514628644602e-7
7377 4.921886760155466e-7
7378 4.921886760155466e-7
7379 4.921886760155466e-7
7380 4.921886760155466e-7
7381 4.921886760155466e-7
7382 4.921886760155466e-7
7383 4.928503757460494e-7
7384 4.928503757460494e-7
7385 4.928503757460494e-7
7386 4.928503757460494e-7
7387 4.928503757460494e-7
7388 4.928503757460494e-7
7389 4.928503757460494e-7
7390 4.928503757460494e-7
7391 4.928503757460494e-7
7392 4.933790933005312e-7
7393 4.933790933005312e-7
7394 4.933790933005312e-7
7395 4.933790933005312e-7
7396 4.933790933005312e-7
7397 4.933790933005312e-7
7398 4.933790933005312e-7
7399 4.933790933005312e-7
7400 4.950854104335902e-7
7401 4.950854104335902e-7
7402 4.950854104335902e-7
7403 4.950854104335902e-7
7404 4.950854104335902e-7
7405 4.950854104335902e-7
7406 4.950854104335902e-7
7407 4.950854104335902e-7
7408 4.963447207513774e-7
7409 4.963447207513774e-7
7410 4.960675436565474e-7
7411 4.960675436565474e-7
7412 4.960675436565474e-7
7413 4.960515215235383e-7
7414 4.960515215235383e-7
7415 4.960515215235383e-7
7416 4.960515215235383e-7
7417 4.960515215235383e-7
7418 4.960515215235383e-7
7419 4.953802097355937e-7
7420 4.953802097355937e-7
7421 4.953802097355937e-7
7422 4.948162434884919e-7
7423 4.948162434884919e-7
7424 4.948162434884919e-7
7425 4.948162434884919e-7
7426 4.948162434884919e-7
7427 4.948162434884919e-7
7428 4.948162434884919e-7
7429 4.948162434884919e-7
7430 4.948162434884919e-7
7431 4.948162434884919e-7
7432 4.948162434884919e-7
7433 4.948162434884919e-7
7434 4.948162434884919e-7
7435 4.938228938556555e-7
7436 4.938228938556555e-7
7437 4.936354388721309e-7
7438 4.93834108431989e-7
7439 4.93834108431989e-7
7440 4.93834108431989e-7
7441 4.941609526111927e-7
7442 4.941609526111927e-7
7443 4.942490728147882e-7
7444 4.942490728147882e-7
7445 4.942490728147882e-7
7446 4.942490728147882e-7
7447 4.942490728147882e-7
7448 4.947537580865291e-7
7449 4.947537580865291e-7
7450 4.947537580865291e-7
7451 4.947537580865291e-7
7452 4.947537580865291e-7
7453 4.947537580865291e-7
7454 4.947537580865291e-7
7455 4.947537580865291e-7
7456 4.947537580865291e-7
7457 4.954474996383226e-7
7458 4.954474996383226e-7
7459 4.954474996383226e-7
7460 4.96362342347369e-7
7461 4.96362342347369e-7
7462 4.96362342347369e-7
7463 4.96362342347369e-7
7464 4.96362342347369e-7
7465 4.96362342347369e-7
7466 4.96362342347369e-7
7467 4.96362342347369e-7
7468 4.96362342347369e-7
7469 4.96362342347369e-7
7470 4.96362342347369e-7
7471 4.96362342347369e-7
7472 4.966411207387271e-7
7473 4.966411207387271e-7
7474 4.966411207387271e-7
7475 4.966411207387271e-7
7476 4.966411207387271e-7
7477 4.966411207387271e-7
7478 4.966411207387271e-7
7479 4.983698694691808e-7
7480 4.983698694691808e-7
7481 4.983698694691808e-7
7482 4.983698694691808e-7
7483 4.983698694691808e-7
7484 4.983698694691808e-7
7485 4.989546641836036e-7
7486 4.989546641836036e-7
7487 4.99186979306008e-7
7488 4.99186979306008e-7
7489 4.995923310201836e-7
7490 4.995923310201836e-7
7491 4.995923310201836e-7
7492 4.995923310201836e-7
7493 5.0086606156327e-7
7494 5.0086606156327e-7
7495 5.0086606156327e-7
7496 5.0086606156327e-7
7497 5.0086606156327e-7
7498 5.0086606156327e-7
7499 5.019395206387882e-7
7500 5.019395206387882e-7
7501 5.019395206387882e-7
7502 5.019395206387882e-7
7503 5.024986811627602e-7
7504 5.024986811627602e-7
7505 5.024986811627602e-7
7506 5.024986811627602e-7
7507 5.024986811627602e-7
7508 5.028912139481646e-7
7509 5.028912139481646e-7
7510 5.027069640024238e-7
7511 5.027069640024238e-7
7512 5.027069640024238e-7
7513 5.022615578724983e-7
7514 5.022615578724983e-7
7515 5.022615578724983e-7
7516 5.022615578724983e-7
7517 5.018273681524519e-7
7518 5.018273681524519e-7
7519 5.018273681524519e-7
7520 5.018273681524519e-7
7521 5.018273681524519e-7
7522 5.018273681524519e-7
7523 5.017152156661155e-7
7524 5.017152156661155e-7
7525 5.017152156661155e-7
7526 5.017152156661155e-7
7527 5.033318125214146e-7
7528 5.033318125214146e-7
7529 5.033318125214146e-7
7530 5.033318125214146e-7
7531 5.034279428747419e-7
7532 5.034279428747419e-7
7533 5.034279428747419e-7
7534 5.034279428747419e-7
7535 5.034279428747419e-7
7536 5.034279428747419e-7
7537 5.034279428747419e-7
7538 5.034279428747419e-7
7539 5.034279428747419e-7
7540 5.034279428747419e-7
7541 5.034279428747419e-7
7542 5.034279428747419e-7
7543 5.034279428747419e-7
7544 5.04102460311652e-7
7545 5.04102460311652e-7
7546 5.04102460311652e-7
7547 5.051358637490566e-7
7548 5.051358637490566e-7
7549 5.051358637490566e-7
7550 5.071882516209301e-7
7551 5.071882516209301e-7
7552 5.071882516209301e-7
7553 5.084363473623838e-7
7554 5.084363473623838e-7
7555 5.085452954221183e-7
7556 5.085452954221183e-7
7557 5.085452954221183e-7
7558 5.085452954221183e-7
7559 5.085452954221183e-7
7560 5.085452954221183e-7
7561 5.085452954221183e-7
7562 5.085452954221183e-7
7563 5.085452954221183e-7
7564 5.085452954221183e-7
7565 5.085452954221183e-7
7566 5.085452954221183e-7
7567 5.085452954221183e-7
7568 5.085452954221183e-7
7569 5.085452954221183e-7
7570 5.085452954221183e-7
7571 5.085452954221183e-7
7572 5.085452954221183e-7
7573 5.085452954221183e-7
7574 5.085452954221183e-7
7575 5.085452954221183e-7
7576 5.085452954221183e-7
7577 5.085452954221183e-7
7578 5.085452954221183e-7
7579 5.091957787427419e-7
7580 5.091957787427419e-7
7581 5.102452049243374e-7
7582 5.102452049243374e-7
7583 5.102452049243374e-7
7584 5.102452049243374e-7
7585 5.102452049243374e-7
7586 5.102452049243374e-7
7587 5.102452049243374e-7
7588 5.102452049243374e-7
7589 5.113635241387355e-7
7590 5.113635241387355e-7
7591 5.113635241387355e-7
7592 5.113635241387355e-7
7593 5.113635241387355e-7
7594 5.113635241387355e-7
7595 5.113635241387355e-7
7596 5.113635241387355e-7
7597 5.113635241387355e-7
7598 5.113635241387355e-7
7599 5.113635241387355e-7
7600 5.113635241387355e-7
7601 5.113635241387355e-7
7602 5.122687541791583e-7
7603 5.122687541791583e-7
7604 5.122687541791583e-7
7605 5.133342031049447e-7
7606 5.133342031049447e-7
7607 5.133342031049447e-7
7608 5.137940276266239e-7
7609 5.137940276266239e-7
7610 5.137940276266239e-7
7611 5.137940276266239e-7
7612 5.137940276266239e-7
7613 5.137940276266239e-7
7614 5.137940276266239e-7
7615 5.137940276266239e-7
7616 5.137940276266239e-7
7617 5.137940276266239e-7
7618 5.137940276266239e-7
7619 5.137940276266239e-7
7620 5.137940276266239e-7
7621 5.137940276266239e-7
7622 5.137940276266239e-7
7623 5.137940276266239e-7
7624 5.137940276266239e-7
7625 5.137940276266239e-7
7626 5.137940276266239e-7
7627 5.137940276266239e-7
7628 5.137940276266239e-7
7629 5.137940276266239e-7
7630 5.137940276266239e-7
7631 5.137940276266239e-7
7632 5.137940276266239e-7
7633 5.137940276266239e-7
7634 5.137940276266239e-7
7635 5.137940276266239e-7
7636 5.137940276266239e-7
7637 5.137940276266239e-7
7638 5.137940276266239e-7
7639 5.137940276266239e-7
7640 5.137940276266239e-7
7641 5.137940276266239e-7
7642 5.137940276266239e-7
7643 5.137940276266239e-7
7644 5.137940276266239e-7
7645 5.137940276266239e-7
7646 5.137940276266239e-7
7647 5.137940276266239e-7
7648 5.137940276266239e-7
7649 5.137940276266239e-7
7650 5.137940276266239e-7
7651 5.137940276266239e-7
7652 5.146720209577039e-7
7653 5.146720209577039e-7
7654 5.146720209577039e-7
7655 5.160915501608549e-7
7656 5.160915501608549e-7
7657 5.160915501608549e-7
7658 5.160915501608549e-7
7659 5.160915501608549e-7
7660 5.160915501608549e-7
7661 5.160915501608549e-7
7662 5.155756497015986e-7
7663 5.155756497015986e-7
7664 5.155756497015986e-7
7665 5.155756497015986e-7
7666 5.155756497015986e-7
7667 5.155756497015986e-7
7668 5.155756497015986e-7
7669 5.155756497015986e-7
7670 5.155756497015986e-7
7671 5.155756497015986e-7
7672 5.155756497015986e-7
7673 5.155756497015986e-7
7674 5.155756497015986e-7
7675 5.155756497015986e-7
7676 5.155756497015986e-7
7677 5.155756497015986e-7
7678 5.155756497015986e-7
7679 5.155756497015986e-7
7680 5.155756497015986e-7
7681 5.155756497015986e-7
7682 5.155756497015986e-7
7683 5.155756497015986e-7
7684 5.155756497015986e-7
7685 5.155756497015986e-7
7686 5.155756497015986e-7
7687 5.155756497015986e-7
7688 5.155756497015986e-7
7689 5.155756497015986e-7
7690 5.155756497015986e-7
7691 5.155756497015986e-7
7692 5.155756497015986e-7
7693 5.155756497015986e-7
7694 5.155756497015986e-7
7695 5.155756497015986e-7
7696 5.155756497015986e-7
7697 5.157038230985803e-7
7698 5.157038230985803e-7
7699 5.157038230985803e-7
7700 5.157038230985803e-7
7701 5.158640395392165e-7
7702 5.158640395392165e-7
7703 5.158640395392165e-7
7704 5.158640395392165e-7
7705 5.158640395392165e-7
7706 5.158640395392165e-7
7707 5.158640395392165e-7
7708 5.158640395392165e-7
7709 5.158640395392165e-7
7710 5.16639492441402e-7
7711 5.16639492441402e-7
7712 5.16639492441402e-7
7713 5.170416391177938e-7
7714 5.16838162612442e-7
7715 5.16838162612442e-7
7716 5.172867725577875e-7
7717 5.172867725577875e-7
7718 5.172867725577875e-7
7719 5.176344445931302e-7
7720 5.176344445931302e-7
7721 5.18541276541263e-7
7722 5.18541276541263e-7
7723 5.204206308772749e-7
7724 5.204206308772749e-7
7725 5.204206308772749e-7
7726 5.195218103012376e-7
7727 5.195218103012376e-7
7728 5.203277049505494e-7
7729 5.203277049505494e-7
7730 5.209397363743149e-7
7731 5.209397363743149e-7
7732 5.209397363743149e-7
7733 5.209397363743149e-7
7734 5.220324207870803e-7
7735 5.220324207870803e-7
7736 5.220324207870803e-7
7737 5.221237460284595e-7
7738 5.221237460284595e-7
7739 5.227341761556968e-7
7740 5.227341761556968e-7
7741 5.227341761556968e-7
7742 5.227341761556968e-7
7743 5.23234054481944e-7
7744 5.23234054481944e-7
7745 5.23234054481944e-7
7746 5.221990479144657e-7
7747 5.221990479144657e-7
7748 5.221990479144657e-7
7749 5.221990479144657e-7
7750 5.224489864664074e-7
7751 5.224489864664074e-7
7752 5.224489864664074e-7
7753 5.224489864664074e-7
7754 5.232741076753301e-7
7755 5.232388595938918e-7
7756 5.232388595938918e-7
7757 5.232388595938918e-7
7758 5.232388595938918e-7
7759 5.232388595938918e-7
7760 5.241232611669936e-7
7761 5.241232611669936e-7
7762 5.241232611669936e-7
7763 5.241232611669936e-7
7764 5.241232611669936e-7
7765 5.241232611669936e-7
7766 5.241232611669936e-7
7767 5.241232611669936e-7
7768 5.241232611669936e-7
7769 5.241232611669936e-7
7770 5.241232611669936e-7
7771 5.241232611669936e-7
7772 5.241232611669936e-7
7773 5.241232611669936e-7
7774 5.246968406939009e-7
7775 5.246968406939009e-7
7776 5.246968406939009e-7
7777 5.254674878729564e-7
7778 5.254001967478637e-7
7779 5.254001967478637e-7
7780 5.2511661079983e-7
7781 5.2511661079983e-7
7782 5.2511661079983e-7
7783 5.2511661079983e-7
7784 5.2511661079983e-7
7785 5.2511661079983e-7
7786 5.2511661079983e-7
7787 5.2511661079983e-7
7788 5.2511661079983e-7
7789 5.2511661079983e-7
7790 5.264159749221853e-7
7791 5.264159749221853e-7
7792 5.264159749221853e-7
7793 5.264159749221853e-7
7794 5.264159749221853e-7
7795 5.267476248245189e-7
7796 5.261884655229107e-7
7797 5.261884655229107e-7
7798 5.261884655229107e-7
7799 5.264111679766916e-7
7800 5.264111679766916e-7
7801 5.264111679766916e-7
7802 5.264111679766916e-7
7803 5.26520116647608e-7
7804 5.26520116647608e-7
7805 5.26520116647608e-7
7806 5.26520116647608e-7
7807 5.26520116647608e-7
7808 5.26520116647608e-7
7809 5.26520116647608e-7
7810 5.26520116647608e-7
7811 5.26520116647608e-7
7812 5.26520116647608e-7
7813 5.26520116647608e-7
7814 5.26520116647608e-7
7815 5.26520116647608e-7
7816 5.26520116647608e-7
7817 5.26520116647608e-7
7818 5.271129215117626e-7
7819 5.271129215117626e-7
7820 5.274942403320154e-7
7821 5.280005275114663e-7
7822 5.280005275114663e-7
7823 5.280005275114663e-7
7824 5.286413993858301e-7
7825 5.286413993858301e-7
7826 5.286413993858301e-7
7827 5.298109888146756e-7
7828 5.30141038031663e-7
7829 5.30141038031663e-7
7830 5.306136808709313e-7
7831 5.306136808709313e-7
7832 5.306136808709313e-7
7833 5.306136808709313e-7
7834 5.312994128841749e-7
7835 5.312994128841749e-7
7836 5.312994128841749e-7
7837 5.312994128841749e-7
7838 5.312994128841749e-7
7839 5.312994128841749e-7
7840 5.312994128841749e-7
7841 5.323007732779249e-7
7842 5.323007732779249e-7
7843 5.323007732779249e-7
7844 5.330105369627275e-7
7845 5.343579668729283e-7
7846 5.343579668729283e-7
7847 5.345438199487429e-7
7848 5.345438199487429e-7
7849 5.345438199487429e-7
7850 5.345438199487429e-7
7851 5.345438199487429e-7
7852 5.350965703971474e-7
7853 5.359104764185547e-7
7854 5.359104764185547e-7
7855 5.363991401684683e-7
7856 5.363991401684683e-7
7857 5.367099628258447e-7
7858 5.367099628258447e-7
7859 5.367099628258447e-7
7860 5.367099628258447e-7
7861 5.378747446980147e-7
7862 5.37445361923462e-7
7863 5.37445361923462e-7
7864 5.37445361923462e-7
7865 5.37445361923462e-7
7866 5.37445361923462e-7
7867 5.37445361923462e-7
7868 5.37445361923462e-7
7869 5.37445361923462e-7
7870 5.37445361923462e-7
7871 5.37445361923462e-7
7872 5.37445361923462e-7
7873 5.37445361923462e-7
7874 5.37445361923462e-7
7875 5.37445361923462e-7
7876 5.37445361923462e-7
7877 5.37445361923462e-7
7878 5.37445361923462e-7
7879 5.37445361923462e-7
7880 5.37445361923462e-7
7881 5.37445361923462e-7
7882 5.37445361923462e-7
7883 5.37445361923462e-7
7884 5.377577858773665e-7
7885 5.377577858773665e-7
7886 5.377577858773665e-7
7887 5.377577858773665e-7
7888 5.377577858773665e-7
7889 5.377577858773665e-7
7890 5.377577858773665e-7
7891 5.382961173228356e-7
7892 5.382961173228356e-7
7893 5.382961173228356e-7
7894 5.382961173228356e-7
7895 5.382961173228356e-7
7896 5.382961173228356e-7
7897 5.382961173228356e-7
7898 5.382961173228356e-7
7899 5.382961173228356e-7
7900 5.382961173228356e-7
7901 5.382961173228356e-7
7902 5.382961173228356e-7
7903 5.382961173228356e-7
7904 5.382961173228356e-7
7905 5.382961173228356e-7
7906 5.382961173228356e-7
7907 5.382961173228356e-7
7908 5.382961173228356e-7
7909 5.382961173228356e-7
7910 5.382961173228356e-7
7911 5.382961173228356e-7
7912 5.382961173228356e-7
7913 5.382961173228356e-7
7914 5.382961173228356e-7
7915 5.392365954446966e-7
7916 5.392365954446966e-7
7917 5.392365954446966e-7
7918 5.402043102759002e-7
7919 5.402043102759002e-7
7920 5.402043102759002e-7
7921 5.402043102759002e-7
7922 5.402043102759002e-7
7923 5.402043102759002e-7
7924 5.402043102759002e-7
7925 5.402043102759002e-7
7926 5.406032506921446e-7
7927 5.406032506921446e-7
7928 5.406032506921446e-7
7929 5.410710859747373e-7
7930 5.410710859747373e-7
7931 5.410710859747373e-7
7932 5.410710859747373e-7
7933 5.410710859747373e-7
7934 5.423336007191263e-7
7935 5.423336007191263e-7
7936 5.423336007191263e-7
7937 5.429712663333426e-7
7938 5.429712663333426e-7
7939 5.429712663333426e-7
7940 5.429712663333426e-7
7941 5.429712663333426e-7
7942 5.429712663333426e-7
7943 5.429712663333426e-7
7944 5.435608673820772e-7
7945 5.435608673820772e-7
7946 5.435608673820772e-7
7947 5.435608673820772e-7
7948 5.435608673820772e-7
7949 5.435608673820772e-7
7950 5.435608673820772e-7
7951 5.435608673820772e-7
7952 5.435608673820772e-7
7953 5.435608673820772e-7
7954 5.435608673820772e-7
7955 5.435608673820772e-7
7956 5.435608673820772e-7
7957 5.435608673820772e-7
7958 5.435608673820772e-7
7959 5.435608673820772e-7
7960 5.442562126751263e-7
7961 5.442562126751263e-7
7962 5.442562126751263e-7
7963 5.442562126751263e-7
7964 5.442562126751263e-7
7965 5.442562126751263e-7
7966 5.442562126751263e-7
7967 5.442562126751263e-7
7968 5.442562126751263e-7
7969 5.442562126751263e-7
7970 5.449131048489536e-7
7971 5.449131048489536e-7
7972 5.449131048489536e-7
7973 5.449131048489536e-7
7974 5.449131048489536e-7
7975 5.449131048489536e-7
7976 5.455988374733791e-7
7977 5.455988374733791e-7
7978 5.455988374733791e-7
7979 5.455988374733791e-7
7980 5.4638069983995e-7
7981 5.4638069983995e-7
7982 5.4638069983995e-7
7983 5.4638069983995e-7
7984 5.4638069983995e-7
7985 5.4638069983995e-7
7986 5.4638069983995e-7
7987 5.4638069983995e-7
7988 5.4638069983995e-7
7989 5.476416120654472e-7
7990 5.476416120654472e-7
7991 5.476416120654472e-7
7992 5.476416120654472e-7
7993 5.476416120654472e-7
7994 5.476416120654472e-7
7995 5.476416120654472e-7
7996 5.482552453969226e-7
7997 5.491220235404872e-7
7998 5.491220235404872e-7
7999 5.491220235404872e-7
8000 5.491220235404872e-7
8001 5.491220235404872e-7
8002 5.491220235404872e-7
8003 5.491220235404872e-7
8004 5.491220235404872e-7
8005 5.491220235404872e-7
8006 5.491220235404872e-7
8007 5.491220235404872e-7
8008 5.491220235404872e-7
8009 5.491220235404872e-7
8010 5.491220235404872e-7
8011 5.491220235404872e-7
8012 5.491220235404872e-7
8013 5.491220235404872e-7
8014 5.495994714917035e-7
8015 5.495994714917035e-7
8016 5.495994714917035e-7
8017 5.495994714917035e-7
8018 5.495994714917035e-7
8019 5.491909159621079e-7
8020 5.491909159621079e-7
8021 5.491909159621079e-7
8022 5.491909159621079e-7
8023 5.491909159621079e-7
8024 5.491909159621079e-7
8025 5.491909159621079e-7
8026 5.491909159621079e-7
8027 5.491909159621079e-7
8028 5.491909159621079e-7
8029 5.491909159621079e-7
8030 5.491909159621079e-7
8031 5.491909159621079e-7
8032 5.491909159621079e-7
8033 5.491909159621079e-7
8034 5.491909159621079e-7
8035 5.491909159621079e-7
8036 5.491909159621079e-7
8037 5.491909159621079e-7
8038 5.491909159621079e-7
8039 5.491909159621079e-7
8040 5.491909159621079e-7
8041 5.491909159621079e-7
8042 5.491909159621079e-7
8043 5.491909159621079e-7
8044 5.49431242456608e-7
8045 5.49431242456608e-7
8046 5.495642221879015e-7
8047 5.495642221879015e-7
8048 5.495642221879015e-7
8049 5.495642221879015e-7
8050 5.495642221879015e-7
8051 5.495642221879015e-7
8052 5.495642221879015e-7
8053 5.495642221879015e-7
8054 5.495642221879015e-7
8055 5.495642221879015e-7
8056 5.495642221879015e-7
8057 5.495642221879015e-7
8058 5.495642221879015e-7
8059 5.495642221879015e-7
8060 5.505159142749142e-7
8061 5.505159142749142e-7
8062 5.505159142749142e-7
8063 5.505159142749142e-7
8064 5.505159142749142e-7
8065 5.505159142749142e-7
8066 5.505159142749142e-7
8067 5.505159142749142e-7
8068 5.505159142749142e-7
8069 5.505159142749142e-7
8070 5.505159142749142e-7
8071 5.505159142749142e-7
8072 5.505159142749142e-7
8073 5.505159142749142e-7
8074 5.505159142749142e-7
8075 5.505159142749142e-7
8076 5.505159142749142e-7
8077 5.505159142749142e-7
8078 5.508635863102569e-7
8079 5.516935138534914e-7
8080 5.516935138534914e-7
8081 5.516935138534914e-7
8082 5.528807261006923e-7
8083 5.527894020816769e-7
8084 5.527894020816769e-7
8085 5.527894020816769e-7
8086 5.527894020816769e-7
8087 5.534366809756987e-7
8088 5.557598370891986e-7
8089 5.557598370891986e-7
8090 5.557598370891986e-7
8091 5.557598370891986e-7
8092 5.566041842465505e-7
8093 5.566041842465505e-7
8094 5.566041842465505e-7
8095 5.566041842465505e-7
8096 5.566041842465505e-7
8097 5.566041842465505e-7
8098 5.566041842465505e-7
8099 5.566041842465505e-7
8100 5.566041842465505e-7
8101 5.566041842465505e-7
8102 5.566041842465505e-7
8103 5.566041842465505e-7
8104 5.566041842465505e-7
8105 5.566041842465505e-7
8106 5.566041842465505e-7
8107 5.566041842465505e-7
8108 5.566041842465505e-7
8109 5.570319651133932e-7
8110 5.570319651133932e-7
8111 5.570319651133932e-7
8112 5.570319651133932e-7
8113 5.570319651133932e-7
8114 5.570319651133932e-7
8115 5.570319651133932e-7
8116 5.570319651133932e-7
8117 5.570319651133932e-7
8118 5.570319651133932e-7
8119 5.578042142001587e-7
8120 5.578042142001587e-7
8121 5.578042142001587e-7
8122 5.578042142001587e-7
8123 5.578042142001587e-7
8124 5.584819348413068e-7
8125 5.584819348413068e-7
8126 5.584819348413068e-7
8127 5.584819348413068e-7
8128 5.584819348413068e-7
8129 5.584819348413068e-7
8130 5.584819348413068e-7
8131 5.584819348413068e-7
8132 5.59021867583304e-7
8133 5.59021867583304e-7
8134 5.59021867583304e-7
8135 5.59021867583304e-7
8136 5.59021867583304e-7
8137 5.59021867583304e-7
8138 5.594127984609986e-7
8139 5.594127984609986e-7
8140 5.594127984609986e-7
8141 5.594127984609986e-7
8142 5.594127984609986e-7
8143 5.594127984609986e-7
8144 5.591468371648659e-7
8145 5.591468371648659e-7
8146 5.591468371648659e-7
8147 5.591468371648659e-7
8148 5.601241646646932e-7
8149 5.601241646646932e-7
8150 5.601241646646932e-7
8151 5.601241646646932e-7
8152 5.601241646646932e-7
8153 5.601241646646932e-7
8154 5.601241646646932e-7
8155 5.601241646646932e-7
8156 5.601241646646932e-7
8157 5.601241646646932e-7
8158 5.601241646646932e-7
8159 5.601241646646932e-7
8160 5.601241646646932e-7
8161 5.601241646646932e-7
8162 5.601241646646932e-7
8163 5.601241646646932e-7
8164 5.595089294255077e-7
8165 5.595089294255077e-7
8166 5.595089294255077e-7
8167 5.597124065420414e-7
8168 5.597124065420414e-7
8169 5.597124065420414e-7
8170 5.602859860689487e-7
8171 5.602859860689487e-7
8172 5.610774611041432e-7
8173 5.610774611041432e-7
8174 5.610774611041432e-7
8175 5.610774611041432e-7
8176 5.610774611041432e-7
8177 5.610774611041432e-7
8178 5.610774611041432e-7
8179 5.610774611041432e-7
8180 5.610774611041432e-7
8181 5.610774611041432e-7
8182 5.610774611041432e-7
8183 5.610774611041432e-7
8184 5.610774611041432e-7
8185 5.610774611041432e-7
8186 5.610774611041432e-7
8187 5.610774611041432e-7
8188 5.610774611041432e-7
8189 5.610774611041432e-7
8190 5.610774611041432e-7
8191 5.610774611041432e-7
8192 5.610774611041432e-7
8193 5.610774611041432e-7
8194 5.610774611041432e-7
8195 5.610774611041432e-7
8196 5.610774611041432e-7
8197 5.610774611041432e-7
8198 5.610774611041432e-7
8199 5.610774611041432e-7
8200 5.610774611041432e-7
8201 5.618160634059986e-7
8202 5.618160634059986e-7
8203 5.618160634059986e-7
8204 5.618160634059986e-7
8205 5.618160634059986e-7
8206 5.618160634059986e-7
8207 5.618160634059986e-7
8208 5.623383733296404e-7
8209 5.617135248106496e-7
8210 5.617135248106496e-7
8211 5.617135248106496e-7
8212 5.617135248106496e-7
8213 5.617135248106496e-7
8214 5.617135248106496e-7
8215 5.617135248106496e-7
8216 5.617135248106496e-7
8217 5.617135248106496e-7
8218 5.617135248106496e-7
8219 5.617135248106496e-7
8220 5.617135248106496e-7
8221 5.617135248106496e-7
8222 5.617135248106496e-7
8223 5.617135248106496e-7
8224 5.617135248106496e-7
8225 5.617135248106496e-7
8226 5.62285501818665e-7
8227 5.62285501818665e-7
8228 5.62285501818665e-7
8229 5.625114080878658e-7
8230 5.625114080878658e-7
8231 5.625114080878658e-7
8232 5.625114080878658e-7
8233 5.625114080878658e-7
8234 5.625114080878658e-7
8235 5.625114080878658e-7
8236 5.627533371012577e-7
8237 5.627533371012577e-7
8238 5.627533371012577e-7
8239 5.627533371012577e-7
8240 5.627533371012577e-7
8241 5.633525514297977e-7
8242 5.633525514297977e-7
8243 5.624200846800322e-7
8244 5.624200846800322e-7
8245 5.62963222459813e-7
8246 5.62963222459813e-7
8247 5.62963222459813e-7
8248 5.62963222459813e-7
8249 5.62963222459813e-7
8250 5.62963222459813e-7
8251 5.62963222459813e-7
8252 5.62963222459813e-7
8253 5.62963222459813e-7
8254 5.62963222459813e-7
8255 5.62963222459813e-7
8256 5.62963222459813e-7
8257 5.62963222459813e-7
8258 5.633333248701866e-7
8259 5.633333248701866e-7
8260 5.644003738701375e-7
8261 5.644003738701375e-7
8262 5.644003738701375e-7
8263 5.649355015001866e-7
8264 5.649355015001866e-7
8265 5.649355015001866e-7
8266 5.649355015001866e-7
8267 5.649355015001866e-7
8268 5.649355015001866e-7
8269 5.649355015001866e-7
8270 5.649355015001866e-7
8271 5.649355015001866e-7
8272 5.649355015001866e-7
8273 5.649355015001866e-7
8274 5.649355015001866e-7
8275 5.649355015001866e-7
8276 5.649355015001866e-7
8277 5.649355015001866e-7
8278 5.649355015001866e-7
8279 5.649355015001866e-7
8280 5.649355015001866e-7
8281 5.649355015001866e-7
8282 5.649355015001866e-7
8283 5.649355015001866e-7
8284 5.649355015001866e-7
8285 5.649355015001866e-7
8286 5.649355015001866e-7
8287 5.649355015001866e-7
8288 5.649355015001866e-7
8289 5.649355015001866e-7
8290 5.649355015001866e-7
8291 5.649355015001866e-7
8292 5.649355015001866e-7
8293 5.649355015001866e-7
8294 5.649355015001866e-7
8295 5.656789113587175e-7
8296 5.656789113587175e-7
8297 5.656789113587175e-7
8298 5.666658521383503e-7
8299 5.666658521383503e-7
8300 5.666658521383503e-7
8301 5.666658521383503e-7
8302 5.666658521383503e-7
8303 5.674573277847267e-7
8304 5.674573277847267e-7
8305 5.698702053983502e-7
8306 5.698702053983502e-7
8307 5.698702053983502e-7
8308 5.698702053983502e-7
8309 5.698702053983502e-7
8310 5.698702053983502e-7
8311 5.698702053983502e-7
8312 5.698702053983502e-7
8313 5.698702053983502e-7
8314 5.698702053983502e-7
8315 5.698702053983502e-7
8316 5.698702053983502e-7
8317 5.698702053983502e-7
8318 5.698702053983502e-7
8319 5.698702053983502e-7
8320 5.698702053983502e-7
8321 5.698702053983502e-7
8322 5.698702053983502e-7
8323 5.698702053983502e-7
8324 5.698702053983502e-7
8325 5.698702053983502e-7
8326 5.698702053983502e-7
8327 5.698702053983502e-7
8328 5.698702053983502e-7
8329 5.698702053983502e-7
8330 5.698702053983502e-7
8331 5.705303013875974e-7
8332 5.705303013875974e-7
8333 5.705303013875974e-7
8334 5.705303013875974e-7
8335 5.705303013875974e-7
8336 5.705303013875974e-7
8337 5.711102885453446e-7
8338 5.711102885453446e-7
8339 5.711102885453446e-7
8340 5.711102885453446e-7
8341 5.701698104234836e-7
8342 5.701698104234836e-7
8343 5.701698104234836e-7
8344 5.701698104234836e-7
8345 5.701698104234836e-7
8346 5.701698104234836e-7
8347 5.701698104234836e-7
8348 5.701698104234836e-7
8349 5.701698104234836e-7
8350 5.701698104234836e-7
8351 5.701698104234836e-7
8352 5.701698104234836e-7
8353 5.701698104234836e-7
8354 5.701698104234836e-7
8355 5.701698104234836e-7
8356 5.705943862525426e-7
8357 5.705943862525426e-7
8358 5.708763684593207e-7
8359 5.711855885978053e-7
8360 5.711855885978053e-7
8361 5.711855885978053e-7
8362 5.711855885978053e-7
8363 5.712160303449317e-7
8364 5.712160303449317e-7
8365 5.720139148445117e-7
8366 5.720139148445117e-7
8367 5.722205957764653e-7
8368 5.729784252491135e-7
8369 5.729784252491135e-7
8370 5.729784252491135e-7
8371 5.74570988599308e-7
8372 5.74570988599308e-7
8373 5.74570988599308e-7
8374 5.74570988599308e-7
8375 5.74570988599308e-7
8376 5.74570988599308e-7
8377 5.74570988599308e-7
8378 5.74570988599308e-7
8379 5.74570988599308e-7
8380 5.74570988599308e-7
8381 5.74570988599308e-7
8382 5.74570988599308e-7
8383 5.75091696004058e-7
8384 5.75091696004058e-7
8385 5.756861033871044e-7
8386 5.756861033871044e-7
8387 5.76389460052249e-7
8388 5.768637041880453e-7
8389 5.768637041880453e-7
8390 5.768637041880453e-7
8391 5.776583842610236e-7
8392 5.776583842610236e-7
8393 5.776583842610236e-7
8394 5.776583842610236e-7
8395 5.776583842610236e-7
8396 5.776583842610236e-7
8397 5.776215342718754e-7
8398 5.776215342718754e-7
8399 5.776215342718754e-7
8400 5.776215342718754e-7
8401 5.776215342718754e-7
8402 5.776215342718754e-7
8403 5.769213832556964e-7
8404 5.769213832556964e-7
8405 5.775398223103017e-7
8406 5.775398223103017e-7
8407 5.775398223103017e-7
8408 5.778955057177399e-7
8409 5.778955057177399e-7
8410 5.778955057177399e-7
8411 5.778955057177399e-7
8412 5.797844715000117e-7
8413 5.797844715000117e-7
8414 5.797844715000117e-7
8415 5.797844715000117e-7
8416 5.797844715000117e-7
8417 5.797844715000117e-7
8418 5.797844715000117e-7
8419 5.797844715000117e-7
8420 5.797844715000117e-7
8421 5.797844715000117e-7
8422 5.797844715000117e-7
8423 5.797844715000117e-7
8424 5.797844715000117e-7
8425 5.797844715000117e-7
8426 5.797844715000117e-7
8427 5.797844715000117e-7
8428 5.797844715000117e-7
8429 5.799559043505272e-7
8430 5.799559043505272e-7
8431 5.799559043505272e-7
8432 5.804285465786136e-7
8433 5.804285465786136e-7
8434 5.804285465786136e-7
8435 5.804285465786136e-7
8436 5.804285465786136e-7
8437 5.804285465786136e-7
8438 5.816734385046473e-7
8439 5.816734385046473e-7
8440 5.816734385046473e-7
8441 5.816734385046473e-7
8442 5.821188434122091e-7
8443 5.821188434122091e-7
8444 5.821188434122091e-7
8445 5.821188434122091e-7
8446 5.821188434122091e-7
8447 5.828398222845271e-7
8448 5.828398222845271e-7
8449 5.828398222845271e-7
8450 5.828398222845271e-7
8451 5.828398222845271e-7
8452 5.828398222845271e-7
8453 5.828398222845271e-7
8454 5.828398222845271e-7
8455 5.828398222845271e-7
8456 5.828398222845271e-7
8457 5.828398222845271e-7
8458 5.828398222845271e-7
8459 5.828398222845271e-7
8460 5.828398222845271e-7
8461 5.831121930450454e-7
8462 5.831121930450454e-7
8463 5.831121930450454e-7
8464 5.831121930450454e-7
8465 5.831121930450454e-7
8466 5.831121930450454e-7
8467 5.831121930450454e-7
8468 5.832259474390917e-7
8469 5.832259474390917e-7
8470 5.832259474390917e-7
8471 5.835928460340453e-7
8472 5.835928460340453e-7
8473 5.835928460340453e-7
8474 5.835928460340453e-7
8475 5.842737723241591e-7
8476 5.842737723241591e-7
8477 5.842737723241591e-7
8478 5.842737723241591e-7
8479 5.842737723241591e-7
8480 5.842737723241591e-7
8481 5.842737723241591e-7
8482 5.844083545743444e-7
8483 5.844083545743444e-7
8484 5.844083545743444e-7
8485 5.844083545743444e-7
8486 5.860650046230299e-7
8487 5.860650046230299e-7
8488 5.860650046230299e-7
8489 5.860650046230299e-7
8490 5.860650046230299e-7
8491 5.860650046230299e-7
8492 5.860650046230299e-7
8493 5.860650046230299e-7
8494 5.860650046230299e-7
8495 5.860650046230299e-7
8496 5.860650046230299e-7
8497 5.860650046230299e-7
8498 5.860650046230299e-7
8499 5.860650046230299e-7
8500 5.860650046230299e-7
8501 5.860650046230299e-7
8502 5.860650046230299e-7
8503 5.860650046230299e-7
8504 5.860650046230299e-7
8505 5.860650046230299e-7
8506 5.860650046230299e-7
8507 5.860650046230299e-7
8508 5.860650046230299e-7
8509 5.860650046230299e-7
8510 5.860650046230299e-7
8511 5.860650046230299e-7
8512 5.860650046230299e-7
8513 5.860650046230299e-7
8514 5.860650046230299e-7
8515 5.860650046230299e-7
8516 5.860650046230299e-7
8517 5.860650046230299e-7
8518 5.860650046230299e-7
8519 5.860650046230299e-7
8520 5.860650046230299e-7
8521 5.860650046230299e-7
8522 5.860650046230299e-7
8523 5.860650046230299e-7
8524 5.871624953701071e-7
8525 5.871624953701071e-7
8526 5.871624953701071e-7
8527 5.871624953701071e-7
8528 5.871624953701071e-7
8529 5.871624953701071e-7
8530 5.871624953701071e-7
8531 5.871624953701071e-7
8532 5.878786685192953e-7
8533 5.878786685192953e-7
8534 5.878786685192953e-7
8535 5.878786685192953e-7
8536 5.878786685192953e-7
8537 5.878786685192953e-7
8538 5.878786685192953e-7
8539 5.878786685192953e-7
8540 5.878786685192953e-7
8541 5.878786685192953e-7
8542 5.878786685192953e-7
8543 5.878786685192953e-7
8544 5.878786685192953e-7
8545 5.878786685192953e-7
8546 5.878786685192953e-7
8547 5.88205512698499e-7
8548 5.88205512698499e-7
8549 5.88205512698499e-7
8550 5.893895211302798e-7
8551 5.893895211302798e-7
8552 5.893895211302798e-7
8553 5.893895211302798e-7
8554 5.893895211302798e-7
8555 5.893895211302798e-7
8556 5.893895211302798e-7
8557 5.893895211302798e-7
8558 5.893895211302798e-7
8559 5.893895211302798e-7
8560 5.893895211302798e-7
8561 5.893895211302798e-7
8562 5.893895211302798e-7
8563 5.893895211302798e-7
8564 5.893895211302798e-7
8565 5.893895211302798e-7
8566 5.893895211302798e-7
8567 5.893895211302798e-7
8568 5.893895211302798e-7
8569 5.893895211302798e-7
8570 5.893895211302798e-7
8571 5.893895211302798e-7
8572 5.893895211302798e-7
8573 5.893895211302798e-7
8574 5.893895211302798e-7
8575 5.893895211302798e-7
8576 5.893895211302798e-7
8577 5.893895211302798e-7
8578 5.89685923562357e-7
8579 5.89685923562357e-7
8580 5.89685923562357e-7
8581 5.89685923562357e-7
8582 5.89685923562357e-7
8583 5.89685923562357e-7
8584 5.89685923562357e-7
8585 5.89685923562357e-7
8586 5.89685923562357e-7
8587 5.89685923562357e-7
8588 5.897868602499961e-7
8589 5.897868602499961e-7
8590 5.897868602499961e-7
8591 5.897868602499961e-7
8592 5.897868602499961e-7
8593 5.902274600456098e-7
8594 5.902274600456098e-7
8595 5.910958394857025e-7
8596 5.910958394857025e-7
8597 5.910958394857025e-7
8598 5.910958394857025e-7
8599 5.918953252818107e-7
8600 5.918953252818107e-7
8601 5.918953252818107e-7
8602 5.918953252818107e-7
8603 5.908410927659034e-7
8604 5.908410927659034e-7
8605 5.908410927659034e-7
8606 5.908410927659034e-7
8607 5.908410927659034e-7
8608 5.908410927659034e-7
8609 5.908410927659034e-7
8610 5.908410927659034e-7
8611 5.908410927659034e-7
8612 5.908410927659034e-7
8613 5.908410927659034e-7
8614 5.908410927659034e-7
8615 5.908410927659034e-7
8616 5.908410927659034e-7
8617 5.908410927659034e-7
8618 5.908410927659034e-7
8619 5.908410927659034e-7
8620 5.908410927659034e-7
8621 5.908410927659034e-7
8622 5.908410927659034e-7
8623 5.908410927659034e-7
8624 5.908410927659034e-7
8625 5.904453549427151e-7
8626 5.904453549427151e-7
8627 5.91188764801246e-7
8628 5.91188764801246e-7
8629 5.91188764801246e-7
8630 5.91188764801246e-7
8631 5.91188764801246e-7
8632 5.914707482303878e-7
8633 5.914707482303878e-7
8634 5.914707482303878e-7
8635 5.914707482303878e-7
8636 5.914707482303878e-7
8637 5.914707482303878e-7
8638 5.914707482303878e-7
8639 5.914707482303878e-7
8640 5.914707482303878e-7
8641 5.915748899558106e-7
8642 5.915748899558106e-7
8643 5.915748899558106e-7
8644 5.915748899558106e-7
8645 5.915748899558106e-7
8646 5.925233782274033e-7
8647 5.925233782274033e-7
8648 5.925233782274033e-7
8649 5.93412585523635e-7
8650 5.927380693090887e-7
8651 5.927380693090887e-7
8652 5.927380693090887e-7
8653 5.927380693090887e-7
8654 5.927380693090887e-7
8655 5.927380693090887e-7
8656 5.927380693090887e-7
8657 5.927380693090887e-7
8658 5.927380693090887e-7
8659 5.927380693090887e-7
8660 5.927380693090887e-7
8661 5.927380693090887e-7
8662 5.927380693090887e-7
8663 5.927380693090887e-7
8664 5.927380693090887e-7
8665 5.927380693090887e-7
8666 5.927380693090887e-7
8667 5.927380693090887e-7
8668 5.927380693090887e-7
8669 5.927380693090887e-7
8670 5.927380693090887e-7
8671 5.927380693090887e-7
8672 5.927380693090887e-7
8673 5.927380693090887e-7
8674 5.927380693090887e-7
8675 5.927380693090887e-7
8676 5.927380693090887e-7
8677 5.927380693090887e-7
8678 5.927380693090887e-7
8679 5.927380693090887e-7
8680 5.927380693090887e-7
8681 5.927380693090887e-7
8682 5.927380693090887e-7
8683 5.927380693090887e-7
8684 5.927380693090887e-7
8685 5.927380693090887e-7
8686 5.927380693090887e-7
8687 5.927380693090887e-7
8688 5.927380693090887e-7
8689 5.927380693090887e-7
8690 5.927380693090887e-7
8691 5.933500995104904e-7
8692 5.933500995104904e-7
8693 5.933500995104904e-7
8694 5.940518530455613e-7
8695 5.940518530455613e-7
8696 5.940518530455613e-7
8697 5.940518530455613e-7
8698 5.940518530455613e-7
8699 5.940518530455613e-7
8700 5.940518530455613e-7
8701 5.940518530455613e-7
8702 5.940518530455613e-7
8703 5.940518530455613e-7
8704 5.940518530455613e-7
8705 5.940518530455613e-7
8706 5.945421187031848e-7
8707 5.945421187031848e-7
8708 5.955707158062776e-7
8709 5.955707158062776e-7
8710 5.955707158062776e-7
8711 5.955707158062776e-7
8712 5.955707158062776e-7
8713 5.966009154282622e-7
8714 5.966009154282622e-7
8715 5.966009154282622e-7
8716 5.978105586616758e-7
8717 5.978105586616758e-7
8718 5.978105586616758e-7
8719 5.978105586616758e-7
8720 5.978105586616758e-7
8721 5.978105586616758e-7
8722 5.978105586616758e-7
8723 5.978105586616758e-7
8724 5.978105586616758e-7
8725 5.978105586616758e-7
8726 5.978105586616758e-7
8727 5.978105586616758e-7
8728 5.978105586616758e-7
8729 5.978105586616758e-7
8730 5.978105586616758e-7
8731 5.978105586616758e-7
8732 5.978105586616758e-7
8733 5.978105586616758e-7
8734 5.978105586616758e-7
8735 5.978105586616758e-7
8736 5.990826860746884e-7
8737 6.013401535819876e-7
8738 6.013401535819876e-7
8739 6.005823241093394e-7
8740 6.005823241093394e-7
8741 5.99710739631463e-7
8742 5.99710739631463e-7
8743 5.99710739631463e-7
8744 5.99710739631463e-7
8745 5.99710739631463e-7
8746 5.99710739631463e-7
8747 5.99710739631463e-7
8748 5.99710739631463e-7
8749 5.99710739631463e-7
8750 5.99710739631463e-7
8751 5.99710739631463e-7
8752 5.99710739631463e-7
8753 5.99710739631463e-7
8754 5.99710739631463e-7
8755 5.99710739631463e-7
8756 5.99710739631463e-7
8757 5.99710739631463e-7
8758 5.99710739631463e-7
8759 5.99710739631463e-7
8760 5.99710739631463e-7
8761 5.99710739631463e-7
8762 5.99710739631463e-7
8763 5.99710739631463e-7
8764 5.99710739631463e-7
8765 6.003644267675065e-7
8766 6.003644267675065e-7
8767 6.003644267675065e-7
8768 6.003644267675065e-7
8769 6.008418747187228e-7
8770 6.008418747187228e-7
8771 5.994335613142691e-7
8772 5.994335613142691e-7
8773 5.994335613142691e-7
8774 5.994335613142691e-7
8775 5.994335613142691e-7
8776 5.994335613142691e-7
8777 5.994335613142691e-7
8778 5.994335613142691e-7
8779 5.994335613142691e-7
8780 5.994335613142691e-7
8781 5.994335613142691e-7
8782 5.994335613142691e-7
8783 5.994335613142691e-7
8784 5.994335613142691e-7
8785 5.994335613142691e-7
8786 5.994335613142691e-7
8787 5.994335613142691e-7
8788 5.994335613142691e-7
8789 5.999590762756947e-7
8790 5.999590762756947e-7
8791 6.003387925770556e-7
8792 6.003387925770556e-7
8793 6.003387925770556e-7
8794 6.003387925770556e-7
8795 6.003387925770556e-7
8796 6.003387925770556e-7
8797 6.003387925770556e-7
8798 6.003387925770556e-7
8799 6.003387925770556e-7
8800 6.003387925770556e-7
8801 6.003387925770556e-7
8802 6.003387925770556e-7
8803 6.003387925770556e-7
8804 6.012360118565648e-7
8805 6.012360118565648e-7
8806 6.012360118565648e-7
8807 6.00888339821222e-7
8808 6.012424207097684e-7
8809 6.012424207097684e-7
8810 6.012424207097684e-7
8811 6.012424207097684e-7
8812 6.035495546902592e-7
8813 6.050267611275155e-7
8814 6.050267611275155e-7
8815 6.059367987246139e-7
8816 6.059367987246139e-7
8817 6.059367987246139e-7
8818 6.059367987246139e-7
8819 6.059367987246139e-7
8820 6.059367987246139e-7
8821 6.059367987246139e-7
8822 6.059367987246139e-7
8823 6.059367987246139e-7
8824 6.064975605451139e-7
8825 6.064975605451139e-7
8826 6.064975605451139e-7
8827 6.064975605451139e-7
8828 6.064975605451139e-7
8829 6.068788781430029e-7
8830 6.068788781430029e-7
8831 6.068788781430029e-7
8832 6.068788781430029e-7
8833 6.075165437572192e-7
8834 6.075165437572192e-7
8835 6.075165437572192e-7
8836 6.075165437572192e-7
8837 6.075165437572192e-7
8838 6.075165437572192e-7
8839 6.075165437572192e-7
8840 6.075165437572192e-7
8841 6.088383406993329e-7
8842 6.088383406993329e-7
8843 6.088383406993329e-7
8844 6.088383406993329e-7
8845 6.088383406993329e-7
8846 6.088383406993329e-7
8847 6.088383406993329e-7
8848 6.096826884678666e-7
8849 6.096826884678666e-7
8850 6.10254666087064e-7
8851 6.10254666087064e-7
8852 6.10254666087064e-7
8853 6.105478647037212e-7
8854 6.105478647037212e-7
8855 6.105478647037212e-7
8856 6.115860756978013e-7
8857 6.115860756978013e-7
8858 6.115860756978013e-7
8859 6.115860756978013e-7
8860 6.115860756978013e-7
8861 6.115860756978013e-7
8862 6.115860756978013e-7
8863 6.130232283304895e-7
8864 6.130232283304895e-7
8865 6.136801205043167e-7
8866 6.136801205043167e-7
8867 6.136801205043167e-7
8868 6.136801205043167e-7
8869 6.136801205043167e-7
8870 6.136801205043167e-7
8871 6.152534572949002e-7
8872 6.152534572949002e-7
8873 6.152534572949002e-7
8874 6.160497392755884e-7
8875 6.160497392755884e-7
8876 6.160497392755884e-7
8877 6.160497392755884e-7
8878 6.160497392755884e-7
8879 6.167306643433385e-7
8880 6.167306643433385e-7
8881 6.178954462155084e-7
8882 6.178954462155084e-7
8883 6.178954462155084e-7
8884 6.178954462155084e-7
8885 6.178954462155084e-7
8886 6.178954462155084e-7
8887 6.178954462155084e-7
8888 6.178954462155084e-7
8889 6.178954462155084e-7
8890 6.178954462155084e-7
8891 6.178954462155084e-7
8892 6.178954462155084e-7
8893 6.178954462155084e-7
8894 6.178954462155084e-7
8895 6.178954462155084e-7
8896 6.178954462155084e-7
8897 6.178954462155084e-7
8898 6.178954462155084e-7
8899 6.178954462155084e-7
8900 6.178954462155084e-7
8901 6.178954462155084e-7
8902 6.190922711313328e-7
8903 6.190922711313328e-7
8904 6.190922711313328e-7
8905 6.198645202180983e-7
8906 6.198645202180983e-7
8907 6.198645202180983e-7
8908 6.198645202180983e-7
8909 6.198645202180983e-7
8910 6.198645202180983e-7
8911 6.198645202180983e-7
8912 6.198645202180983e-7
8913 6.198645202180983e-7
8914 6.198645202180983e-7
8915 6.198645202180983e-7
8916 6.198645202180983e-7
8917 6.198645202180983e-7
8918 6.198645202180983e-7
8919 6.198645202180983e-7
8920 6.198645202180983e-7
8921 6.198645202180983e-7
8922 6.198645202180983e-7
8923 6.204573250822529e-7
8924 6.204573250822529e-7
8925 6.204573250822529e-7
8926 6.204573250822529e-7
8927 6.204573250822529e-7
8928 6.204573250822529e-7
8929 6.204573250822529e-7
8930 6.209732261526911e-7
8931 6.209732261526911e-7
8932 6.227724710460212e-7
8933 6.227724710460212e-7
8934 6.22918268483722e-7
8935 6.22918268483722e-7
8936 6.242785161003301e-7
8937 6.242785161003301e-7
8938 6.242785161003301e-7
8939 6.242785161003301e-7
8940 6.242785161003301e-7
8941 6.242785161003301e-7
8942 6.242785161003301e-7
8943 6.242785161003301e-7
8944 6.242785161003301e-7
8945 6.242785161003301e-7
8946 6.242785161003301e-7
8947 6.244996160352191e-7
8948 6.244996160352191e-7
8949 6.244996160352191e-7
8950 6.244996160352191e-7
8951 6.244996160352191e-7
8952 6.244996160352191e-7
8953 6.249706563555955e-7
8954 6.249706563555955e-7
8955 6.249706563555955e-7
8956 6.249706563555955e-7
8957 6.249706563555955e-7
8958 6.249706563555955e-7
8959 6.249706563555955e-7
8960 6.249706563555955e-7
8961 6.249706563555955e-7
8962 6.2567721683616e-7
8963 6.2567721683616e-7
8964 6.2567721683616e-7
8965 6.266513399093854e-7
8966 6.266513399093854e-7
8967 6.266513399093854e-7
8968 6.266513399093854e-7
8969 6.266513399093854e-7
8970 6.266513399093854e-7
8971 6.266513399093854e-7
8972 6.266513399093854e-7
8973 6.266513399093854e-7
8974 6.266513399093854e-7
8975 6.266513399093854e-7
8976 6.266513399093854e-7
8977 6.266513399093854e-7
8978 6.266513399093854e-7
8979 6.266513399093854e-7
8980 6.266513399093854e-7
8981 6.266513399093854e-7
8982 6.266513399093854e-7
8983 6.266513399093854e-7
8984 6.266513399093854e-7
8985 6.266513399093854e-7
8986 6.266513399093854e-7
8987 6.266513399093854e-7
8988 6.266513399093854e-7
8989 6.266513399093854e-7
8990 6.266513399093854e-7
8991 6.266513399093854e-7
8992 6.266513399093854e-7
8993 6.266513399093854e-7
8994 6.266513399093854e-7
8995 6.266513399093854e-7
8996 6.266513399093854e-7
8997 6.266513399093854e-7
8998 6.266513399093854e-7
8999 6.266513399093854e-7
9000 6.266513399093854e-7
9001 6.266513399093854e-7
9002 6.266513399093854e-7
9003 6.266513399093854e-7
9004 6.266513399093854e-7
9005 6.266513399093854e-7
9006 6.266513399093854e-7
9007 6.273595029088419e-7
9008 6.273595029088419e-7
9009 6.273595029088419e-7
9010 6.281573874084219e-7
9011 6.281573874084219e-7
9012 6.281573874084219e-7
9013 6.281573874084219e-7
9014 6.30278669535462e-7
9015 6.306776111740701e-7
9016 6.306776111740701e-7
9017 6.306776111740701e-7
9018 6.334862272220637e-7
9019 6.334862272220637e-7
9020 6.334862272220637e-7
9021 6.334862272220637e-7
9022 6.334862272220637e-7
9023 6.334862272220637e-7
9024 6.334862272220637e-7
9025 6.334862272220637e-7
9026 6.351188443768264e-7
9027 6.351188443768264e-7
9028 6.351188443768264e-7
9029 6.351188443768264e-7
9030 6.363781553057954e-7
9031 6.363781553057954e-7
9032 6.363781553057954e-7
9033 6.363781553057954e-7
9034 6.363781553057954e-7
9035 6.363781553057954e-7
9036 6.372160942211255e-7
9037 6.372160942211255e-7
9038 6.372160942211255e-7
9039 6.372160942211255e-7
9040 6.372160942211255e-7
9041 6.372160942211255e-7
9042 6.376102301366037e-7
9043 6.373026112946473e-7
9044 6.373026112946473e-7
9045 6.380588388595855e-7
9046 6.380588388595855e-7
9047 6.380588388595855e-7
9048 6.380588388595855e-7
9049 6.380588388595855e-7
9050 6.382046362972863e-7
9051 6.378056946586782e-7
9052 6.378056946586782e-7
9053 6.378056946586782e-7
9054 6.378056946586782e-7
9055 6.378056946586782e-7
9056 6.378056946586782e-7
9057 6.378056946586782e-7
9058 6.378056946586782e-7
9059 6.378056946586782e-7
9060 6.378056946586782e-7
9061 6.378056946586782e-7
9062 6.378056946586782e-7
9063 6.378056946586782e-7
9064 6.378056946586782e-7
9065 6.378056946586782e-7
9066 6.378056946586782e-7
9067 6.378056946586782e-7
9068 6.378056946586782e-7
9069 6.378056946586782e-7
9070 6.378056946586782e-7
9071 6.378056946586782e-7
9072 6.378056946586782e-7
9073 6.378056946586782e-7
9074 6.378056946586782e-7
9075 6.378056946586782e-7
9076 6.378056946586782e-7
9077 6.378056946586782e-7
9078 6.379130401995209e-7
9079 6.379130401995209e-7
9080 6.379130401995209e-7
9081 6.379130401995209e-7
9082 6.386740740987709e-7
9083 6.386740740987709e-7
9084 6.386740740987709e-7
9085 6.392812991882246e-7
9086 6.392812991882246e-7
9087 6.392812991882246e-7
9088 6.3973631676441e-7
9089 6.3973631676441e-7
9090 6.411734693970982e-7
9091 6.43360440130339e-7
9092 6.43360440130339e-7
9093 6.43360440130339e-7
9094 6.43360440130339e-7
9095 6.43360440130339e-7
9096 6.43881147535089e-7
9097 6.43881147535089e-7
9098 6.43881147535089e-7
9099 6.43881147535089e-7
9100 6.43881147535089e-7
9101 6.445540612307435e-7
9102 6.445540612307435e-7
9103 6.445540612307435e-7
9104 6.44646986546287e-7
9105 6.44646986546287e-7
9106 6.44646986546287e-7
9107 6.44646986546287e-7
9108 6.44646986546287e-7
9109 6.44646986546287e-7
9110 6.44646986546287e-7
9111 6.44646986546287e-7
9112 6.44646986546287e-7
9113 6.44646986546287e-7
9114 6.44646986546287e-7
9115 6.450042724726171e-7
9116 6.450042724726171e-7
9117 6.456900038746789e-7
9118 6.456900038746789e-7
9119 6.456900038746789e-7
9120 6.456900038746789e-7
9121 6.456900038746789e-7
9122 6.456900038746789e-7
9123 6.456900038746789e-7
9124 6.456900038746789e-7
9125 6.456900038746789e-7
9126 6.462459593608671e-7
9127 6.462459593608671e-7
9128 6.462459593608671e-7
9129 6.462459593608671e-7
9130 6.462459593608671e-7
9131 6.462459593608671e-7
9132 6.462459593608671e-7
9133 6.462459593608671e-7
9134 6.466080510103271e-7
9135 6.466080510103271e-7
9136 6.466080510103271e-7
9137 6.466080510103271e-7
9138 6.458934803800307e-7
9139 6.458934803800307e-7
9140 6.465503731650399e-7
9141 6.465503731650399e-7
9142 6.465503731650399e-7
9143 6.465503731650399e-7
9144 6.465503731650399e-7
9145 6.465503731650399e-7
9146 6.465503731650399e-7
9147 6.476494670421908e-7
9148 6.476494670421908e-7
9149 6.476494670421908e-7
9150 6.476494670421908e-7
9151 6.476494670421908e-7
9152 6.476494670421908e-7
9153 6.476494670421908e-7
9154 6.476494670421908e-7
9155 6.476494670421908e-7
9156 6.476494670421908e-7
9157 6.476494670421908e-7
9158 6.476494670421908e-7
9159 6.476494670421908e-7
9160 6.476494670421908e-7
9161 6.476494670421908e-7
9162 6.485434818950981e-7
9163 6.485434818950981e-7
9164 6.485434818950981e-7
9165 6.485434818950981e-7
9166 6.493846246258481e-7
9167 6.493846246258481e-7
9168 6.493846246258481e-7
9169 6.502546059736507e-7
9170 6.502546059736507e-7
9171 6.504596843867125e-7
9172 6.504596843867125e-7
9173 6.513232574924934e-7
9174 6.513232574924934e-7
9175 6.513232574924934e-7
9176 6.513232574924934e-7
9177 6.513232574924934e-7
9178 6.51475463783398e-7
9179 6.51475463783398e-7
9180 6.537537585356543e-7
9181 6.537537585356543e-7
9182 6.537537585356543e-7
9183 6.545981056930061e-7
9184 6.545981056930061e-7
9185 6.545981056930061e-7
9186 6.545981056930061e-7
9187 6.545981056930061e-7
9188 6.545981056930061e-7
9189 6.545981056930061e-7
9190 6.545981056930061e-7
9191 6.545981056930061e-7
9192 6.545981056930061e-7
9193 6.545981056930061e-7
9194 6.545981056930061e-7
9195 6.545981056930061e-7
9196 6.545981056930061e-7
9197 6.545981056930061e-7
9198 6.551764915542252e-7
9199 6.551764915542252e-7
9200 6.551764915542252e-7
9201 6.551764915542252e-7
9202 6.551764915542252e-7
9203 6.551764915542252e-7
9204 6.551764915542252e-7
9205 6.551764915542252e-7
9206 6.551764915542252e-7
9207 6.551764915542252e-7
9208 6.561778519479752e-7
9209 6.561778519479752e-7
9210 6.561778519479752e-7
9211 6.569164554721943e-7
9212 6.569164554721943e-7
9213 6.571311471650616e-7
9214 6.571311471650616e-7
9215 6.571311471650616e-7
9216 6.571311471650616e-7
9217 6.571311471650616e-7
9218 6.571311471650616e-7
9219 6.578040620830798e-7
9220 6.578040620830798e-7
9221 6.578040620830798e-7
9222 6.581981973873761e-7
9223 6.581981973873761e-7
9224 6.581981973873761e-7
9225 6.581981973873761e-7
9226 6.583584150503762e-7
9227 6.583584150503762e-7
9228 6.583584150503762e-7
9229 6.583584150503762e-7
9230 6.583584150503762e-7
9231 6.588582945989871e-7
9232 6.588582945989871e-7
9233 6.599333549710335e-7
9234 6.599333549710335e-7
9235 6.599333549710335e-7
9236 6.599333549710335e-7
9237 6.599333549710335e-7
9238 6.599333549710335e-7
9239 6.599333549710335e-7
9240 6.599333549710335e-7
9241 6.599333549710335e-7
9242 6.599333549710335e-7
9243 6.599333549710335e-7
9244 6.599333549710335e-7
9245 6.599333549710335e-7
9246 6.599333549710335e-7
9247 6.599333549710335e-7
9248 6.599333549710335e-7
9249 6.599333549710335e-7
9250 6.599333549710335e-7
9251 6.599333549710335e-7
9252 6.599333549710335e-7
9253 6.599333549710335e-7
9254 6.599333549710335e-7
9255 6.599333549710335e-7
9256 6.604284281853327e-7
9257 6.604284281853327e-7
9258 6.604284281853327e-7
9259 6.604284281853327e-7
9260 6.604284281853327e-7
9261 6.604284281853327e-7
9262 6.604284281853327e-7
9263 6.604284281853327e-7
9264 6.613945411088264e-7
9265 6.613945411088264e-7
9266 6.613945411088264e-7
9267 6.613945411088264e-7
9268 6.613945411088264e-7
9269 6.613945411088264e-7
9270 6.613945411088264e-7
9271 6.613945411088264e-7
9272 6.613945411088264e-7
9273 6.613945411088264e-7
9274 6.613945411088264e-7
9275 6.613945411088264e-7
9276 6.613945411088264e-7
9277 6.613945411088264e-7
9278 6.613945411088264e-7
9279 6.613945411088264e-7
9280 6.613945411088264e-7
9281 6.613945411088264e-7
9282 6.613945411088264e-7
9283 6.613945411088264e-7
9284 6.613945411088264e-7
9285 6.614762524592183e-7
9286 6.614762524592183e-7
9287 6.614762524592183e-7
9288 6.614762524592183e-7
9289 6.614762524592183e-7
9290 6.616428789754219e-7
9291 6.616428789754219e-7
9292 6.618063004538419e-7
9293 6.618063004538419e-7
9294 6.618063004538419e-7
9295 6.618063004538419e-7
9296 6.618063004538419e-7
9297 6.62280545812002e-7
9298 6.62280545812002e-7
9299 6.62280545812002e-7
9300 6.62280545812002e-7
9301 6.626634659287829e-7
9302 6.626634659287829e-7
9303 6.626634659287829e-7
9304 6.626634659287829e-7
9305 6.626634659287829e-7
9306 6.626634659287829e-7
9307 6.626634659287829e-7
9308 6.626634659287829e-7
9309 6.626634659287829e-7
9310 6.626634659287829e-7
9311 6.626634659287829e-7
9312 6.626634659287829e-7
9313 6.626634659287829e-7
9314 6.626634659287829e-7
9315 6.631649479962857e-7
9316 6.631649479962857e-7
9317 6.631649479962857e-7
9318 6.631649479962857e-7
9319 6.637449363763967e-7
9320 6.637449363763967e-7
9321 6.637449363763967e-7
9322 6.637449363763967e-7
9323 6.646309398572085e-7
9324 6.646309398572085e-7
9325 6.646309398572085e-7
9326 6.654913091475695e-7
9327 6.654913091475695e-7
9328 6.654913091475695e-7
9329 6.654913091475695e-7
9330 6.654913091475695e-7
9331 6.654913091475695e-7
9332 6.654913091475695e-7
9333 6.654913091475695e-7
9334 6.654913091475695e-7
9335 6.654913091475695e-7
9336 6.654913091475695e-7
9337 6.654913091475695e-7
9338 6.654913091475695e-7
9339 6.654913091475695e-7
9340 6.654913091475695e-7
9341 6.654913091475695e-7
9342 6.654913091475695e-7
9343 6.654913091475695e-7
9344 6.654913091475695e-7
9345 6.654913091475695e-7
9346 6.66060082340165e-7
9347 6.66060082340165e-7
9348 6.66060082340165e-7
9349 6.66060082340165e-7
9350 6.664958739679213e-7
9351 6.664958739679213e-7
9352 6.664958739679213e-7
9353 6.664958739679213e-7
9354 6.664958739679213e-7
9355 6.664958739679213e-7
9356 6.664958739679213e-7
9357 6.664958739679213e-7
9358 6.664958739679213e-7
9359 6.664958739679213e-7
9360 6.664958739679213e-7
9361 6.664958739679213e-7
9362 6.664958739679213e-7
9363 6.664958739679213e-7
9364 6.664958739679213e-7
9365 6.664958739679213e-7
9366 6.656339027698504e-7
9367 6.656339027698504e-7
9368 6.656339027698504e-7
9369 6.656339027698504e-7
9370 6.656339027698504e-7
9371 6.656339027698504e-7
9372 6.655377724165232e-7
9373 6.655377724165232e-7
9374 6.655377724165232e-7
9375 6.651163997917023e-7
9376 6.663420651581251e-7
9377 6.659479286314649e-7
9378 6.659479286314649e-7
9379 6.659479286314649e-7
9380 6.659479286314649e-7
9381 6.666801233024803e-7
9382 6.666801233024803e-7
9383 6.670998940195913e-7
9384 6.667394042778413e-7
9385 6.667394042778413e-7
9386 6.672761332044186e-7
9387 6.672761332044186e-7
9388 6.672761332044186e-7
9389 6.673450268484031e-7
9390 6.673450268484031e-7
9391 6.673450268484031e-7
9392 6.673450268484031e-7
9393 6.673450268484031e-7
9394 6.673450268484031e-7
9395 6.673450268484031e-7
9396 6.673450268484031e-7
9397 6.673450268484031e-7
9398 6.673450268484031e-7
9399 6.673450268484031e-7
9400 6.673450268484031e-7
9401 6.677119254433568e-7
9402 6.677119254433568e-7
9403 6.677119254433568e-7
9404 6.677119254433568e-7
9405 6.685098093317549e-7
9406 6.685098093317549e-7
9407 6.685098093317549e-7
9408 6.685098093317549e-7
9409 6.685098093317549e-7
9410 6.685098093317549e-7
9411 6.685098093317549e-7
9412 6.691651002090541e-7
9413 6.691651002090541e-7
9414 6.691651002090541e-7
9415 6.691651002090541e-7
9416 6.691651002090541e-7
9417 6.699229296817023e-7
9418 6.699229296817023e-7
9419 6.699229296817023e-7
9420 6.699229296817023e-7
9421 6.699229296817023e-7
9422 6.699229296817023e-7
9423 6.699229296817023e-7
9424 6.699229296817023e-7
9425 6.699229296817023e-7
9426 6.699229296817023e-7
9427 6.699229296817023e-7
9428 6.699229296817023e-7
9429 6.699229296817023e-7
9430 6.703747434424677e-7
9431 6.703747434424677e-7
9432 6.709210850376686e-7
9433 6.709210850376686e-7
9434 6.709210850376686e-7
9435 6.709210850376686e-7
9436 6.709210850376686e-7
9437 6.715090835675113e-7
9438 6.715090835675113e-7
9439 6.715090835675113e-7
9440 6.715090835675113e-7
9441 6.715090835675113e-7
9442 6.715090835675113e-7
9443 6.715090835675113e-7
9444 6.715090835675113e-7
9445 6.715090835675113e-7
9446 6.715090835675113e-7
9447 6.715090835675113e-7
9448 6.715090835675113e-7
9449 6.715090835675113e-7
9450 6.715090835675113e-7
9451 6.715090835675113e-7
9452 6.715090835675113e-7
9453 6.727235337464186e-7
9454 6.727235337464186e-7
9455 6.727235337464186e-7
9456 6.729045792655577e-7
9457 6.729045792655577e-7
9458 6.729045792655577e-7
9459 6.729045792655577e-7
9460 6.730968399722122e-7
9461 6.730968399722122e-7
9462 6.730968399722122e-7
9463 6.730968399722122e-7
9464 6.730968399722122e-7
9465 6.742840528305949e-7
9466 6.742840528305949e-7
9467 6.742840528305949e-7
9468 6.742840528305949e-7
9469 6.742840528305949e-7
9470 6.742840528305949e-7
9471 6.742840528305949e-7
9472 6.742840528305949e-7
9473 6.742840528305949e-7
9474 6.742840528305949e-7
9475 6.742840528305949e-7
9476 6.742840528305949e-7
9477 6.742840528305949e-7
9478 6.742840528305949e-7
9479 6.742840528305949e-7
9480 6.742840528305949e-7
9481 6.742840528305949e-7
9482 6.742840528305949e-7
9483 6.742840528305949e-7
9484 6.742840528305949e-7
9485 6.742840528305949e-7
9486 6.746076919720148e-7
9487 6.746076919720148e-7
9488 6.746076919720148e-7
9489 6.746076919720148e-7
9490 6.746076919720148e-7
9491 6.746076919720148e-7
9492 6.746076919720148e-7
9493 6.746076919720148e-7
9494 6.739395839994902e-7
9495 6.743705699041166e-7
9496 6.743705699041166e-7
9497 6.743705699041166e-7
9498 6.743705699041166e-7
9499 6.743705699041166e-7
9500 6.743705699041166e-7
9501 6.743705699041166e-7
9502 6.743705699041166e-7
9503 6.743705699041166e-7
9504 6.743705699041166e-7
9505 6.743705699041166e-7
9506 6.743705699041166e-7
9507 6.761858369304558e-7
9508 6.761858369304558e-7
9509 6.761858369304558e-7
9510 6.76544724153314e-7
9511 6.76544724153314e-7
9512 6.76544724153314e-7
9513 6.76544724153314e-7
9514 6.770542163705485e-7
9515 6.770542163705485e-7
9516 6.770542163705485e-7
9517 6.779386179436503e-7
9518 6.779386179436503e-7
9519 6.779386179436503e-7
9520 6.787060594737401e-7
9521 6.787060594737401e-7
9522 6.787060594737401e-7
9523 6.787060594737401e-7
9524 6.78947988487132e-7
9525 6.78947988487132e-7
9526 6.78947988487132e-7
9527 6.78947988487132e-7
9528 6.78947988487132e-7
9529 6.799445425465702e-7
9530 6.799445425465702e-7
9531 6.805918208294101e-7
9532 6.808193296175027e-7
9533 6.808193296175027e-7
9534 6.808193296175027e-7
9535 6.808193296175027e-7
9536 6.808193296175027e-7
9537 6.808193296175027e-7
9538 6.808193296175027e-7
9539 6.808193296175027e-7
9540 6.808193296175027e-7
9541 6.808193296175027e-7
9542 6.808193296175027e-7
9543 6.808193296175027e-7
9544 6.808193296175027e-7
9545 6.808193296175027e-7
9546 6.808193296175027e-7
9547 6.809250738618173e-7
9548 6.809250738618173e-7
9549 6.809250738618173e-7
9550 6.809250738618173e-7
9551 6.813800914380027e-7
9552 6.822084176847092e-7
9553 6.822084176847092e-7
9554 6.841053942278946e-7
9555 6.841053942278946e-7
9556 6.843745599506291e-7
9557 6.843745599506291e-7
9558 6.843745599506291e-7
9559 6.843745599506291e-7
9560 6.843745599506291e-7
9561 6.843745599506291e-7
9562 6.843745599506291e-7
9563 6.843745599506291e-7
9564 6.843745599506291e-7
9565 6.843745599506291e-7
9566 6.843745599506291e-7
9567 6.843745599506291e-7
9568 6.843745599506291e-7
9569 6.843745599506291e-7
9570 6.843745599506291e-7
9571 6.843745599506291e-7
9572 6.843745599506291e-7
9573 6.843745599506291e-7
9574 6.843745599506291e-7
9575 6.843745599506291e-7
9576 6.852958115128791e-7
9577 6.852958115128791e-7
9578 6.852958115128791e-7
9579 6.858806062273018e-7
9580 6.858806062273018e-7
9581 6.858806062273018e-7
9582 6.858806062273018e-7
9583 6.861081150153945e-7
9584 6.861081150153945e-7
9585 6.861081150153945e-7
9586 6.861081150153945e-7
9587 6.861081150153945e-7
9588 6.885914894030764e-7
9589 6.885914894030764e-7
9590 6.885914894030764e-7
9591 6.894390409870301e-7
9592 6.894390409870301e-7
9593 6.894390409870301e-7
9594 6.894390409870301e-7
9595 6.894390409870301e-7
9596 6.894390409870301e-7
9597 6.894390409870301e-7
9598 6.894390409870301e-7
9599 6.894390409870301e-7
9600 6.894390409870301e-7
9601 6.894390409870301e-7
9602 6.894390409870301e-7
9603 6.894390409870301e-7
9604 6.896937877068293e-7
9605 6.896937877068293e-7
9606 6.896937877068293e-7
9607 6.896937877068293e-7
9608 6.900959343832211e-7
9609 6.900959343832211e-7
9610 6.900959343832211e-7
9611 6.900959343832211e-7
9612 6.900959343832211e-7
9613 6.900959343832211e-7
9614 6.900959343832211e-7
9615 6.905269190654838e-7
9616 6.905269190654838e-7
9617 6.905269190654838e-7
9618 6.905269190654838e-7
9619 6.905269190654838e-7
9620 6.905269190654838e-7
9621 6.917974457931503e-7
9622 6.917974457931503e-7
9623 6.917974457931503e-7
9624 6.917974457931503e-7
9625 6.929109586732366e-7
9626 6.929109586732366e-7
9627 6.929109586732366e-7
9628 6.929109586732366e-7
9629 6.931576940209403e-7
9630 6.931576940209403e-7
9631 6.931576940209403e-7
9632 6.931576940209403e-7
9633 6.931576940209403e-7
9634 6.931576940209403e-7
9635 6.941382259473694e-7
9636 6.941382259473694e-7
9637 6.941382259473694e-7
9638 6.941382259473694e-7
9639 6.941382259473694e-7
9640 6.941382259473694e-7
9641 6.941382259473694e-7
9642 6.941382259473694e-7
9643 6.941382259473694e-7
9644 6.942423676727921e-7
9645 6.942423676727921e-7
9646 6.942423676727921e-7
9647 6.945836308549312e-7
9648 6.945836308549312e-7
9649 6.945836308549312e-7
9650 6.949168838873385e-7
9651 6.949168838873385e-7
9652 6.949168838873385e-7
9653 6.949168838873385e-7
9654 6.949168838873385e-7
9655 6.949168838873385e-7
9656 6.949168838873385e-7
9657 6.954055482484341e-7
9658 6.954055482484341e-7
9659 6.954055482484341e-7
9660 6.961377429194495e-7
9661 6.961377429194495e-7
9662 6.961377429194495e-7
9663 6.971775552100577e-7
9664 6.986723850768513e-7
9665 6.986723850768513e-7
9666 6.986723850768513e-7
9667 6.986723850768513e-7
9668 6.986723850768513e-7
9669 6.99175469052064e-7
9670 6.99175469052064e-7
9671 6.99175469052064e-7
9672 6.99175469052064e-7
9673 6.995199372719868e-7
9674 6.995199372719868e-7
9675 6.98992821625215e-7
9676 6.98992821625215e-7
9677 6.98992821625215e-7
9678 6.98992821625215e-7
9679 6.98992821625215e-7
9680 6.98992821625215e-7
9681 6.98992821625215e-7
9682 6.98992821625215e-7
9683 6.98992821625215e-7
9684 6.98992821625215e-7
9685 6.98992821625215e-7
9686 6.98992821625215e-7
9687 6.98992821625215e-7
9688 6.98992821625215e-7
9689 6.98992821625215e-7
9690 6.98992821625215e-7
9691 6.98992821625215e-7
9692 6.98992821625215e-7
9693 6.98992821625215e-7
9694 6.98992821625215e-7
9695 6.98992821625215e-7
9696 6.98992821625215e-7
9697 6.98992821625215e-7
9698 6.992956329104959e-7
9699 6.992956329104959e-7
9700 6.992956329104959e-7
9701 6.992956329104959e-7
9702 6.992956329104959e-7
9703 6.992956329104959e-7
9704 6.992956329104959e-7
9705 6.992956329104959e-7
9706 6.992956329104959e-7
9707 6.992956329104959e-7
9708 6.992956329104959e-7
9709 6.992956329104959e-7
9710 6.992956329104959e-7
9711 6.992956329104959e-7
9712 6.992956329104959e-7
9713 6.992956329104959e-7
9714 6.997266188151223e-7
9715 6.997266188151223e-7
9716 6.997266188151223e-7
9717 6.997266188151223e-7
9718 6.997266188151223e-7
9719 6.997266188151223e-7
9720 6.997266188151223e-7
9721 6.999220833371967e-7
9722 7.018174579726722e-7
9723 7.018174579726722e-7
9724 7.018174579726722e-7
9725 7.018174579726722e-7
9726 7.024214792467059e-7
9727 7.024214792467059e-7
9728 7.024214792467059e-7
9729 7.03200137186675e-7
9730 7.03200137186675e-7
9731 7.03200137186675e-7
9732 7.03200137186675e-7
9733 7.03200137186675e-7
9734 7.037464787818759e-7
9735 7.037464787818759e-7
9736 7.037464787818759e-7
9737 7.044914911592986e-7
9738 7.044914911592986e-7
9739 7.044914911592986e-7
9740 7.044914911592986e-7
9741 7.053678819714868e-7
9742 7.053678819714868e-7
9743 7.053678819714868e-7
9744 7.053678819714868e-7
9745 7.053678819714868e-7
9746 7.053678819714868e-7
9747 7.053678819714868e-7
9748 7.053678819714868e-7
9749 7.053678819714868e-7
9750 7.053678819714868e-7
9751 7.053678819714868e-7
9752 7.053678819714868e-7
9753 7.053678819714868e-7
9754 7.053678819714868e-7
9755 7.053678819714868e-7
9756 7.053678819714868e-7
9757 7.053678819714868e-7
9758 7.053678819714868e-7
9759 7.053678819714868e-7
9760 7.057892539851259e-7
9761 7.057892539851259e-7
9762 7.057892539851259e-7
9763 7.057892539851259e-7
9764 7.057892539851259e-7
9765 7.057892539851259e-7
9766 7.057892539851259e-7
9767 7.057892539851259e-7
9768 7.057892539851259e-7
9769 7.057892539851259e-7
9770 7.071190610769713e-7
9771 7.071190610769713e-7
9772 7.091169743077958e-7
9773 7.091169743077958e-7
9774 7.091169743077958e-7
9775 7.091169743077958e-7
9776 7.091169743077958e-7
9777 7.091169743077958e-7
9778 7.091169743077958e-7
9779 7.091169743077958e-7
9780 7.091169743077958e-7
9781 7.091169743077958e-7
9782 7.091169743077958e-7
9783 7.091169743077958e-7
9784 7.091169743077958e-7
9785 7.091169743077958e-7
9786 7.091169743077958e-7
9787 7.091169743077958e-7
9788 7.091169743077958e-7
9789 7.091169743077958e-7
9790 7.091169743077958e-7
9791 7.091169743077958e-7
9792 7.091169743077958e-7
9793 7.091169743077958e-7
9794 7.091169743077958e-7
9795 7.091169743077958e-7
9796 7.091169743077958e-7
9797 7.091169743077958e-7
9798 7.091169743077958e-7
9799 7.091169743077958e-7
9800 7.091169743077958e-7
9801 7.091169743077958e-7
9802 7.091169743077958e-7
9803 7.091169743077958e-7
9804 7.096024336311075e-7
9805 7.096024336311075e-7
9806 7.096024336311075e-7
9807 7.096024336311075e-7
9808 7.096024336311075e-7
9809 7.096024336311075e-7
9810 7.096024336311075e-7
9811 7.096024336311075e-7
9812 7.096024336311075e-7
9813 7.096024336311075e-7
9814 7.096024336311075e-7
9815 7.096024336311075e-7
9816 7.096024336311075e-7
9817 7.096024336311075e-7
9818 7.096024336311075e-7
9819 7.103282194489193e-7
9820 7.103282194489193e-7
9821 7.103282194489193e-7
9822 7.103282194489193e-7
9823 7.103282194489193e-7
9824 7.103282194489193e-7
9825 7.103282194489193e-7
9826 7.108505293725611e-7
9827 7.108505293725611e-7
9828 7.108505293725611e-7
9829 7.108505293725611e-7
9830 7.108505293725611e-7
9831 7.108505293725611e-7
9832 7.108505293725611e-7
9833 7.108505293725611e-7
9834 7.108505293725611e-7
9835 7.108505293725611e-7
9836 7.108505293725611e-7
9837 7.108505293725611e-7
9838 7.108505293725611e-7
9839 7.108505293725611e-7
9840 7.108505293725611e-7
9841 7.108505293725611e-7
9842 7.108505293725611e-7
9843 7.108505293725611e-7
9844 7.108505293725611e-7
9845 7.108505293725611e-7
9846 7.108505293725611e-7
9847 7.108505293725611e-7
9848 7.108505293725611e-7
9849 7.108505293725611e-7
9850 7.108505293725611e-7
9851 7.108505293725611e-7
9852 7.108505293725611e-7
9853 7.108505293725611e-7
9854 7.108505293725611e-7
9855 7.108505293725611e-7
9856 7.108505293725611e-7
9857 7.108505293725611e-7
9858 7.108505293725611e-7
9859 7.108505293725611e-7
9860 7.108505293725611e-7
9861 7.108505293725611e-7
9862 7.108505293725611e-7
9863 7.108505293725611e-7
9864 7.108505293725611e-7
9865 7.108505293725611e-7
9866 7.108505293725611e-7
9867 7.108505293725611e-7
9868 7.108505293725611e-7
9869 7.108505293725611e-7
9870 7.114257101959965e-7
9871 7.114257101959965e-7
9872 7.114257101959965e-7
9873 7.114257101959965e-7
9874 7.114257101959965e-7
9875 7.114257101959965e-7
9876 7.114257101959965e-7
9877 7.114257101959965e-7
9878 7.114257101959965e-7
9879 7.114257101959965e-7
9880 7.114257101959965e-7
9881 7.117926087909501e-7
9882 7.115426684054628e-7
9883 7.115426684054628e-7
9884 7.115426684054628e-7
9885 7.115426684054628e-7
9886 7.115426684054628e-7
9887 7.115426684054628e-7
9888 7.115426684054628e-7
9889 7.115426684054628e-7
9890 7.115426684054628e-7
9891 7.115426684054628e-7
9892 7.115426684054628e-7
9893 7.115426684054628e-7
9894 7.115426684054628e-7
9895 7.115426684054628e-7
9896 7.115426684054628e-7
9897 7.115426684054628e-7
9898 7.118679100657746e-7
9899 7.118679100657746e-7
9900 7.118679100657746e-7
9901 7.12462317448821e-7
9902 7.12462317448821e-7
9903 7.12462317448821e-7
9904 7.129910356144846e-7
9905 7.129910356144846e-7
9906 7.129910356144846e-7
9907 7.141109579589565e-7
9908 7.141109579589565e-7
9909 7.141109579589565e-7
9910 7.141109579589565e-7
9911 7.141109579589565e-7
9912 7.141109579589565e-7
9913 7.141109579589565e-7
9914 7.141109579589565e-7
9915 7.143945432958084e-7
9916 7.143945432958084e-7
9917 7.143945432958084e-7
9918 7.143945432958084e-7
9919 7.143945432958084e-7
9920 7.143945432958084e-7
9921 7.143945432958084e-7
9922 7.143945432958084e-7
9923 7.143945432958084e-7
9924 7.143945432958084e-7
9925 7.143945432958084e-7
9926 7.143945432958084e-7
9927 7.143945432958084e-7
9928 7.143945432958084e-7
9929 7.143945432958084e-7
9930 7.143945432958084e-7
9931 7.143945432958084e-7
9932 7.143945432958084e-7
9933 7.143945432958084e-7
9934 7.143945432958084e-7
9935 7.143945432958084e-7
9936 7.143945432958084e-7
9937 7.143945432958084e-7
9938 7.143945432958084e-7
9939 7.143945432958084e-7
9940 7.143945432958084e-7
9941 7.143945432958084e-7
9942 7.143945432958084e-7
9943 7.146765255025865e-7
9944 7.146765255025865e-7
9945 7.146765255025865e-7
9946 7.146765255025865e-7
9947 7.150241975379292e-7
9948 7.147213868638301e-7
9949 7.147213868638301e-7
9950 7.147213868638301e-7
9951 7.147213868638301e-7
9952 7.147213868638301e-7
9953 7.147213868638301e-7
9954 7.147213868638301e-7
9955 7.147213868638301e-7
9956 7.147213868638301e-7
9957 7.147213868638301e-7
9958 7.147213868638301e-7
9959 7.147213868638301e-7
9960 7.147213868638301e-7
9961 7.151699955868119e-7
9962 7.151699955868119e-7
9963 7.158909744591299e-7
9964 7.158909744591299e-7
9965 7.158909744591299e-7
9966 7.158909744591299e-7
9967 7.158909744591299e-7
9968 7.158909744591299e-7
9969 7.158909744591299e-7
9970 7.158909744591299e-7
9971 7.158909744591299e-7
9972 7.158909744591299e-7
9973 7.158909744591299e-7
9974 7.158909744591299e-7
9975 7.158909744591299e-7
9976 7.158909744591299e-7
9977 7.158909744591299e-7
9978 7.158909744591299e-7
9979 7.158909744591299e-7
9980 7.158909744591299e-7
9981 7.158909744591299e-7
9982 7.158909744591299e-7
9983 7.158909744591299e-7
9984 7.158909744591299e-7
9985 7.174739257518827e-7
9986 7.174739257518827e-7
9987 7.174739257518827e-7
9988 7.174739257518827e-7
9989 7.174739257518827e-7
9990 7.174739257518827e-7
9991 7.174739257518827e-7
9992 7.174739257518827e-7
9993 7.174739257518827e-7
9994 7.174739257518827e-7
9995 7.174739257518827e-7
9996 7.174739257518827e-7
9997 7.174739257518827e-7
9998 7.174739257518827e-7
9999 7.174739257518827e-7
10000 7.174739257518827e-7
10001 7.174739257518827e-7
