1 0
2 0
3 0
4 0
5 0
6 0
7 0
8 0
9 0
10 0
11 0
12 0
13 0
14 0
15 0
16 0
17 0
18 0
19 0
20 0
21 0
22 0
23 0
24 0
25 0
26 0
27 0
28 0
29 0
30 0
31 0
32 0
33 0
34 0
35 0
36 0
37 0
38 0
39 6.040200516699447e-10
40 6.040200516699447e-10
41 6.040200516699447e-10
42 6.040200516699447e-10
43 6.040200516699447e-10
44 1.0446192361018255e-9
45 1.0446192361018255e-9
46 1.2208584209290732e-9
47 1.2208584209290732e-9
48 1.2208584209290732e-9
49 1.2208584209290732e-9
50 1.2208584209290732e-9
51 1.2208584209290732e-9
52 1.2208584209290732e-9
53 1.2208584209290732e-9
54 1.2208584209290732e-9
55 1.2208584209290732e-9
56 1.2208584209290732e-9
57 1.2208584209290732e-9
58 1.2208584209290732e-9
59 1.2208584209290732e-9
60 1.2208584209290732e-9
61 1.2208584209290732e-9
62 1.2208584209290732e-9
63 1.2208584209290732e-9
64 1.2208584209290732e-9
65 1.2208584209290732e-9
66 1.2208584209290732e-9
67 1.2208584209290732e-9
68 1.2208584209290732e-9
69 1.2208584209290732e-9
70 1.2208584209290732e-9
71 1.2208584209290732e-9
72 1.2208584209290732e-9
73 1.2208584209290732e-9
74 1.2208584209290732e-9
75 1.2208584209290732e-9
76 1.2208584209290732e-9
77 1.2208584209290732e-9
78 1.2208584209290732e-9
79 1.2208584209290732e-9
80 1.7736100916973302e-9
81 1.7736100916973302e-9
82 1.7736100916973302e-9
83 1.7736100916973302e-9
84 1.7736100916973302e-9
85 1.7736100916973302e-9
86 1.7736100916973302e-9
87 1.7736100916973302e-9
88 1.7736100916973302e-9
89 1.7736100916973302e-9
90 1.7736100916973302e-9
91 1.7736100916973302e-9
92 1.7736100916973302e-9
93 1.7736100916973302e-9
94 1.7736100916973302e-9
95 1.7736100916973302e-9
96 1.7736100916973302e-9
97 1.7736100916973302e-9
98 1.7736100916973302e-9
99 1.7736100916973302e-9
100 2.5282351377436786e-9
101 2.5282351377436786e-9
102 2.5282351377436786e-9
103 2.5282351377436786e-9
104 2.5282351377436786e-9
105 2.5282351377436786e-9
106 2.5282351377436786e-9
107 2.5282351377436786e-9
108 2.5282351377436786e-9
109 2.5282351377436786e-9
110 2.5282351377436786e-9
111 2.5282351377436786e-9
112 2.5282351377436786e-9
113 2.5282351377436786e-9
114 2.5282351377436786e-9
115 2.5282351377436786e-9
116 2.5282351377436786e-9
117 3.3213126918300546e-9
118 3.3213126918300546e-9
119 3.3213126918300546e-9
120 3.3213126918300546e-9
121 3.3213126918300546e-9
122 3.3213126918300546e-9
123 3.3213126918300546e-9
124 3.3213126918300546e-9
125 3.3213126918300546e-9
126 3.3213126918300546e-9
127 3.3213126918300546e-9
128 3.3213126918300546e-9
129 3.3213126918300546e-9
130 3.3213126918300546e-9
131 3.3213126918300546e-9
132 3.3213126918300546e-9
133 3.3213126918300546e-9
134 3.3213126918300546e-9
135 3.3213126918300546e-9
136 3.3213126918300546e-9
137 3.3213126918300546e-9
138 3.3213126918300546e-9
139 3.3213126918300546e-9
140 3.3213126918300546e-9
141 3.3213126918300546e-9
142 3.3213126918300546e-9
143 3.3213126918300546e-9
144 3.758706227296348e-9
145 3.758706227296348e-9
146 3.758706227296348e-9
147 4.375544596555476e-9
148 4.375544596555476e-9
149 4.375544596555476e-9
150 4.375544596555476e-9
151 4.375544596555476e-9
152 4.375544596555476e-9
153 4.375544596555476e-9
154 4.375544596555476e-9
155 4.375544596555476e-9
156 4.375544596555476e-9
157 4.375544596555476e-9
158 4.375544596555476e-9
159 4.375544596555476e-9
160 4.375544596555476e-9
161 4.375544596555476e-9
162 4.375544596555476e-9
163 4.375544596555476e-9
164 4.375544596555476e-9
165 4.375544596555476e-9
166 4.375544596555476e-9
167 4.375544596555476e-9
168 4.375544596555476e-9
169 4.375544596555476e-9
170 4.375544596555476e-9
171 4.375544596555476e-9
172 4.604655903540027e-9
173 4.604655903540027e-9
174 4.604655903540027e-9
175 4.604655903540027e-9
176 4.604655903540027e-9
177 4.604655903540027e-9
178 4.604655903540027e-9
179 4.604655903540027e-9
180 4.604655903540027e-9
181 4.604655903540027e-9
182 4.604655903540027e-9
183 4.604655903540027e-9
184 4.604655903540027e-9
185 4.604655903540027e-9
186 4.604655903540027e-9
187 4.604655903540027e-9
188 4.604655903540027e-9
189 4.604655903540027e-9
190 4.604655903540027e-9
191 4.604655903540027e-9
192 4.604655903540027e-9
193 4.604655903540027e-9
194 4.604655903540027e-9
195 4.604655903540027e-9
196 4.604655903540027e-9
197 4.604655903540027e-9
198 4.604655903540027e-9
199 4.604655903540027e-9
200 4.604655903540027e-9
201 4.604655903540027e-9
202 4.604655903540027e-9
203 4.604655903540027e-9
204 4.604655903540027e-9
205 4.604655903540027e-9
206 4.604655903540027e-9
207 5.372098655993678e-9
208 5.372098655993678e-9
209 5.372098655993678e-9
210 5.372098655993678e-9
211 5.372098655993678e-9
212 5.372098655993678e-9
213 5.372098655993678e-9
214 5.372098655993678e-9
215 5.372098655993678e-9
216 5.372098655993678e-9
217 5.372098655993678e-9
218 5.372098655993678e-9
219 5.372098655993678e-9
220 5.372098655993678e-9
221 5.372098655993678e-9
222 5.372098655993678e-9
223 5.372098655993678e-9
224 5.372098655993678e-9
225 5.372098655993678e-9
226 5.372098655993678e-9
227 5.372098655993678e-9
228 5.372098655993678e-9
229 5.372098655993678e-9
230 5.601209351796347e-9
231 5.601209351796347e-9
232 6.403899574506319e-9
233 6.403899574506319e-9
234 6.403899574506319e-9
235 6.403899574506319e-9
236 6.403899574506319e-9
237 6.403899574506319e-9
238 6.403899574506319e-9
239 6.403899574506319e-9
240 6.403899574506319e-9
241 6.403899574506319e-9
242 6.403899574506319e-9
243 6.403899574506319e-9
244 6.403899574506319e-9
245 6.403899574506319e-9
246 6.403899574506319e-9
247 6.403899574506319e-9
248 6.403899574506319e-9
249 6.403899574506319e-9
250 6.403899574506319e-9
251 6.403899574506319e-9
252 6.403899574506319e-9
253 6.403899574506319e-9
254 6.403899574506319e-9
255 6.403899574506319e-9
256 6.403899574506319e-9
257 6.403899574506319e-9
258 6.403899574506319e-9
259 6.403899574506319e-9
260 6.999909476444521e-9
261 6.999909476444521e-9
262 6.999909476444521e-9
263 6.999909476444521e-9
264 6.999909476444521e-9
265 6.999909476444521e-9
266 6.999909476444521e-9
267 6.999909476444521e-9
268 6.999909476444521e-9
269 6.999909476444521e-9
270 6.999909476444521e-9
271 6.999909476444521e-9
272 6.999909476444521e-9
273 6.999909476444521e-9
274 6.999909476444521e-9
275 6.999909476444521e-9
276 6.999909476444521e-9
277 7.38282959322542e-9
278 7.38282959322542e-9
279 7.38282959322542e-9
280 7.38282959322542e-9
281 7.38282959322542e-9
282 7.38282959322542e-9
283 7.38282959322542e-9
284 7.38282959322542e-9
285 7.38282959322542e-9
286 7.38282959322542e-9
287 7.953205304712778e-9
288 7.953205304712778e-9
289 7.953205304712778e-9
290 8.582860158015447e-9
291 8.582860158015447e-9
292 8.582860158015447e-9
293 8.582860158015447e-9
294 8.582860158015447e-9
295 9.629081301827244e-9
296 9.629081301827244e-9
297 9.629081301827244e-9
298 9.629081301827244e-9
299 9.629081301827244e-9
300 9.629081301827244e-9
301 9.629081301827244e-9
302 9.629081301827244e-9
303 9.629081301827244e-9
304 9.629081301827244e-9
305 9.629081301827244e-9
306 9.629081301827244e-9
307 9.760460347774575e-9
308 9.760460347774575e-9
309 9.760460347774575e-9
310 9.760460347774575e-9
311 9.760460347774575e-9
312 9.760460347774575e-9
313 9.760460347774575e-9
314 9.760460347774575e-9
315 1.019304816011095e-8
316 1.019304816011095e-8
317 1.019304816011095e-8
318 1.019304816011095e-8
319 1.019304816011095e-8
320 1.019304816011095e-8
321 1.019304816011095e-8
322 1.019304816011095e-8
323 1.019304816011095e-8
324 1.019304816011095e-8
325 1.019304816011095e-8
326 1.019304816011095e-8
327 1.019304816011095e-8
328 1.019304816011095e-8
329 1.019304816011095e-8
330 1.019304816011095e-8
331 1.019304816011095e-8
332 1.019304816011095e-8
333 1.019304816011095e-8
334 1.019304816011095e-8
335 1.019304816011095e-8
336 1.019304816011095e-8
337 1.019304816011095e-8
338 1.019304816011095e-8
339 1.019304816011095e-8
340 1.019304816011095e-8
341 1.019304816011095e-8
342 1.019304816011095e-8
343 1.0478235404672748e-8
344 1.0865962466947326e-8
345 1.0865962466947326e-8
346 1.0865962466947326e-8
347 1.0865962466947326e-8
348 1.0865962466947326e-8
349 1.0865962466947326e-8
350 1.0865962466947326e-8
351 1.0865962466947326e-8
352 1.1591748895941005e-8
353 1.1591748895941005e-8
354 1.1591748895941005e-8
355 1.1591748895941005e-8
356 1.1591748895941005e-8
357 1.1591748895941005e-8
358 1.195063611879915e-8
359 1.195063611879915e-8
360 1.195063611879915e-8
361 1.195063611879915e-8
362 1.195063611879915e-8
363 1.195063611879915e-8
364 1.195063611879915e-8
365 1.195063611879915e-8
366 1.195063611879915e-8
367 1.195063611879915e-8
368 1.195063611879915e-8
369 1.195063611879915e-8
370 1.195063611879915e-8
371 1.195063611879915e-8
372 1.195063611879915e-8
373 1.195063611879915e-8
374 1.195063611879915e-8
375 1.195063611879915e-8
376 1.195063611879915e-8
377 1.195063611879915e-8
378 1.195063611879915e-8
379 1.195063611879915e-8
380 1.195063611879915e-8
381 1.195063611879915e-8
382 1.195063611879915e-8
383 1.195063611879915e-8
384 1.195063611879915e-8
385 1.195063611879915e-8
386 1.195063611879915e-8
387 1.195063611879915e-8
388 1.195063611879915e-8
389 1.195063611879915e-8
390 1.195063611879915e-8
391 1.195063611879915e-8
392 1.195063611879915e-8
393 1.195063611879915e-8
394 1.195063611879915e-8
395 1.2152510716441003e-8
396 1.2152510716441003e-8
397 1.2194167651082857e-8
398 1.2194167651082857e-8
399 1.2921555987786508e-8
400 1.2921555987786508e-8
401 1.2921555987786508e-8
402 1.2921555987786508e-8
403 1.2921555987786508e-8
404 1.2921555987786508e-8
405 1.2921555987786508e-8
406 1.2921555987786508e-8
407 1.2921555987786508e-8
408 1.2921555987786508e-8
409 1.2921555987786508e-8
410 1.2921555987786508e-8
411 1.2921555987786508e-8
412 1.2921555987786508e-8
413 1.2921555987786508e-8
414 1.2921555987786508e-8
415 1.2921555987786508e-8
416 1.2921555987786508e-8
417 1.2921555987786508e-8
418 1.2921555987786508e-8
419 1.2921555987786508e-8
420 1.2921555987786508e-8
421 1.2921555987786508e-8
422 1.2921555987786508e-8
423 1.2921555987786508e-8
424 1.2921555987786508e-8
425 1.3541597561283701e-8
426 1.3541597561283701e-8
427 1.3541597561283701e-8
428 1.3541597561283701e-8
429 1.3541597561283701e-8
430 1.3541597561283701e-8
431 1.3541597561283701e-8
432 1.3541597561283701e-8
433 1.3541597561283701e-8
434 1.3541597561283701e-8
435 1.3541597561283701e-8
436 1.3541597561283701e-8
437 1.3541597561283701e-8
438 1.3541597561283701e-8
439 1.3541597561283701e-8
440 1.3541597561283701e-8
441 1.3541597561283701e-8
442 1.3541597561283701e-8
443 1.3541597561283701e-8
444 1.3541597561283701e-8
445 1.3541597561283701e-8
446 1.4318653593542829e-8
447 1.4318653593542829e-8
448 1.4318653593542829e-8
449 1.4318653593542829e-8
450 1.4318653593542829e-8
451 1.4507710484777379e-8
452 1.4507710484777379e-8
453 1.4507710484777379e-8
454 1.4507710484777379e-8
455 1.4507710484777379e-8
456 1.4507710484777379e-8
457 1.4507710484777379e-8
458 1.4507710484777379e-8
459 1.4507710484777379e-8
460 1.4507710484777379e-8
461 1.4507710484777379e-8
462 1.4507710484777379e-8
463 1.4507710484777379e-8
464 1.4507710484777379e-8
465 1.4507710484777379e-8
466 1.4507710484777379e-8
467 1.4507710484777379e-8
468 1.4507710484777379e-8
469 1.4507710484777379e-8
470 1.4507710484777379e-8
471 1.4507710484777379e-8
472 1.4507710484777379e-8
473 1.4507710484777379e-8
474 1.4507710484777379e-8
475 1.6082649794252802e-8
476 1.6082649794252802e-8
477 1.6082649794252802e-8
478 1.6082649794252802e-8
479 1.6082649794252802e-8
480 1.6199608614900978e-8
481 1.6199608614900978e-8
482 1.6199608614900978e-8
483 1.6199608614900978e-8
484 1.6199608614900978e-8
485 1.6199608614900978e-8
486 1.6199608614900978e-8
487 1.6199608614900978e-8
488 1.6199608614900978e-8
489 1.6199608614900978e-8
490 1.6199608614900978e-8
491 1.6199608614900978e-8
492 1.6199608614900978e-8
493 1.6199608614900978e-8
494 1.6753962193379207e-8
495 1.6753962193379207e-8
496 1.6753962193379207e-8
497 1.7804990282684683e-8
498 1.7804990282684683e-8
499 1.7804990282684683e-8
500 1.7804990282684683e-8
501 1.831287998102738e-8
502 1.831287998102738e-8
503 1.831287998102738e-8
504 1.831287998102738e-8
505 1.831287998102738e-8
506 1.831287998102738e-8
507 1.831287998102738e-8
508 1.831287998102738e-8
509 1.831287998102738e-8
510 1.831287998102738e-8
511 1.831287998102738e-8
512 1.871342413852738e-8
513 1.871342413852738e-8
514 1.871342413852738e-8
515 1.871342413852738e-8
516 1.871342413852738e-8
517 1.871342413852738e-8
518 1.871342413852738e-8
519 1.871342413852738e-8
520 1.871342413852738e-8
521 1.871342413852738e-8
522 1.871342413852738e-8
523 1.871342413852738e-8
524 1.871342413852738e-8
525 1.871342413852738e-8
526 1.8822372198261932e-8
527 1.8822372198261932e-8
528 1.8822372198261932e-8
529 1.8822372198261932e-8
530 1.8822372198261932e-8
531 1.8822372198261932e-8
532 1.9333466934388337e-8
533 1.9333466934388337e-8
534 1.9333466934388337e-8
535 1.9333466934388337e-8
536 1.9333466934388337e-8
537 1.9333466934388337e-8
538 1.9333466934388337e-8
539 1.9554567480459262e-8
540 1.9554567480459262e-8
541 1.9554567480459262e-8
542 1.9554567480459262e-8
543 1.9554567480459262e-8
544 1.9554567480459262e-8
545 1.9554567480459262e-8
546 1.9554567480459262e-8
547 1.9554567480459262e-8
548 1.9791689548357437e-8
549 1.9791689548357437e-8
550 1.9791689548357437e-8
551 1.9791689548357437e-8
552 1.9791689548357437e-8
553 1.9791689548357437e-8
554 1.9791689548357437e-8
555 1.9791689548357437e-8
556 1.9791689548357437e-8
557 1.9791689548357437e-8
558 1.9791689548357437e-8
559 2.0014392002138337e-8
560 2.0014392002138337e-8
561 2.0014392002138337e-8
562 2.0014392002138337e-8
563 2.0014392002138337e-8
564 2.0014392002138337e-8
565 2.0014392002138337e-8
566 2.0014392002138337e-8
567 2.0014392002138337e-8
568 2.0014392002138337e-8
569 2.0014392002138337e-8
570 2.0014392002138337e-8
571 2.0014392002138337e-8
572 2.0014392002138337e-8
573 2.0014392002138337e-8
574 2.0014392002138337e-8
575 2.0014392002138337e-8
576 2.0014392002138337e-8
577 2.0014392002138337e-8
578 2.0014392002138337e-8
579 2.0014392002138337e-8
580 2.0014392002138337e-8
581 2.0014392002138337e-8
582 2.0014392002138337e-8
583 2.0014392002138337e-8
584 2.0014392002138337e-8
585 2.0014392002138337e-8
586 2.0014392002138337e-8
587 2.0014392002138337e-8
588 2.0346042515653785e-8
589 2.0346042515653785e-8
590 2.0346042515653785e-8
591 2.0576755730348307e-8
592 2.0576755730348307e-8
593 2.0576755730348307e-8
594 2.0576755730348307e-8
595 2.0576755730348307e-8
596 2.0576755730348307e-8
597 2.0576755730348307e-8
598 2.0576755730348307e-8
599 2.0576755730348307e-8
600 2.0576755730348307e-8
601 2.0576755730348307e-8
602 2.0576755730348307e-8
603 2.0576755730348307e-8
604 2.0576755730348307e-8
605 2.0576755730348307e-8
606 2.0576755730348307e-8
607 2.0576755730348307e-8
608 2.0576755730348307e-8
609 2.0576755730348307e-8
610 2.0576755730348307e-8
611 2.0576755730348307e-8
612 2.0576755730348307e-8
613 2.0576755730348307e-8
614 2.0576755730348307e-8
615 2.0576755730348307e-8
616 2.0576755730348307e-8
617 2.0576755730348307e-8
618 2.1382650379660103e-8
619 2.1382650379660103e-8
620 2.1382650379660103e-8
621 2.1382650379660103e-8
622 2.1382650379660103e-8
623 2.1382650379660103e-8
624 2.1382650379660103e-8
625 2.1382650379660103e-8
626 2.1382650379660103e-8
627 2.1382650379660103e-8
628 2.1382650379660103e-8
629 2.1382650379660103e-8
630 2.1382650379660103e-8
631 2.1382650379660103e-8
632 2.1382650379660103e-8
633 2.1382650379660103e-8
634 2.1382650379660103e-8
635 2.1382650379660103e-8
636 2.1382650379660103e-8
637 2.1382650379660103e-8
638 2.1382650379660103e-8
639 2.1382650379660103e-8
640 2.1382650379660103e-8
641 2.1382650379660103e-8
642 2.1382650379660103e-8
643 2.1382650379660103e-8
644 2.1382650379660103e-8
645 2.1382650379660103e-8
646 2.1382650379660103e-8
647 2.1382650379660103e-8
648 2.1382650379660103e-8
649 2.1382650379660103e-8
650 2.1382650379660103e-8
651 2.1382650379660103e-8
652 2.1382650379660103e-8
653 2.1382650379660103e-8
654 2.1382650379660103e-8
655 2.1382650379660103e-8
656 2.1382650379660103e-8
657 2.1382650379660103e-8
658 2.1382650379660103e-8
659 2.1382650379660103e-8
660 2.1382650379660103e-8
661 2.1382650379660103e-8
662 2.1382650379660103e-8
663 2.1382650379660103e-8
664 2.1382650379660103e-8
665 2.1382650379660103e-8
666 2.1382650379660103e-8
667 2.1382650379660103e-8
668 2.1382650379660103e-8
669 2.1382650379660103e-8
670 2.1382650379660103e-8
671 2.1382650379660103e-8
672 2.1382650379660103e-8
673 2.1382650379660103e-8
674 2.1382650379660103e-8
675 2.1382650379660103e-8
676 2.1382650379660103e-8
677 2.1382650379660103e-8
678 2.1382650379660103e-8
679 2.1382650379660103e-8
680 2.1382650379660103e-8
681 2.1382650379660103e-8
682 2.1382650379660103e-8
683 2.1382650379660103e-8
684 2.1382650379660103e-8
685 2.1382650379660103e-8
686 2.1382650379660103e-8
687 2.1382650379660103e-8
688 2.1382650379660103e-8
689 2.1382650379660103e-8
690 2.1382650379660103e-8
691 2.1382650379660103e-8
692 2.1382650379660103e-8
693 2.1382650379660103e-8
694 2.28518460560028e-8
695 2.28518460560028e-8
696 2.28518460560028e-8
697 2.28518460560028e-8
698 2.28518460560028e-8
699 2.28518460560028e-8
700 2.28518460560028e-8
701 2.28518460560028e-8
702 2.28518460560028e-8
703 2.28518460560028e-8
704 2.28518460560028e-8
705 2.28518460560028e-8
706 2.28518460560028e-8
707 2.28518460560028e-8
708 2.28518460560028e-8
709 2.28518460560028e-8
710 2.28518460560028e-8
711 2.28518460560028e-8
712 2.28518460560028e-8
713 2.28518460560028e-8
714 2.28518460560028e-8
715 2.28518460560028e-8
716 2.28518460560028e-8
717 2.28518460560028e-8
718 2.348630785479915e-8
719 2.348630785479915e-8
720 2.348630785479915e-8
721 2.348630785479915e-8
722 2.348630785479915e-8
723 2.348630785479915e-8
724 2.348630785479915e-8
725 2.348630785479915e-8
726 2.348630785479915e-8
727 2.348630785479915e-8
728 2.348630785479915e-8
729 2.348630785479915e-8
730 2.348630785479915e-8
731 2.3734644499030893e-8
732 2.3734644499030893e-8
733 2.3734644499030893e-8
734 2.3734644499030893e-8
735 2.3734644499030893e-8
736 2.3734644499030893e-8
737 2.3734644499030893e-8
738 2.3734644499030893e-8
739 2.3734644499030893e-8
740 2.3734644499030893e-8
741 2.3734644499030893e-8
742 2.3734644499030893e-8
743 2.3734644499030893e-8
744 2.3734644499030893e-8
745 2.3734644499030893e-8
746 2.3734644499030893e-8
747 2.3734644499030893e-8
748 2.3734644499030893e-8
749 2.3734644499030893e-8
750 2.3734644499030893e-8
751 2.3734644499030893e-8
752 2.3734644499030893e-8
753 2.3734644499030893e-8
754 2.3734644499030893e-8
755 2.3734644499030893e-8
756 2.3734644499030893e-8
757 2.3734644499030893e-8
758 2.3734644499030893e-8
759 2.3734644499030893e-8
760 2.3734644499030893e-8
761 2.3734644499030893e-8
762 2.3734644499030893e-8
763 2.3734644499030893e-8
764 2.3734644499030893e-8
765 2.3734644499030893e-8
766 2.437391263213904e-8
767 2.437391263213904e-8
768 2.437391263213904e-8
769 2.437391263213904e-8
770 2.4651089726969096e-8
771 2.4651089726969096e-8
772 2.4651089726969096e-8
773 2.5205442694265445e-8
774 2.5205442694265445e-8
775 2.5205442694265445e-8
776 2.5205442694265445e-8
777 2.5205442694265445e-8
778 2.5205442694265445e-8
779 2.5205442694265445e-8
780 2.5205442694265445e-8
781 2.5205442694265445e-8
782 2.5205442694265445e-8
783 2.5205442694265445e-8
784 2.5205442694265445e-8
785 2.5617202039280893e-8
786 2.5617202039280893e-8
787 2.5617202039280893e-8
788 2.5617202039280893e-8
789 2.5617202039280893e-8
790 2.5617202039280893e-8
791 2.5617202039280893e-8
792 2.5617202039280893e-8
793 2.5617202039280893e-8
794 2.5617202039280893e-8
795 2.5617202039280893e-8
796 2.5617202039280893e-8
797 2.5617202039280893e-8
798 2.5617202039280893e-8
799 2.5617202039280893e-8
800 2.5617202039280893e-8
801 2.5617202039280893e-8
802 2.5617202039280893e-8
803 2.5617202039280893e-8
804 2.5617202039280893e-8
805 2.5617202039280893e-8
806 2.5617202039280893e-8
807 2.6093049305150978e-8
808 2.6093049305150978e-8
809 2.6093049305150978e-8
810 2.6093049305150978e-8
811 2.65464649736264e-8
812 2.65464649736264e-8
813 2.65464649736264e-8
814 2.6926180663805474e-8
815 2.6926180663805474e-8
816 2.6926180663805474e-8
817 2.6926180663805474e-8
818 2.6926180663805474e-8
819 2.6926180663805474e-8
820 2.6926180663805474e-8
821 2.6926180663805474e-8
822 2.6926180663805474e-8
823 2.6926180663805474e-8
824 2.6926180663805474e-8
825 2.6926180663805474e-8
826 2.6926180663805474e-8
827 2.6926180663805474e-8
828 2.6926180663805474e-8
829 2.6926180663805474e-8
830 2.6926180663805474e-8
831 2.6926180663805474e-8
832 2.6926180663805474e-8
833 2.6926180663805474e-8
834 2.6926180663805474e-8
835 2.6926180663805474e-8
836 2.6926180663805474e-8
837 2.6926180663805474e-8
838 2.6926180663805474e-8
839 2.6926180663805474e-8
840 2.6926180663805474e-8
841 2.6926180663805474e-8
842 2.6926180663805474e-8
843 2.6926180663805474e-8
844 2.6926180663805474e-8
845 2.6926180663805474e-8
846 2.6926180663805474e-8
847 2.6926180663805474e-8
848 2.6926180663805474e-8
849 2.6926180663805474e-8
850 2.6926180663805474e-8
851 2.6926180663805474e-8
852 2.6926180663805474e-8
853 2.6926180663805474e-8
854 2.6926180663805474e-8
855 2.6926180663805474e-8
856 2.6926180663805474e-8
857 2.6926180663805474e-8
858 2.6926180663805474e-8
859 2.6926180663805474e-8
860 2.6926180663805474e-8
861 2.6926180663805474e-8
862 2.6926180663805474e-8
863 2.6926180663805474e-8
864 2.6926180663805474e-8
865 2.6926180663805474e-8
866 2.6926180663805474e-8
867 2.6926180663805474e-8
868 2.6926180663805474e-8
869 2.6926180663805474e-8
870 2.6926180663805474e-8
871 2.6926180663805474e-8
872 2.7120043889351823e-8
873 2.7120043889351823e-8
874 2.7120043889351823e-8
875 2.7120043889351823e-8
876 2.7120043889351823e-8
877 2.7120043889351823e-8
878 2.7120043889351823e-8
879 2.7120043889351823e-8
880 2.7120043889351823e-8
881 2.7120043889351823e-8
882 2.7120043889351823e-8
883 2.7120043889351823e-8
884 2.7120043889351823e-8
885 2.7120043889351823e-8
886 2.7120043889351823e-8
887 2.7120043889351823e-8
888 2.7120043889351823e-8
889 2.7120043889351823e-8
890 2.7120043889351823e-8
891 2.769041837847542e-8
892 2.769041837847542e-8
893 2.769041837847542e-8
894 2.769041837847542e-8
895 2.769041837847542e-8
896 2.769041837847542e-8
897 2.769041837847542e-8
898 2.769041837847542e-8
899 2.769041837847542e-8
900 2.769041837847542e-8
901 2.769041837847542e-8
902 2.769041837847542e-8
903 2.775450507696629e-8
904 2.775450507696629e-8
905 2.775450507696629e-8
906 2.775450507696629e-8
907 2.775450507696629e-8
908 2.775450507696629e-8
909 2.7893894883827245e-8
910 2.7893894883827245e-8
911 2.7893894883827245e-8
912 2.7893894883827245e-8
913 2.7893894883827245e-8
914 2.7893894883827245e-8
915 2.8512335160796346e-8
916 2.8512335160796346e-8
917 2.8512335160796346e-8
918 2.8512335160796346e-8
919 2.8512335160796346e-8
920 2.8512335160796346e-8
921 2.8512335160796346e-8
922 2.8512335160796346e-8
923 2.8512335160796346e-8
924 2.8512335160796346e-8
925 2.8512335160796346e-8
926 2.8512335160796346e-8
927 2.8512335160796346e-8
928 2.8512335160796346e-8
929 2.8512335160796346e-8
930 2.8512335160796346e-8
931 2.8512335160796346e-8
932 2.8512335160796346e-8
933 2.885840528842907e-8
934 2.885840528842907e-8
935 2.885840528842907e-8
936 2.885840528842907e-8
937 2.902503180463272e-8
938 2.902503180463272e-8
939 2.902503180463272e-8
940 2.902503180463272e-8
941 2.902503180463272e-8
942 2.902503180463272e-8
943 2.902503180463272e-8
944 2.902503180463272e-8
945 2.902503180463272e-8
946 2.9141990625280897e-8
947 2.9141990625280897e-8
948 2.9141990625280897e-8
949 2.9141990625280897e-8
950 2.9141990625280897e-8
951 2.9141990625280897e-8
952 2.9141990625280897e-8
953 2.9141990625280897e-8
954 2.946242656246278e-8
955 2.946242656246278e-8
956 2.946242656246278e-8
957 2.946242656246278e-8
958 2.946242656246278e-8
959 2.982451882310463e-8
960 2.982451882310463e-8
961 2.982451882310463e-8
962 2.982451882310463e-8
963 2.982451882310463e-8
964 2.982451882310463e-8
965 2.982451882310463e-8
966 2.982451882310463e-8
967 2.982451882310463e-8
968 2.982451882310463e-8
969 2.982451882310463e-8
970 2.982451882310463e-8
971 2.982451882310463e-8
972 2.982451882310463e-8
973 2.982451882310463e-8
974 2.982451882310463e-8
975 2.982451882310463e-8
976 2.982451882310463e-8
977 2.982451882310463e-8
978 3.0277935102761935e-8
979 3.0277935102761935e-8
980 3.0277935102761935e-8
981 3.0277935102761935e-8
982 3.0277935102761935e-8
983 3.055511158641011e-8
984 3.055511158641011e-8
985 3.096687093142556e-8
986 3.096687093142556e-8
987 3.096687093142556e-8
988 3.096687093142556e-8
989 3.096687093142556e-8
990 3.096687093142556e-8
991 3.096687093142556e-8
992 3.096687093142556e-8
993 3.096687093142556e-8
994 3.096687093142556e-8
995 3.096687093142556e-8
996 3.096687093142556e-8
997 3.096687093142556e-8
998 3.096687093142556e-8
999 3.096687093142556e-8
1000 3.114150820854284e-8
1001 3.114150820854284e-8
1002 3.114150820854284e-8
1003 3.154685931153652e-8
1004 3.154685931153652e-8
1005 3.154685931153652e-8
1006 3.154685931153652e-8
1007 3.154685931153652e-8
1008 3.154685931153652e-8
1009 3.154685931153652e-8
1010 3.154685931153652e-8
1011 3.154685931153652e-8
1012 3.154685931153652e-8
1013 3.154685931153652e-8
1014 3.154685931153652e-8
1015 3.154685931153652e-8
1016 3.154685931153652e-8
1017 3.154685931153652e-8
1018 3.154685931153652e-8
1019 3.154685931153652e-8
1020 3.154685931153652e-8
1021 3.154685931153652e-8
1022 3.188812310485744e-8
1023 3.188812310485744e-8
1024 3.259788678966011e-8
1025 3.259788678966011e-8
1026 3.294555882500281e-8
1027 3.294555882500281e-8
1028 3.294555882500281e-8
1029 3.294555882500281e-8
1030 3.294555882500281e-8
1031 3.294555882500281e-8
1032 3.294555882500281e-8
1033 3.294555882500281e-8
1034 3.294555882500281e-8
1035 3.363930159916011e-8
1036 3.363930159916011e-8
1037 3.363930159916011e-8
1038 3.363930159916011e-8
1039 3.363930159916011e-8
1040 3.363930159916011e-8
1041 3.363930159916011e-8
1042 3.363930159916011e-8
1043 3.363930159916011e-8
1044 3.363930159916011e-8
1045 3.363930159916011e-8
1046 3.363930159916011e-8
1047 3.363930159916011e-8
1048 3.363930159916011e-8
1049 3.457657468323736e-8
1050 3.457657468323736e-8
1051 3.457657468323736e-8
1052 3.457657468323736e-8
1053 3.457657468323736e-8
1054 3.457657468323736e-8
1055 3.457657468323736e-8
1056 3.457657468323736e-8
1057 3.457657468323736e-8
1058 3.457657468323736e-8
1059 3.457657468323736e-8
1060 3.457657468323736e-8
1061 3.457657468323736e-8
1062 3.457657468323736e-8
1063 3.457657468323736e-8
1064 3.457657468323736e-8
1065 3.480248217480196e-8
1066 3.480248217480196e-8
1067 3.480248217480196e-8
1068 3.480248217480196e-8
1069 3.480248217480196e-8
1070 3.480248217480196e-8
1071 3.480248217480196e-8
1072 3.480248217480196e-8
1073 3.480248217480196e-8
1074 3.480248217480196e-8
1075 3.480248217480196e-8
1076 3.480248217480196e-8
1077 3.577179891371558e-8
1078 3.577179891371558e-8
1079 3.577179891371558e-8
1080 3.577179891371558e-8
1081 3.577179891371558e-8
1082 3.577179891371558e-8
1083 3.577179891371558e-8
1084 3.577179891371558e-8
1085 3.577179891371558e-8
1086 3.577179891371558e-8
1087 3.577179891371558e-8
1088 3.577179891371558e-8
1089 3.577179891371558e-8
1090 3.577179891371558e-8
1091 3.577179891371558e-8
1092 3.577179891371558e-8
1093 3.577179891371558e-8
1094 3.753739824449929e-8
1095 3.753739824449929e-8
1096 3.856759725530196e-8
1097 3.856759725530196e-8
1098 3.856759725530196e-8
1099 3.856759725530196e-8
1100 3.856759725530196e-8
1101 3.9339846953249295e-8
1102 3.9339846953249295e-8
1103 3.9339846953249295e-8
1104 3.9339846953249295e-8
1105 3.9339846953249295e-8
1106 3.9339846953249295e-8
1107 3.9339846953249295e-8
1108 3.9339846953249295e-8
1109 3.9339846953249295e-8
1110 3.9339846953249295e-8
1111 3.9339846953249295e-8
1112 3.9339846953249295e-8
1113 3.9339846953249295e-8
1114 3.9339846953249295e-8
1115 4.0023977058783e-8
1116 4.0023977058783e-8
1117 4.0023977058783e-8
1118 4.0023977058783e-8
1119 4.0023977058783e-8
1120 4.0023977058783e-8
1121 4.0023977058783e-8
1122 4.0023977058783e-8
1123 4.0023977058783e-8
1124 4.0023977058783e-8
1125 4.0023977058783e-8
1126 4.0023977058783e-8
1127 4.0023977058783e-8
1128 4.0023977058783e-8
1129 4.0023977058783e-8
1130 4.0023977058783e-8
1131 4.0023977058783e-8
1132 4.0023977058783e-8
1133 4.0023977058783e-8
1134 4.0023977058783e-8
1135 4.0023977058783e-8
1136 4.0023977058783e-8
1137 4.0023977058783e-8
1138 4.0023977058783e-8
1139 4.0023977058783e-8
1140 4.0232260509628506e-8
1141 4.0232260509628506e-8
1142 4.0232260509628506e-8
1143 4.0232260509628506e-8
1144 4.0232260509628506e-8
1145 4.0232260509628506e-8
1146 4.0232260509628506e-8
1147 4.0232260509628506e-8
1148 4.0232260509628506e-8
1149 4.0232260509628506e-8
1150 4.0232260509628506e-8
1151 4.0232260509628506e-8
1152 4.05623085042521e-8
1153 4.05623085042521e-8
1154 4.05623085042521e-8
1155 4.05623085042521e-8
1156 4.05623085042521e-8
1157 4.05623085042521e-8
1158 4.05623085042521e-8
1159 4.05623085042521e-8
1160 4.05623085042521e-8
1161 4.05623085042521e-8
1162 4.05623085042521e-8
1163 4.05623085042521e-8
1164 4.05623085042521e-8
1165 4.05623085042521e-8
1166 4.05623085042521e-8
1167 4.05623085042521e-8
1168 4.05623085042521e-8
1169 4.05623085042521e-8
1170 4.05623085042521e-8
1171 4.05623085042521e-8
1172 4.05623085042521e-8
1173 4.05623085042521e-8
1174 4.05623085042521e-8
1175 4.0956443808548454e-8
1176 4.0956443808548454e-8
1177 4.0956443808548454e-8
1178 4.0956443808548454e-8
1179 4.0956443808548454e-8
1180 4.0956443808548454e-8
1181 4.0956443808548454e-8
1182 4.0956443808548454e-8
1183 4.0956443808548454e-8
1184 4.0956443808548454e-8
1185 4.0956443808548454e-8
1186 4.0956443808548454e-8
1187 4.0956443808548454e-8
1188 4.0956443808548454e-8
1189 4.0956443808548454e-8
1190 4.0956443808548454e-8
1191 4.0956443808548454e-8
1192 4.0956443808548454e-8
1193 4.0956443808548454e-8
1194 4.0956443808548454e-8
1195 4.0956443808548454e-8
1196 4.0956443808548454e-8
1197 4.0956443808548454e-8
1198 4.0956443808548454e-8
1199 4.0956443808548454e-8
1200 4.0956443808548454e-8
1201 4.0956443808548454e-8
1202 4.0956443808548454e-8
1203 4.0956443808548454e-8
1204 4.0956443808548454e-8
1205 4.0956443808548454e-8
1206 4.0956443808548454e-8
1207 4.0956443808548454e-8
1208 4.0956443808548454e-8
1209 4.0956443808548454e-8
1210 4.0956443808548454e-8
1211 4.0956443808548454e-8
1212 4.0956443808548454e-8
1213 4.0956443808548454e-8
1214 4.1525216389962076e-8
1215 4.1525216389962076e-8
1216 4.203951494150842e-8
1217 4.203951494150842e-8
1218 4.203951494150842e-8
1219 4.248972557220014e-8
1220 4.248972557220014e-8
1221 4.248972557220014e-8
1222 4.248972557220014e-8
1223 4.248972557220014e-8
1224 4.248972557220014e-8
1225 4.248972557220014e-8
1226 4.248972557220014e-8
1227 4.248972557220014e-8
1228 4.248972557220014e-8
1229 4.248972557220014e-8
1230 4.474559056060744e-8
1231 4.474559056060744e-8
1232 4.474559056060744e-8
1233 4.474559056060744e-8
1234 4.474559056060744e-8
1235 4.474559056060744e-8
1236 4.474559056060744e-8
1237 4.474559056060744e-8
1238 4.474559056060744e-8
1239 4.474559056060744e-8
1240 4.474559056060744e-8
1241 4.474559056060744e-8
1242 4.474559056060744e-8
1243 4.474559056060744e-8
1244 4.474559056060744e-8
1245 4.474559056060744e-8
1246 4.5372042209672045e-8
1247 4.5372042209672045e-8
1248 4.5372042209672045e-8
1249 4.5372042209672045e-8
1250 4.5372042209672045e-8
1251 4.5372042209672045e-8
1252 4.5372042209672045e-8
1253 4.5372042209672045e-8
1254 4.5372042209672045e-8
1255 4.5372042209672045e-8
1256 4.5372042209672045e-8
1257 4.5372042209672045e-8
1258 4.5372042209672045e-8
1259 4.5372042209672045e-8
1260 4.5372042209672045e-8
1261 4.5372042209672045e-8
1262 4.5372042209672045e-8
1263 4.5372042209672045e-8
1264 4.5372042209672045e-8
1265 4.6362187415906596e-8
1266 4.6362187415906596e-8
1267 4.6362187415906596e-8
1268 4.660251452158848e-8
1269 4.660251452158848e-8
1270 4.660251452158848e-8
1271 4.685085238818398e-8
1272 4.685085238818398e-8
1273 4.685085238818398e-8
1274 4.685085238818398e-8
1275 4.685085238818398e-8
1276 4.685085238818398e-8
1277 4.685085238818398e-8
1278 4.685085238818398e-8
1279 4.685085238818398e-8
1280 4.685085238818398e-8
1281 4.685085238818398e-8
1282 4.685085238818398e-8
1283 4.717769595620575e-8
1284 4.717769595620575e-8
1285 4.717769595620575e-8
1286 4.717769595620575e-8
1287 4.717769595620575e-8
1288 4.7773705246962074e-8
1289 4.7773705246962074e-8
1290 4.7773705246962074e-8
1291 4.8223917711199434e-8
1292 4.8223917711199434e-8
1293 4.8223917711199434e-8
1294 4.8223917711199434e-8
1295 4.841297460243398e-8
1296 4.841297460243398e-8
1297 4.841297460243398e-8
1298 4.841297460243398e-8
1299 4.841297460243398e-8
1300 4.841297460243398e-8
1301 4.841297460243398e-8
1302 4.841297460243398e-8
1303 4.841297460243398e-8
1304 4.841297460243398e-8
1305 4.969151209101404e-8
1306 4.969151209101404e-8
1307 4.969151209101404e-8
1308 4.969151209101404e-8
1309 4.969151209101404e-8
1310 4.969151209101404e-8
1311 4.969151209101404e-8
1312 4.969151209101404e-8
1313 4.969151209101404e-8
1314 5.071530347097682e-8
1315 5.071530347097682e-8
1316 5.071530347097682e-8
1317 5.071530347097682e-8
1318 5.071530347097682e-8
1319 5.071530347097682e-8
1320 5.071530347097682e-8
1321 5.071530347097682e-8
1322 5.071530347097682e-8
1323 5.071530347097682e-8
1324 5.071530347097682e-8
1325 5.071530347097682e-8
1326 5.071530347097682e-8
1327 5.071530347097682e-8
1328 5.071530347097682e-8
1329 5.071530347097682e-8
1330 5.0902757843319516e-8
1331 5.197942073425772e-8
1332 5.197942073425772e-8
1333 5.197942073425772e-8
1334 5.197942073425772e-8
1335 5.2881446348078646e-8
1336 5.2881446348078646e-8
1337 5.2881446348078646e-8
1338 5.2881446348078646e-8
1339 5.2881446348078646e-8
1340 5.2881446348078646e-8
1341 5.2881446348078646e-8
1342 5.2881446348078646e-8
1343 5.2881446348078646e-8
1344 5.2881446348078646e-8
1345 5.2881446348078646e-8
1346 5.2881446348078646e-8
1347 5.2881446348078646e-8
1348 5.2881446348078646e-8
1349 5.2881446348078646e-8
1350 5.2881446348078646e-8
1351 5.2881446348078646e-8
1352 5.2881446348078646e-8
1353 5.2881446348078646e-8
1354 5.2881446348078646e-8
1355 5.2881446348078646e-8
1356 5.2881446348078646e-8
1357 5.320027915518679e-8
1358 5.320027915518679e-8
1359 5.335088353838131e-8
1360 5.335088353838131e-8
1361 5.335088353838131e-8
1362 5.335088353838131e-8
1363 5.335088353838131e-8
1364 5.335088353838131e-8
1365 5.335088353838131e-8
1366 5.335088353838131e-8
1367 5.335088353838131e-8
1368 5.335088353838131e-8
1369 5.335088353838131e-8
1370 5.353032714981039e-8
1371 5.353032714981039e-8
1372 5.353032714981039e-8
1373 5.353032714981039e-8
1374 5.353032714981039e-8
1375 5.353032714981039e-8
1376 5.353032714981039e-8
1377 5.353032714981039e-8
1378 5.353032714981039e-8
1379 5.353032714981039e-8
1380 5.353032714981039e-8
1381 5.353032714981039e-8
1382 5.353032714981039e-8
1383 5.353032714981039e-8
1384 5.353032714981039e-8
1385 5.353032714981039e-8
1386 5.353032714981039e-8
1387 5.353032714981039e-8
1388 5.353032714981039e-8
1389 5.353032714981039e-8
1390 5.428655471474859e-8
1391 5.428655471474859e-8
1392 5.428655471474859e-8
1393 5.428655471474859e-8
1394 5.428655471474859e-8
1395 5.428655471474859e-8
1396 5.428655471474859e-8
1397 5.428655471474859e-8
1398 5.428655471474859e-8
1399 5.428655471474859e-8
1400 5.428655471474859e-8
1401 5.428655471474859e-8
1402 5.428655471474859e-8
1403 5.428655471474859e-8
1404 5.428655471474859e-8
1405 5.4747981755319514e-8
1406 5.4747981755319514e-8
1407 5.4747981755319514e-8
1408 5.4747981755319514e-8
1409 5.5517026415483136e-8
1410 5.5517026415483136e-8
1411 5.6284469167936786e-8
1412 5.6284469167936786e-8
1413 5.658728045321768e-8
1414 5.658728045321768e-8
1415 5.658728045321768e-8
1416 5.658728045321768e-8
1417 5.7015060708878496e-8
1418 5.7015060708878496e-8
1419 5.738516311925209e-8
1420 5.738516311925209e-8
1421 5.738516311925209e-8
1422 5.738516311925209e-8
1423 5.804045338536936e-8
1424 5.804045338536936e-8
1425 5.804045338536936e-8
1426 5.804045338536936e-8
1427 5.804045338536936e-8
1428 5.804045338536936e-8
1429 5.804045338536936e-8
1430 5.804045338536936e-8
1431 5.804045338536936e-8
1432 5.804045338536936e-8
1433 5.804045338536936e-8
1434 5.804045338536936e-8
1435 5.804045338536936e-8
1436 5.839293175502386e-8
1437 5.839293175502386e-8
1438 5.839293175502386e-8
1439 5.839293175502386e-8
1440 5.839293175502386e-8
1441 5.839293175502386e-8
1442 5.839293175502386e-8
1443 5.839293175502386e-8
1444 5.839293175502386e-8
1445 5.839293175502386e-8
1446 5.839293175502386e-8
1447 5.839293175502386e-8
1448 5.839293175502386e-8
1449 5.839293175502386e-8
1450 5.8854358184412904e-8
1451 5.8854358184412904e-8
1452 5.8854358184412904e-8
1453 5.8854358184412904e-8
1454 5.8854358184412904e-8
1455 5.8854358184412904e-8
1456 5.8854358184412904e-8
1457 5.8854358184412904e-8
1458 5.8854358184412904e-8
1459 5.8854358184412904e-8
1460 5.8854358184412904e-8
1461 5.8854358184412904e-8
1462 5.8854358184412904e-8
1463 5.8854358184412904e-8
1464 5.8854358184412904e-8
1465 5.8854358184412904e-8
1466 5.8854358184412904e-8
1467 5.8854358184412904e-8
1468 5.8854358184412904e-8
1469 5.8854358184412904e-8
1470 5.8854358184412904e-8
1471 5.8854358184412904e-8
1472 5.8854358184412904e-8
1473 5.8854358184412904e-8
1474 5.8854358184412904e-8
1475 5.8854358184412904e-8
1476 5.8854358184412904e-8
1477 5.8854358184412904e-8
1478 5.906905048846206e-8
1479 5.906905048846206e-8
1480 5.917639602930475e-8
1481 5.917639602930475e-8
1482 5.917639602930475e-8
1483 5.917639602930475e-8
1484 5.917639602930475e-8
1485 5.917639602930475e-8
1486 6.033797408605475e-8
1487 6.033797408605475e-8
1488 6.033797408605475e-8
1489 6.033797408605475e-8
1490 6.033797408605475e-8
1491 6.033797408605475e-8
1492 6.033797408605475e-8
1493 6.217086454193115e-8
1494 6.217086454193115e-8
1495 6.217086454193115e-8
1496 6.217086454193115e-8
1497 6.217086454193115e-8
1498 6.217086454193115e-8
1499 6.217086454193115e-8
1500 6.217086454193115e-8
1501 6.217086454193115e-8
1502 6.217086454193115e-8
1503 6.217086454193115e-8
1504 6.217086454193115e-8
1505 6.217086454193115e-8
1506 6.217086454193115e-8
1507 6.217086454193115e-8
1508 6.217086454193115e-8
1509 6.217086454193115e-8
1510 6.217086454193115e-8
1511 6.217086454193115e-8
1512 6.217086454193115e-8
1513 6.217086454193115e-8
1514 6.217086454193115e-8
1515 6.217086454193115e-8
1516 6.217086454193115e-8
1517 6.217086454193115e-8
1518 6.217086454193115e-8
1519 6.217086454193115e-8
1520 6.217086454193115e-8
1521 6.217086454193115e-8
1522 6.217086454193115e-8
1523 6.217086454193115e-8
1524 6.217086454193115e-8
1525 6.217086454193115e-8
1526 6.217086454193115e-8
1527 6.217086454193115e-8
1528 6.217086454193115e-8
1529 6.217086454193115e-8
1530 6.217086454193115e-8
1531 6.217086454193115e-8
1532 6.217086454193115e-8
1533 6.217086454193115e-8
1534 6.285659594399295e-8
1535 6.285659594399295e-8
1536 6.285659594399295e-8
1537 6.285659594399295e-8
1538 6.37169652343539e-8
1539 6.37169652343539e-8
1540 6.37169652343539e-8
1541 6.37169652343539e-8
1542 6.415916571531387e-8
1543 6.415916571531387e-8
1544 6.415916571531387e-8
1545 6.415916571531387e-8
1546 6.415916571531387e-8
1547 6.415916571531387e-8
1548 6.415916571531387e-8
1549 6.415916571531387e-8
1550 6.415916571531387e-8
1551 6.415916571531387e-8
1552 6.415916571531387e-8
1553 6.415916571531387e-8
1554 6.415916571531387e-8
1555 6.415916571531387e-8
1556 6.415916571531387e-8
1557 6.415916571531387e-8
1558 6.415916571531387e-8
1559 6.415916571531387e-8
1560 6.415916571531387e-8
1561 6.415916571531387e-8
1562 6.415916571531387e-8
1563 6.415916571531387e-8
1564 6.415916571531387e-8
1565 6.415916571531387e-8
1566 6.415916571531387e-8
1567 6.415916571531387e-8
1568 6.415916571531387e-8
1569 6.415916571531387e-8
1570 6.47984344596039e-8
1571 6.47984344596039e-8
1572 6.47984344596039e-8
1573 6.47984344596039e-8
1574 6.47984344596039e-8
1575 6.47984344596039e-8
1576 6.47984344596039e-8
1577 6.47984344596039e-8
1578 6.47984344596039e-8
1579 6.47984344596039e-8
1580 6.47984344596039e-8
1581 6.47984344596039e-8
1582 6.47984344596039e-8
1583 6.47984344596039e-8
1584 6.47984344596039e-8
1585 6.47984344596039e-8
1586 6.47984344596039e-8
1587 6.47984344596039e-8
1588 6.47984344596039e-8
1589 6.47984344596039e-8
1590 6.47984344596039e-8
1591 6.526627035337848e-8
1592 6.526627035337848e-8
1593 6.526627035337848e-8
1594 6.526627035337848e-8
1595 6.526627035337848e-8
1596 6.526627035337848e-8
1597 6.526627035337848e-8
1598 6.526627035337848e-8
1599 6.526627035337848e-8
1600 6.526627035337848e-8
1601 6.526627035337848e-8
1602 6.526627035337848e-8
1603 6.526627035337848e-8
1604 6.526627035337848e-8
1605 6.56507936002331e-8
1606 6.56507936002331e-8
1607 6.56507936002331e-8
1608 6.56507936002331e-8
1609 6.56507936002331e-8
1610 6.56507936002331e-8
1611 6.56507936002331e-8
1612 6.56507936002331e-8
1613 6.56507936002331e-8
1614 6.56507936002331e-8
1615 6.56507936002331e-8
1616 6.614586620335038e-8
1617 6.614586620335038e-8
1618 6.614586620335038e-8
1619 6.614586620335038e-8
1620 6.614586620335038e-8
1621 6.614586620335038e-8
1622 6.614586620335038e-8
1623 6.614586620335038e-8
1624 6.614586620335038e-8
1625 6.614586620335038e-8
1626 6.614586620335038e-8
1627 6.614586620335038e-8
1628 6.639740788536584e-8
1629 6.639740788536584e-8
1630 6.639740788536584e-8
1631 6.685242607273311e-8
1632 6.685242607273311e-8
1633 6.685242607273311e-8
1634 6.685242607273311e-8
1635 6.685242607273311e-8
1636 6.685242607273311e-8
1637 6.685242607273311e-8
1638 6.685242607273311e-8
1639 6.685242607273311e-8
1640 6.685242607273311e-8
1641 6.707192409991218e-8
1642 6.707192409991218e-8
1643 6.707192409991218e-8
1644 6.707192409991218e-8
1645 6.707192409991218e-8
1646 6.707192409991218e-8
1647 6.707192409991218e-8
1648 6.707192409991218e-8
1649 6.707192409991218e-8
1650 6.707192409991218e-8
1651 6.707192409991218e-8
1652 6.707192409991218e-8
1653 6.707192409991218e-8
1654 6.707192409991218e-8
1655 6.707192409991218e-8
1656 6.707192409991218e-8
1657 6.707192409991218e-8
1658 6.707192409991218e-8
1659 6.707192409991218e-8
1660 6.707192409991218e-8
1661 6.707192409991218e-8
1662 6.707192409991218e-8
1663 6.707192409991218e-8
1664 6.707192409991218e-8
1665 6.707192409991218e-8
1666 6.707192409991218e-8
1667 6.707192409991218e-8
1668 6.707192409991218e-8
1669 6.707192409991218e-8
1670 6.737473599637495e-8
1671 6.737473599637495e-8
1672 6.737473599637495e-8
1673 6.737473599637495e-8
1674 6.737473599637495e-8
1675 6.784898013217131e-8
1676 6.793709911340304e-8
1677 6.793709911340304e-8
1678 6.793709911340304e-8
1679 6.793709911340304e-8
1680 6.793709911340304e-8
1681 6.793709911340304e-8
1682 6.793709911340304e-8
1683 6.793709911340304e-8
1684 6.793709911340304e-8
1685 6.793709911340304e-8
1686 6.977800033019307e-8
1687 6.977800033019307e-8
1688 6.977800033019307e-8
1689 6.977800033019307e-8
1690 6.977800033019307e-8
1691 6.977800033019307e-8
1692 7.018174830311302e-8
1693 7.018174830311302e-8
1694 7.018174830311302e-8
1695 7.018174830311302e-8
1696 7.018174830311302e-8
1697 7.018174830311302e-8
1698 7.018174830311302e-8
1699 7.018174830311302e-8
1700 7.018174830311302e-8
1701 7.018174830311302e-8
1702 7.018174830311302e-8
1703 7.018174830311302e-8
1704 7.018174830311302e-8
1705 7.018174830311302e-8
1706 7.018174830311302e-8
1707 7.018174830311302e-8
1708 7.018174830311302e-8
1709 7.018174830311302e-8
1710 7.018174830311302e-8
1711 7.018174830311302e-8
1712 7.018174830311302e-8
1713 7.018174830311302e-8
1714 7.018174830311302e-8
1715 6.930856130634476e-8
1716 6.930856130634476e-8
1717 6.930856130634476e-8
1718 6.930856130634476e-8
1719 6.930856130634476e-8
1720 6.970269661064111e-8
1721 6.98805383143602e-8
1722 6.98805383143602e-8
1723 6.98805383143602e-8
1724 6.98805383143602e-8
1725 6.98805383143602e-8
1726 6.98805383143602e-8
1727 6.98805383143602e-8
1728 6.98805383143602e-8
1729 6.98805383143602e-8
1730 7.007600344761653e-8
1731 7.007600344761653e-8
1732 7.007600344761653e-8
1733 7.055024758341288e-8
1734 7.055024758341288e-8
1735 7.055024758341288e-8
1736 7.055024758341288e-8
1737 7.055024758341288e-8
1738 7.055024758341288e-8
1739 7.055024758341288e-8
1740 7.055024758341288e-8
1741 7.055024758341288e-8
1742 7.055024758341288e-8
1743 7.123597898547468e-8
1744 7.123597898547468e-8
1745 7.123597898547468e-8
1746 7.123597898547468e-8
1747 7.123597898547468e-8
1748 7.123597898547468e-8
1749 7.123597898547468e-8
1750 7.123597898547468e-8
1751 7.123597898547468e-8
1752 7.123597898547468e-8
1753 7.13497339907029e-8
1754 7.13497339907029e-8
1755 7.13497339907029e-8
1756 7.13497339907029e-8
1757 7.13497339907029e-8
1758 7.13497339907029e-8
1759 7.2568990503922e-8
1760 7.2568990503922e-8
1761 7.2568990503922e-8
1762 7.2568990503922e-8
1763 7.2568990503922e-8
1764 7.2568990503922e-8
1765 7.2568990503922e-8
1766 7.2568990503922e-8
1767 7.2568990503922e-8
1768 7.2568990503922e-8
1769 7.2568990503922e-8
1770 7.2568990503922e-8
1771 7.2568990503922e-8
1772 7.2568990503922e-8
1773 7.2568990503922e-8
1774 7.2568990503922e-8
1775 7.2568990503922e-8
1776 7.2568990503922e-8
1777 7.2568990503922e-8
1778 7.2568990503922e-8
1779 7.2568990503922e-8
1780 7.2568990503922e-8
1781 7.2568990503922e-8
1782 7.2568990503922e-8
1783 7.2568990503922e-8
1784 7.2568990503922e-8
1785 7.2568990503922e-8
1786 7.2568990503922e-8
1787 7.2568990503922e-8
1788 7.2568990503922e-8
1789 7.2568990503922e-8
1790 7.2568990503922e-8
1791 7.2568990503922e-8
1792 7.2568990503922e-8
1793 7.2568990503922e-8
1794 7.2568990503922e-8
1795 7.2568990503922e-8
1796 7.2568990503922e-8
1797 7.2568990503922e-8
1798 7.2568990503922e-8
1799 7.2568990503922e-8
1800 7.2568990503922e-8
1801 7.2568990503922e-8
1802 7.2568990503922e-8
1803 7.2568990503922e-8
1804 7.2568990503922e-8
1805 7.2568990503922e-8
1806 7.2568990503922e-8
1807 7.2568990503922e-8
1808 7.2568990503922e-8
1809 7.2568990503922e-8
1810 7.2568990503922e-8
1811 7.2568990503922e-8
1812 7.288942644110388e-8
1813 7.288942644110388e-8
1814 7.288942644110388e-8
1815 7.368891223721202e-8
1816 7.368891223721202e-8
1817 7.368891223721202e-8
1818 7.368891223721202e-8
1819 7.368891223721202e-8
1820 7.368891223721202e-8
1821 7.368891223721202e-8
1822 7.368891223721202e-8
1823 7.368891223721202e-8
1824 7.368891223721202e-8
1825 7.368891223721202e-8
1826 7.368891223721202e-8
1827 7.368891223721202e-8
1828 7.368891223721202e-8
1829 7.368891223721202e-8
1830 7.368891223721202e-8
1831 7.368891223721202e-8
1832 7.368891223721202e-8
1833 7.368891223721202e-8
1834 7.368891223721202e-8
1835 7.368891223721202e-8
1836 7.368891223721202e-8
1837 7.368891223721202e-8
1838 7.368891223721202e-8
1839 7.368891223721202e-8
1840 7.368891223721202e-8
1841 7.368891223721202e-8
1842 7.368891223721202e-8
1843 7.368891223721202e-8
1844 7.368891223721202e-8
1845 7.368891223721202e-8
1846 7.368891223721202e-8
1847 7.368891223721202e-8
1848 7.368891223721202e-8
1849 7.368891223721202e-8
1850 7.368891223721202e-8
1851 7.368891223721202e-8
1852 7.368891223721202e-8
1853 7.368891223721202e-8
1854 7.368891223721202e-8
1855 7.368891223721202e-8
1856 7.368891223721202e-8
1857 7.368891223721202e-8
1858 7.368891223721202e-8
1859 7.368891223721202e-8
1860 7.368891223721202e-8
1861 7.368891223721202e-8
1862 7.368891223721202e-8
1863 7.368891223721202e-8
1864 7.368891223721202e-8
1865 7.368891223721202e-8
1866 7.368891223721202e-8
1867 7.368891223721202e-8
1868 7.380587105786019e-8
1869 7.380587105786019e-8
1870 7.380587105786019e-8
1871 7.380587105786019e-8
1872 7.43570195985547e-8
1873 7.43570195985547e-8
1874 7.43570195985547e-8
1875 7.43570195985547e-8
1876 7.43570195985547e-8
1877 7.43570195985547e-8
1878 7.43570195985547e-8
1879 7.43570195985547e-8
1880 7.516451676675835e-8
1881 7.516451676675835e-8
1882 7.516451676675835e-8
1883 7.516451676675835e-8
1884 7.516451676675835e-8
1885 7.516451676675835e-8
1886 7.516451676675835e-8
1887 7.516451676675835e-8
1888 7.537279960642198e-8
1889 7.537279960642198e-8
1890 7.537279960642198e-8
1891 7.537279960642198e-8
1892 7.537279960642198e-8
1893 7.537279960642198e-8
1894 7.552180147072465e-8
1895 7.552180147072465e-8
1896 7.552180147072465e-8
1897 7.552180147072465e-8
1898 7.552180147072465e-8
1899 7.552180147072465e-8
1900 7.552180147072465e-8
1901 7.552180147072465e-8
1902 7.552180147072465e-8
1903 7.552180147072465e-8
1904 7.552180147072465e-8
1905 7.552180147072465e-8
1906 7.552180147072465e-8
1907 7.552180147072465e-8
1908 7.552180147072465e-8
1909 7.552180147072465e-8
1910 7.58438393156165e-8
1911 7.58438393156165e-8
1912 7.58438393156165e-8
1913 7.58438393156165e-8
1914 7.601046583182015e-8
1915 7.601046583182015e-8
1916 7.601046583182015e-8
1917 7.601046583182015e-8
1918 7.601046583182015e-8
1919 7.601046583182015e-8
1920 7.601046583182015e-8
1921 7.601046583182015e-8
1922 7.601046583182015e-8
1923 7.601046583182015e-8
1924 7.601046583182015e-8
1925 7.601046583182015e-8
1926 7.601046583182015e-8
1927 7.67154237934929e-8
1928 7.67154237934929e-8
1929 7.71480109946474e-8
1930 7.71480109946474e-8
1931 7.71480109946474e-8
1932 7.71480109946474e-8
1933 7.752452286940653e-8
1934 7.752452286940653e-8
1935 7.76318690214311e-8
1936 7.823909411088475e-8
1937 7.823909411088475e-8
1938 7.823909411088475e-8
1939 7.823909411088475e-8
1940 7.823909411088475e-8
1941 7.823909411088475e-8
1942 7.823909411088475e-8
1943 7.823909411088475e-8
1944 7.823909411088475e-8
1945 7.823909411088475e-8
1946 7.823909411088475e-8
1947 7.823909411088475e-8
1948 7.823909411088475e-8
1949 7.823909411088475e-8
1950 7.823909411088475e-8
1951 7.823909411088475e-8
1952 7.823909411088475e-8
1953 7.823909411088475e-8
1954 7.823909411088475e-8
1955 7.899692358353292e-8
1956 7.899692358353292e-8
1957 7.970989169493741e-8
1958 7.970989169493741e-8
1959 7.970989169493741e-8
1960 7.970989169493741e-8
1961 7.970989169493741e-8
1962 7.970989169493741e-8
1963 7.970989169493741e-8
1964 7.970989169493741e-8
1965 7.970989169493741e-8
1966 7.970989169493741e-8
1967 7.970989169493741e-8
1968 7.970989169493741e-8
1969 7.970989169493741e-8
1970 7.970989169493741e-8
1971 8.049175345032646e-8
1972 8.049175345032646e-8
1973 8.079135969782365e-8
1974 8.144024172191916e-8
1975 8.144024172191916e-8
1976 8.144024172191916e-8
1977 8.144024172191916e-8
1978 8.144024172191916e-8
1979 8.144024172191916e-8
1980 8.144024172191916e-8
1981 8.144024172191916e-8
1982 8.144024172191916e-8
1983 8.144024172191916e-8
1984 8.144024172191916e-8
1985 8.144024172191916e-8
1986 8.144024172191916e-8
1987 8.144024172191916e-8
1988 8.144024172191916e-8
1989 8.144024172191916e-8
1990 8.194012004816635e-8
1991 8.194012004816635e-8
1992 8.194012004816635e-8
1993 8.194012004816635e-8
1994 8.194012004816635e-8
1995 8.260342107519725e-8
1996 8.260342107519725e-8
1997 8.260342107519725e-8
1998 8.260342107519725e-8
1999 8.260342107519725e-8
2000 8.260342107519725e-8
2001 8.260342107519725e-8
2002 8.260342107519725e-8
2003 8.260342107519725e-8
2004 8.260342107519725e-8
2005 8.260342107519725e-8
2006 8.260342107519725e-8
2007 8.260342107519725e-8
2008 8.260342107519725e-8
2009 8.260342107519725e-8
2010 8.260342107519725e-8
2011 8.260342107519725e-8
2012 8.28645754258363e-8
2013 8.28645754258363e-8
2014 8.28645754258363e-8
2015 8.28645754258363e-8
2016 8.28645754258363e-8
2017 8.28645754258363e-8
2018 8.28645754258363e-8
2019 8.28645754258363e-8
2020 8.28645754258363e-8
2021 8.28645754258363e-8
2022 8.28645754258363e-8
2023 8.28645754258363e-8
2024 8.28645754258363e-8
2025 8.28645754258363e-8
2026 8.28645754258363e-8
2027 8.28645754258363e-8
2028 8.365765297992268e-8
2029 8.365765297992268e-8
2030 8.365765297992268e-8
2031 8.365765297992268e-8
2032 8.365765297992268e-8
2033 8.365765297992268e-8
2034 8.365765297992268e-8
2035 8.365765297992268e-8
2036 8.365765297992268e-8
2037 8.365765297992268e-8
2038 8.365765297992268e-8
2039 8.365765297992268e-8
2040 8.44395153464936e-8
2041 8.44395153464936e-8
2042 8.44395153464936e-8
2043 8.44395153464936e-8
2044 8.44395153464936e-8
2045 8.44395153464936e-8
2046 8.44395153464936e-8
2047 8.44395153464936e-8
2048 8.44395153464936e-8
2049 8.44395153464936e-8
2050 8.44395153464936e-8
2051 8.44395153464936e-8
2052 8.44395153464936e-8
2053 8.44395153464936e-8
2054 8.44395153464936e-8
2055 8.44395153464936e-8
2056 8.44395153464936e-8
2057 8.44395153464936e-8
2058 8.44395153464936e-8
2059 8.44395153464936e-8
2060 8.44395153464936e-8
2061 8.536076629756173e-8
2062 8.536076629756173e-8
2063 8.536076629756173e-8
2064 8.536076629756173e-8
2065 8.536076629756173e-8
2066 8.536076629756173e-8
2067 8.536076629756173e-8
2068 8.536076629756173e-8
2069 8.536076629756173e-8
2070 8.536076629756173e-8
2071 8.536076629756173e-8
2072 8.536076629756173e-8
2073 8.536076629756173e-8
2074 8.536076629756173e-8
2075 8.536076629756173e-8
2076 8.536076629756173e-8
2077 8.536076629756173e-8
2078 8.536076629756173e-8
2079 8.536076629756173e-8
2080 8.536076629756173e-8
2081 8.536076629756173e-8
2082 8.536076629756173e-8
2083 8.536076629756173e-8
2084 8.536076629756173e-8
2085 8.536076629756173e-8
2086 8.536076629756173e-8
2087 8.536076629756173e-8
2088 8.536076629756173e-8
2089 8.536076629756173e-8
2090 8.536076629756173e-8
2091 8.536076629756173e-8
2092 8.536076629756173e-8
2093 8.536076629756173e-8
2094 8.536076629756173e-8
2095 8.536076629756173e-8
2096 8.536076629756173e-8
2097 8.536076629756173e-8
2098 8.536076629756173e-8
2099 8.536076629756173e-8
2100 8.536076629756173e-8
2101 8.536076629756173e-8
2102 8.536076629756173e-8
2103 8.536076629756173e-8
2104 8.536076629756173e-8
2105 8.536076629756173e-8
2106 8.536076629756173e-8
2107 8.536076629756173e-8
2108 8.536076629756173e-8
2109 8.536076629756173e-8
2110 8.536076629756173e-8
2111 8.536076629756173e-8
2112 8.536076629756173e-8
2113 8.536076629756173e-8
2114 8.536076629756173e-8
2115 8.536076629756173e-8
2116 8.536076629756173e-8
2117 8.536076629756173e-8
2118 8.536076629756173e-8
2119 8.536076629756173e-8
2120 8.536076629756173e-8
2121 8.536076629756173e-8
2122 8.536076629756173e-8
2123 8.536076629756173e-8
2124 8.536076629756173e-8
2125 8.536076629756173e-8
2126 8.536076629756173e-8
2127 8.536076629756173e-8
2128 8.536076629756173e-8
2129 8.536076629756173e-8
2130 8.603528312328996e-8
2131 8.603528312328996e-8
2132 8.603528312328996e-8
2133 8.603528312328996e-8
2134 8.603528312328996e-8
2135 8.603528312328996e-8
2136 8.603528312328996e-8
2137 8.603528312328996e-8
2138 8.668256201731172e-8
2139 8.668256201731172e-8
2140 8.668256201731172e-8
2141 8.687482394632998e-8
2142 8.751249078291004e-8
2143 8.751249078291004e-8
2144 8.793546531544094e-8
2145 8.793546531544094e-8
2146 8.793546531544094e-8
2147 8.793546531544094e-8
2148 8.793546531544094e-8
2149 8.793546531544094e-8
2150 8.793546531544094e-8
2151 8.793546531544094e-8
2152 8.793546531544094e-8
2153 8.793546531544094e-8
2154 8.793546531544094e-8
2155 8.793546531544094e-8
2156 8.793546531544094e-8
2157 8.793546531544094e-8
2158 8.793546531544094e-8
2159 8.793546531544094e-8
2160 8.793546531544094e-8
2161 8.793546531544094e-8
2162 8.793546531544094e-8
2163 8.793546531544094e-8
2164 8.793546531544094e-8
2165 8.793546531544094e-8
2166 8.8973676309521e-8
2167 8.8973676309521e-8
2168 8.8973676309521e-8
2169 8.96850431243974e-8
2170 8.96850431243974e-8
2171 8.96850431243974e-8
2172 8.96850431243974e-8
2173 8.96850431243974e-8
2174 8.96850431243974e-8
2175 8.96850431243974e-8
2176 8.96850431243974e-8
2177 8.96850431243974e-8
2178 8.96850431243974e-8
2179 8.96850431243974e-8
2180 8.980200133386369e-8
2181 8.980200133386369e-8
2182 9.048452830932366e-8
2183 9.048452830932366e-8
2184 9.048452830932366e-8
2185 9.048452830932366e-8
2186 9.080656554303364e-8
2187 9.080656554303364e-8
2188 9.080656554303364e-8
2189 9.080656554303364e-8
2190 9.080656554303364e-8
2191 9.080656554303364e-8
2192 9.080656554303364e-8
2193 9.080656554303364e-8
2194 9.080656554303364e-8
2195 9.080656554303364e-8
2196 9.080656554303364e-8
2197 9.176626961332367e-8
2198 9.176626961332367e-8
2199 9.226134160525905e-8
2200 9.226134160525905e-8
2201 9.226134160525905e-8
2202 9.226134160525905e-8
2203 9.226134160525905e-8
2204 9.226134160525905e-8
2205 9.226134160525905e-8
2206 9.226134160525905e-8
2207 9.233984852904909e-8
2208 9.233984852904909e-8
2209 9.233984852904909e-8
2210 9.233984852904909e-8
2211 9.264906866753364e-8
2212 9.264906866753364e-8
2213 9.264906866753364e-8
2214 9.264906866753364e-8
2215 9.264906866753364e-8
2216 9.264906866753364e-8
2217 9.264906866753364e-8
2218 9.264906866753364e-8
2219 9.264906866753364e-8
2220 9.264906866753364e-8
2221 9.264906866753364e-8
2222 9.264906866753364e-8
2223 9.264906866753364e-8
2224 9.264906866753364e-8
2225 9.264906866753364e-8
2226 9.264906866753364e-8
2227 9.264906866753364e-8
2228 9.264906866753364e-8
2229 9.264906866753364e-8
2230 9.264906866753364e-8
2231 9.398528461258279e-8
2232 9.398528461258279e-8
2233 9.430892436518461e-8
2234 9.430892436518461e-8
2235 9.430892436518461e-8
2236 9.430892436518461e-8
2237 9.430892436518461e-8
2238 9.430892436518461e-8
2239 9.430892436518461e-8
2240 9.473029699000553e-8
2241 9.473029699000553e-8
2242 9.473029699000553e-8
2243 9.549934226135103e-8
2244 9.549934226135103e-8
2245 9.606170660074288e-8
2246 9.606170660074288e-8
2247 9.606170660074288e-8
2248 9.606170660074288e-8
2249 9.651992982589386e-8
2250 9.651992982589386e-8
2251 9.651992982589386e-8
2252 9.651992982589386e-8
2253 9.651992982589386e-8
2254 9.651992982589386e-8
2255 9.651992982589386e-8
2256 9.692207589110384e-8
2257 9.692207589110384e-8
2258 9.692207589110384e-8
2259 9.692207589110384e-8
2260 9.692207589110384e-8
2261 9.692207589110384e-8
2262 9.692207589110384e-8
2263 9.692207589110384e-8
2264 9.692207589110384e-8
2265 9.692207589110384e-8
2266 9.766067880414106e-8
2267 9.766067880414106e-8
2268 9.766067880414106e-8
2269 9.766067880414106e-8
2270 9.766067880414106e-8
2271 9.766067880414106e-8
2272 9.766067880414106e-8
2273 9.766067880414106e-8
2274 9.766067880414106e-8
2275 9.766067880414106e-8
2276 9.766067880414106e-8
2277 9.766067880414106e-8
2278 9.766067880414106e-8
2279 9.794907047530469e-8
2280 9.794907047530469e-8
2281 9.822304253235103e-8
2282 9.822304253235103e-8
2283 9.822304253235103e-8
2284 9.822304253235103e-8
2285 9.822304253235103e-8
2286 9.822304253235103e-8
2287 9.822304253235103e-8
2288 9.822304253235103e-8
2289 9.822304253235103e-8
2290 9.822304253235103e-8
2291 9.822304253235103e-8
2292 9.822304253235103e-8
2293 9.822304253235103e-8
2294 9.822304253235103e-8
2295 9.822304253235103e-8
2296 9.822304253235103e-8
2297 9.822304253235103e-8
2298 9.822304253235103e-8
2299 9.822304253235103e-8
2300 9.822304253235103e-8
2301 9.822304253235103e-8
2302 9.822304253235103e-8
2303 9.822304253235103e-8
2304 9.822304253235103e-8
2305 9.822304253235103e-8
2306 9.822304253235103e-8
2307 9.822304253235103e-8
2308 9.883827838271832e-8
2309 9.883827838271832e-8
2310 9.883827838271832e-8
2311 9.883827838271832e-8
2312 9.883827838271832e-8
2313 9.883827838271832e-8
2314 9.883827838271832e-8
2315 9.883827838271832e-8
2316 9.883827838271832e-8
2317 9.883827838271832e-8
2318 9.883827838271832e-8
2319 9.883827838271832e-8
2320 9.883827838271832e-8
2321 9.883827838271832e-8
2322 9.883827838271832e-8
2323 9.883827838271832e-8
2324 9.961533441497744e-8
2325 1.0017769875436929e-7
2326 1.0017769875436929e-7
2327 1.0017769875436929e-7
2328 1.0017769875436929e-7
2329 1.0017769875436929e-7
2330 1.0017769875436929e-7
2331 1.0017769875436929e-7
2332 1.0017769875436929e-7
2333 1.0017769875436929e-7
2334 1.0017769875436929e-7
2335 1.0017769875436929e-7
2336 1.0017769875436929e-7
2337 1.0017769875436929e-7
2338 1.0017769875436929e-7
2339 1.0017769875436929e-7
2340 1.0017769875436929e-7
2341 1.0017769875436929e-7
2342 1.0017769875436929e-7
2343 1.0017769875436929e-7
2344 1.0017769875436929e-7
2345 1.0070000867801115e-7
2346 1.0070000867801115e-7
2347 1.0070000867801115e-7
2348 1.0070000867801115e-7
2349 1.0070000867801115e-7
2350 1.015251298869339e-7
2351 1.015251298869339e-7
2352 1.015251298869339e-7
2353 1.015251298869339e-7
2354 1.015251298869339e-7
2355 1.015251298869339e-7
2356 1.015251298869339e-7
2357 1.015251298869339e-7
2358 1.015251298869339e-7
2359 1.015251298869339e-7
2360 1.015251298869339e-7
2361 1.0197213731338755e-7
2362 1.0197213731338755e-7
2363 1.0197213731338755e-7
2364 1.0255853454670216e-7
2365 1.0255853454670216e-7
2366 1.0255853454670216e-7
2367 1.0255853454670216e-7
2368 1.0255853454670216e-7
2369 1.0255853454670216e-7
2370 1.0255853454670216e-7
2371 1.0255853454670216e-7
2372 1.0255853454670216e-7
2373 1.0255853454670216e-7
2374 1.0255853454670216e-7
2375 1.0255853454670216e-7
2376 1.0255853454670216e-7
2377 1.0255853454670216e-7
2378 1.0255853454670216e-7
2379 1.0255853454670216e-7
2380 1.0255853454670216e-7
2381 1.0255853454670216e-7
2382 1.0255853454670216e-7
2383 1.0255853454670216e-7
2384 1.0255853454670216e-7
2385 1.0255853454670216e-7
2386 1.0255853454670216e-7
2387 1.0255853454670216e-7
2388 1.0255853454670216e-7
2389 1.0255853454670216e-7
2390 1.0289338887563755e-7
2391 1.0289338887563755e-7
2392 1.0289338887563755e-7
2393 1.0289338887563755e-7
2394 1.0289338887563755e-7
2395 1.0289338887563755e-7
2396 1.0289338887563755e-7
2397 1.0289338887563755e-7
2398 1.0289338887563755e-7
2399 1.0289338887563755e-7
2400 1.0289338887563755e-7
2401 1.0289338887563755e-7
2402 1.036880683374339e-7
2403 1.036880683374339e-7
2404 1.036880683374339e-7
2405 1.036880683374339e-7
2406 1.036880683374339e-7
2407 1.036880683374339e-7
2408 1.036880683374339e-7
2409 1.036880683374339e-7
2410 1.036880683374339e-7
2411 1.036880683374339e-7
2412 1.036880683374339e-7
2413 1.036880683374339e-7
2414 1.036880683374339e-7
2415 1.036880683374339e-7
2416 1.036880683374339e-7
2417 1.036880683374339e-7
2418 1.036880683374339e-7
2419 1.036880683374339e-7
2420 1.036880683374339e-7
2421 1.036880683374339e-7
2422 1.036880683374339e-7
2423 1.0433534723145566e-7
2424 1.0433534723145566e-7
2425 1.0433534723145566e-7
2426 1.0433534723145566e-7
2427 1.0433534723145566e-7
2428 1.0433534723145566e-7
2429 1.0433534723145566e-7
2430 1.0433534723145566e-7
2431 1.045163927505947e-7
2432 1.045163927505947e-7
2433 1.045163927505947e-7
2434 1.0494096919083558e-7
2435 1.0494096919083558e-7
2436 1.0494096919083558e-7
2437 1.0494096919083558e-7
2438 1.0494096919083558e-7
2439 1.0494096919083558e-7
2440 1.0494096919083558e-7
2441 1.0494096919083558e-7
2442 1.0494096919083558e-7
2443 1.0494096919083558e-7
2444 1.0494096919083558e-7
2445 1.0502267993004555e-7
2446 1.0502267993004555e-7
2447 1.0502267993004555e-7
2448 1.0502267993004555e-7
2449 1.0502267993004555e-7
2450 1.0502267993004555e-7
2451 1.0502267993004555e-7
2452 1.0502267993004555e-7
2453 1.0502267993004555e-7
2454 1.0502267993004555e-7
2455 1.0502267993004555e-7
2456 1.0502267993004555e-7
2457 1.0502267993004555e-7
2458 1.0502267993004555e-7
2459 1.0502267993004555e-7
2460 1.0502267993004555e-7
2461 1.0502267993004555e-7
2462 1.0502267993004555e-7
2463 1.0502267993004555e-7
2464 1.0502267993004555e-7
2465 1.0533029816082012e-7
2466 1.0533029816082012e-7
2467 1.0533029816082012e-7
2468 1.0533029816082012e-7
2469 1.0533029816082012e-7
2470 1.0533029816082012e-7
2471 1.0533029816082012e-7
2472 1.0533029816082012e-7
2473 1.0533029816082012e-7
2474 1.0586702708739737e-7
2475 1.0586702708739737e-7
2476 1.0654795215514737e-7
2477 1.0654795215514737e-7
2478 1.0654795215514737e-7
2479 1.0688280709526464e-7
2480 1.0688280709526464e-7
2481 1.0688280709526464e-7
2482 1.0688280709526464e-7
2483 1.0688280709526464e-7
2484 1.0688280709526464e-7
2485 1.0688280709526464e-7
2486 1.0688280709526464e-7
2487 1.0688280709526464e-7
2488 1.0688280709526464e-7
2489 1.0688280709526464e-7
2490 1.0688280709526464e-7
2491 1.0688280709526464e-7
2492 1.0688280709526464e-7
2493 1.0688280709526464e-7
2494 1.0688280709526464e-7
2495 1.0688280709526464e-7
2496 1.0688280709526464e-7
2497 1.0688280709526464e-7
2498 1.0688280709526464e-7
2499 1.0688280709526464e-7
2500 1.0688280709526464e-7
2501 1.0688280709526464e-7
2502 1.0688280709526464e-7
2503 1.0688280709526464e-7
2504 1.0688280709526464e-7
2505 1.0746439799426744e-7
2506 1.0746439799426744e-7
2507 1.0746439799426744e-7
2508 1.0746439799426744e-7
2509 1.0746439799426744e-7
2510 1.0746439799426744e-7
2511 1.0818377618123935e-7
2512 1.0818377618123935e-7
2513 1.0818377618123935e-7
2514 1.0818377618123935e-7
2515 1.0818377618123935e-7
2516 1.0818377618123935e-7
2517 1.0818377618123935e-7
2518 1.0818377618123935e-7
2519 1.0818377618123935e-7
2520 1.0818377618123935e-7
2521 1.0818377618123935e-7
2522 1.0818377618123935e-7
2523 1.0818377618123935e-7
2524 1.0818377618123935e-7
2525 1.0818377618123935e-7
2526 1.084225001568475e-7
2527 1.084225001568475e-7
2528 1.084225001568475e-7
2529 1.084225001568475e-7
2530 1.084225001568475e-7
2531 1.084225001568475e-7
2532 1.084225001568475e-7
2533 1.084225001568475e-7
2534 1.084225001568475e-7
2535 1.084225001568475e-7
2536 1.084225001568475e-7
2537 1.084225001568475e-7
2538 1.084225001568475e-7
2539 1.084225001568475e-7
2540 1.084225001568475e-7
2541 1.084225001568475e-7
2542 1.084225001568475e-7
2543 1.084225001568475e-7
2544 1.084225001568475e-7
2545 1.084225001568475e-7
2546 1.084225001568475e-7
2547 1.084225001568475e-7
2548 1.084225001568475e-7
2549 1.084225001568475e-7
2550 1.084225001568475e-7
2551 1.0868685893408837e-7
2552 1.0868685893408837e-7
2553 1.0868685893408837e-7
2554 1.0868685893408837e-7
2555 1.0868685893408837e-7
2556 1.0868685893408837e-7
2557 1.0868685893408837e-7
2558 1.0868685893408837e-7
2559 1.0868685893408837e-7
2560 1.0884867789361647e-7
2561 1.0884867789361647e-7
2562 1.0884867789361647e-7
2563 1.0884867789361647e-7
2564 1.0884867789361647e-7
2565 1.0884867789361647e-7
2566 1.0884867789361647e-7
2567 1.0884867789361647e-7
2568 1.0884867789361647e-7
2569 1.0914187589909189e-7
2570 1.0914187589909189e-7
2571 1.0914187589909189e-7
2572 1.0914187589909189e-7
2573 1.0914187589909189e-7
2574 1.0914187589909189e-7
2575 1.0914187589909189e-7
2576 1.0914187589909189e-7
2577 1.0914187589909189e-7
2578 1.0914187589909189e-7
2579 1.0914187589909189e-7
2580 1.0914187589909189e-7
2581 1.0914187589909189e-7
2582 1.0950877388286366e-7
2583 1.0950877388286366e-7
2584 1.0950877388286366e-7
2585 1.0950877388286366e-7
2586 1.0950877388286366e-7
2587 1.0950877388286366e-7
2588 1.0950877388286366e-7
2589 1.0950877388286366e-7
2590 1.0950877388286366e-7
2591 1.0950877388286366e-7
2592 1.0950877388286366e-7
2593 1.0950877388286366e-7
2594 1.0950877388286366e-7
2595 1.0950877388286366e-7
2596 1.0950877388286366e-7
2597 1.0950877388286366e-7
2598 1.0950877388286366e-7
2599 1.0950877388286366e-7
2600 1.0950877388286366e-7
2601 1.0950877388286366e-7
2602 1.0950877388286366e-7
2603 1.1003749204852728e-7
2604 1.1003749204852728e-7
2605 1.1003749204852728e-7
2606 1.1034350776041001e-7
2607 1.1034350776041001e-7
2608 1.1034350776041001e-7
2609 1.1034350776041001e-7
2610 1.1034350776041001e-7
2611 1.1034350776041001e-7
2612 1.1034350776041001e-7
2613 1.1034350776041001e-7
2614 1.1034350776041001e-7
2615 1.1034350776041001e-7
2616 1.1034350776041001e-7
2617 1.1034350776041001e-7
2618 1.1034350776041001e-7
2619 1.1034350776041001e-7
2620 1.1034350776041001e-7
2621 1.1034350776041001e-7
2622 1.1034350776041001e-7
2623 1.1034350776041001e-7
2624 1.1034350776041001e-7
2625 1.1034350776041001e-7
2626 1.1034350776041001e-7
2627 1.1034350776041001e-7
2628 1.1034350776041001e-7
2629 1.1034350776041001e-7
2630 1.1034350776041001e-7
2631 1.1034350776041001e-7
2632 1.1034350776041001e-7
2633 1.1034350776041001e-7
2634 1.1034350776041001e-7
2635 1.1034350776041001e-7
2636 1.1034350776041001e-7
2637 1.1034350776041001e-7
2638 1.1034350776041001e-7
2639 1.1034350776041001e-7
2640 1.1034350776041001e-7
2641 1.1034350776041001e-7
2642 1.1034350776041001e-7
2643 1.1034350776041001e-7
2644 1.1034350776041001e-7
2645 1.1034350776041001e-7
2646 1.1034350776041001e-7
2647 1.1034350776041001e-7
2648 1.1034350776041001e-7
2649 1.1034350776041001e-7
2650 1.1034350776041001e-7
2651 1.1034350776041001e-7
2652 1.1067195384732363e-7
2653 1.1067195384732363e-7
2654 1.109315062902527e-7
2655 1.109315062902527e-7
2656 1.109315062902527e-7
2657 1.1140094348055537e-7
2658 1.1140094348055537e-7
2659 1.1140094348055537e-7
2660 1.1140094348055537e-7
2661 1.1140094348055537e-7
2662 1.1140094348055537e-7
2663 1.1140094348055537e-7
2664 1.1140094348055537e-7
2665 1.1208026602941352e-7
2666 1.1208026602941352e-7
2667 1.1208026602941352e-7
2668 1.1208026602941352e-7
2669 1.1208026602941352e-7
2670 1.1235583999416984e-7
2671 1.1235583999416984e-7
2672 1.1235583999416984e-7
2673 1.1235583999416984e-7
2674 1.1235583999416984e-7
2675 1.1250484308083627e-7
2676 1.1250484308083627e-7
2677 1.1250484308083627e-7
2678 1.1250484308083627e-7
2679 1.1250484308083627e-7
2680 1.1250484308083627e-7
2681 1.1250484308083627e-7
2682 1.1250484308083627e-7
2683 1.1250484308083627e-7
2684 1.1250484308083627e-7
2685 1.1250484308083627e-7
2686 1.1297908721663263e-7
2687 1.1297908721663263e-7
2688 1.1297908721663263e-7
2689 1.1297908721663263e-7
2690 1.1297908721663263e-7
2691 1.1297908721663263e-7
2692 1.1297908721663263e-7
2693 1.1297908721663263e-7
2694 1.1297908721663263e-7
2695 1.1297908721663263e-7
2696 1.1297908721663263e-7
2697 1.1297908721663263e-7
2698 1.1297908721663263e-7
2699 1.1297908721663263e-7
2700 1.1297908721663263e-7
2701 1.1297908721663263e-7
2702 1.1297908721663263e-7
2703 1.1297908721663263e-7
2704 1.1297908721663263e-7
2705 1.1297908721663263e-7
2706 1.1297908721663263e-7
2707 1.1297908721663263e-7
2708 1.1297908721663263e-7
2709 1.1297908721663263e-7
2710 1.1297908721663263e-7
2711 1.1297908721663263e-7
2712 1.1297908721663263e-7
2713 1.1297908721663263e-7
2714 1.1297908721663263e-7
2715 1.1297908721663263e-7
2716 1.1361034458882716e-7
2717 1.1361034458882716e-7
2718 1.1361034458882716e-7
2719 1.1395641471645988e-7
2720 1.1395641471645988e-7
2721 1.1395641471645988e-7
2722 1.1395641471645988e-7
2723 1.1433132468350903e-7
2724 1.1433132468350903e-7
2725 1.1433132468350903e-7
2726 1.1433132468350903e-7
2727 1.1433132468350903e-7
2728 1.1433132468350903e-7
2729 1.1478794477858628e-7
2730 1.1478794477858628e-7
2731 1.1515163833575623e-7
2732 1.1515163833575623e-7
2733 1.1515163833575623e-7
2734 1.1515163833575623e-7
2735 1.1515163833575623e-7
2736 1.1515163833575623e-7
2737 1.1515163833575623e-7
2738 1.1515163833575623e-7
2739 1.1515163833575623e-7
2740 1.1515163833575623e-7
2741 1.1515163833575623e-7
2742 1.1570759382194444e-7
2743 1.1570759382194444e-7
2744 1.1570759382194444e-7
2745 1.1570759382194444e-7
2746 1.1570759382194444e-7
2747 1.1570759382194444e-7
2748 1.1570759382194444e-7
2749 1.1570759382194444e-7
2750 1.1570759382194444e-7
2751 1.1678585862059261e-7
2752 1.1678585862059261e-7
2753 1.1678585862059261e-7
2754 1.1678585862059261e-7
2755 1.1678585862059261e-7
2756 1.1692524781627168e-7
2757 1.1692524781627168e-7
2758 1.1741711660396902e-7
2759 1.1741711660396902e-7
2760 1.1741711660396902e-7
2761 1.1741711660396902e-7
2762 1.1741711660396902e-7
2763 1.1741711660396902e-7
2764 1.1741711660396902e-7
2765 1.1741711660396902e-7
2766 1.1741711660396902e-7
2767 1.1741711660396902e-7
2768 1.1795544743825624e-7
2769 1.1795544743825624e-7
2770 1.1795544743825624e-7
2771 1.1795544743825624e-7
2772 1.1795544743825624e-7
2773 1.1795544743825624e-7
2774 1.1795544743825624e-7
2775 1.1795544743825624e-7
2776 1.1795544743825624e-7
2777 1.1795544743825624e-7
2778 1.1795544743825624e-7
2779 1.1795544743825624e-7
2780 1.1824704353602169e-7
2781 1.1824704353602169e-7
2782 1.1824704353602169e-7
2783 1.1824704353602169e-7
2784 1.1824704353602169e-7
2785 1.1824704353602169e-7
2786 1.1824704353602169e-7
2787 1.1824704353602169e-7
2788 1.1824704353602169e-7
2789 1.1824704353602169e-7
2790 1.1824704353602169e-7
2791 1.1824704353602169e-7
2792 1.1824704353602169e-7
2793 1.1824704353602169e-7
2794 1.1824704353602169e-7
2795 1.1824704353602169e-7
2796 1.1824704353602169e-7
2797 1.1824704353602169e-7
2798 1.1880620283762984e-7
2799 1.1880620283762984e-7
2800 1.1880620283762984e-7
2801 1.1880620283762984e-7
2802 1.1880620283762984e-7
2803 1.1880620283762984e-7
2804 1.1949994561178714e-7
2805 1.1949994561178714e-7
2806 1.1949994561178714e-7
2807 1.1949994561178714e-7
2808 1.1991811381000624e-7
2809 1.1991811381000624e-7
2810 1.1991811381000624e-7
2811 1.1991811381000624e-7
2812 1.2020169853567618e-7
2813 1.2020169853567618e-7
2814 1.2020169853567618e-7
2815 1.2020169853567618e-7
2816 1.2020169853567618e-7
2817 1.2020169853567618e-7
2818 1.2020169853567618e-7
2819 1.2020169853567618e-7
2820 1.2020169853567618e-7
2821 1.2020169853567618e-7
2822 1.2020169853567618e-7
2823 1.2020169853567618e-7
2824 1.2020169853567618e-7
2825 1.2020169853567618e-7
2826 1.2040517442984613e-7
2827 1.2040517442984613e-7
2828 1.211581975681825e-7
2829 1.211581975681825e-7
2830 1.211581975681825e-7
2831 1.211581975681825e-7
2832 1.211581975681825e-7
2833 1.211581975681825e-7
2834 1.211581975681825e-7
2835 1.211581975681825e-7
2836 1.211581975681825e-7
2837 1.211581975681825e-7
2838 1.211581975681825e-7
2839 1.211581975681825e-7
2840 1.2139371711718882e-7
2841 1.2139371711718882e-7
2842 1.2139371711718882e-7
2843 1.2139371711718882e-7
2844 1.2174299167142338e-7
2845 1.2174299167142338e-7
2846 1.2174299167142338e-7
2847 1.2174299167142338e-7
2848 1.2174299167142338e-7
2849 1.2174299167142338e-7
2850 1.219368555081516e-7
2851 1.219368555081516e-7
2852 1.219368555081516e-7
2853 1.219368555081516e-7
2854 1.219368555081516e-7
2855 1.219368555081516e-7
2856 1.219368555081516e-7
2857 1.219368555081516e-7
2858 1.219368555081516e-7
2859 1.219368555081516e-7
2860 1.219368555081516e-7
2861 1.219368555081516e-7
2862 1.219368555081516e-7
2863 1.219368555081516e-7
2864 1.219368555081516e-7
2865 1.219368555081516e-7
2866 1.219368555081516e-7
2867 1.219368555081516e-7
2868 1.219368555081516e-7
2869 1.219368555081516e-7
2870 1.219368555081516e-7
2871 1.219368555081516e-7
2872 1.219368555081516e-7
2873 1.219368555081516e-7
2874 1.2210828774748517e-7
2875 1.2210828774748517e-7
2876 1.2210828774748517e-7
2877 1.2210828774748517e-7
2878 1.2210828774748517e-7
2879 1.2210828774748517e-7
2880 1.2210828774748517e-7
2881 1.2210828774748517e-7
2882 1.2210828774748517e-7
2883 1.2210828774748517e-7
2884 1.2210828774748517e-7
2885 1.2222524595695147e-7
2886 1.2222524595695147e-7
2887 1.2222524595695147e-7
2888 1.2222524595695147e-7
2889 1.2222524595695147e-7
2890 1.2222524595695147e-7
2891 1.2276678121784052e-7
2892 1.2276678121784052e-7
2893 1.2276678121784052e-7
2894 1.2276678121784052e-7
2895 1.2321539055200414e-7
2896 1.2321539055200414e-7
2897 1.2321539055200414e-7
2898 1.2321539055200414e-7
2899 1.2321539055200414e-7
2900 1.2321539055200414e-7
2901 1.2321539055200414e-7
2902 1.2321539055200414e-7
2903 1.2321539055200414e-7
2904 1.2321539055200414e-7
2905 1.2321539055200414e-7
2906 1.2321539055200414e-7
2907 1.2321539055200414e-7
2908 1.2321539055200414e-7
2909 1.2321539055200414e-7
2910 1.2321539055200414e-7
2911 1.2321539055200414e-7
2912 1.2321539055200414e-7
2913 1.2321539055200414e-7
2914 1.2321539055200414e-7
2915 1.2321539055200414e-7
2916 1.2321539055200414e-7
2917 1.2321539055200414e-7
2918 1.2321539055200414e-7
2919 1.2321539055200414e-7
2920 1.2321539055200414e-7
2921 1.2321539055200414e-7
2922 1.2321539055200414e-7
2923 1.2321539055200414e-7
2924 1.2321539055200414e-7
2925 1.2321539055200414e-7
2926 1.2321539055200414e-7
2927 1.237328935301523e-7
2928 1.237328935301523e-7
2929 1.237328935301523e-7
2930 1.237328935301523e-7
2931 1.237328935301523e-7
2932 1.237328935301523e-7
2933 1.237328935301523e-7
2934 1.2406935037797956e-7
2935 1.2406935037797956e-7
2936 1.2406935037797956e-7
2937 1.2406935037797956e-7
2938 1.2406935037797956e-7
2939 1.2406935037797956e-7
2940 1.241334376876523e-7
2941 1.241334376876523e-7
2942 1.2414945920947954e-7
2943 1.2414945920947954e-7
2944 1.2471823179089317e-7
2945 1.2471823179089317e-7
2946 1.2471823179089317e-7
2947 1.2471823179089317e-7
2948 1.2471823179089317e-7
2949 1.2471823179089317e-7
2950 1.2471823179089317e-7
2951 1.2504347406238685e-7
2952 1.2504347406238685e-7
2953 1.2504347406238685e-7
2954 1.2504347406238685e-7
2955 1.2504347406238685e-7
2956 1.2554014918439598e-7
2957 1.2738265108653223e-7
2958 1.2738265108653223e-7
2959 1.2738265108653223e-7
2960 1.2738265108653223e-7
2961 1.2738265108653223e-7
2962 1.2738265108653223e-7
2963 1.2738265108653223e-7
2964 1.2744032893181944e-7
2965 1.2744032893181944e-7
2966 1.2744032893181944e-7
2967 1.2744032893181944e-7
2968 1.2744032893181944e-7
2969 1.2744032893181944e-7
2970 1.2744032893181944e-7
2971 1.2744032893181944e-7
2972 1.2744032893181944e-7
2973 1.2744032893181944e-7
2974 1.2744032893181944e-7
2975 1.2744032893181944e-7
2976 1.2744032893181944e-7
2977 1.2744032893181944e-7
2978 1.2744032893181944e-7
2979 1.2744032893181944e-7
2980 1.2744032893181944e-7
2981 1.2744032893181944e-7
2982 1.2744032893181944e-7
2983 1.2744032893181944e-7
2984 1.279930806025877e-7
2985 1.279930806025877e-7
2986 1.279930806025877e-7
2987 1.279930806025877e-7
2988 1.2889350369751677e-7
2989 1.2889350369751677e-7
2990 1.2889350369751677e-7
2991 1.2889350369751677e-7
2992 1.2889350369751677e-7
2993 1.2889350369751677e-7
2994 1.2889350369751677e-7
2995 1.2889350369751677e-7
2996 1.2889350369751677e-7
2997 1.302906006920912e-7
2998 1.302906006920912e-7
2999 1.302906006920912e-7
3000 1.302906006920912e-7
3001 1.302906006920912e-7
3002 1.302906006920912e-7
3003 1.302906006920912e-7
3004 1.302906006920912e-7
3005 1.302906006920912e-7
3006 1.302906006920912e-7
3007 1.302906006920912e-7
3008 1.302906006920912e-7
3009 1.302906006920912e-7
3010 1.302906006920912e-7
3011 1.302906006920912e-7
3012 1.302906006920912e-7
3013 1.302906006920912e-7
3014 1.302906006920912e-7
3015 1.302906006920912e-7
3016 1.302906006920912e-7
3017 1.302906006920912e-7
3018 1.302906006920912e-7
3019 1.302906006920912e-7
3020 1.302906006920912e-7
3021 1.302906006920912e-7
3022 1.302906006920912e-7
3023 1.302906006920912e-7
3024 1.302906006920912e-7
3025 1.302906006920912e-7
3026 1.302906006920912e-7
3027 1.302906006920912e-7
3028 1.302906006920912e-7
3029 1.302906006920912e-7
3030 1.302906006920912e-7
3031 1.3146179202864668e-7
3032 1.3146179202864668e-7
3033 1.3146179202864668e-7
3034 1.3146179202864668e-7
3035 1.3146179202864668e-7
3036 1.3146179202864668e-7
3037 1.3146179202864668e-7
3038 1.3146179202864668e-7
3039 1.3146179202864668e-7
3040 1.3146179202864668e-7
3041 1.3146179202864668e-7
3042 1.3146179202864668e-7
3043 1.3146179202864668e-7
3044 1.3146179202864668e-7
3045 1.3146179202864668e-7
3046 1.3146179202864668e-7
3047 1.3146179202864668e-7
3048 1.3146179202864668e-7
3049 1.3146179202864668e-7
3050 1.3146179202864668e-7
3051 1.3146179202864668e-7
3052 1.3146179202864668e-7
3053 1.3186393809385666e-7
3054 1.3186393809385666e-7
3055 1.3186393809385666e-7
3056 1.3186393809385666e-7
3057 1.3186393809385666e-7
3058 1.3186393809385666e-7
3059 1.3186393809385666e-7
3060 1.3186393809385666e-7
3061 1.3186393809385666e-7
3062 1.3186393809385666e-7
3063 1.3224685882181944e-7
3064 1.3224685882181944e-7
3065 1.3224685882181944e-7
3066 1.3224685882181944e-7
3067 1.3224685882181944e-7
3068 1.3224685882181944e-7
3069 1.3224685882181944e-7
3070 1.3224685882181944e-7
3071 1.3224685882181944e-7
3072 1.3224685882181944e-7
3073 1.3224685882181944e-7
3074 1.3224685882181944e-7
3075 1.3224685882181944e-7
3076 1.3224685882181944e-7
3077 1.3224685882181944e-7
3078 1.326890599139613e-7
3079 1.326890599139613e-7
3080 1.3336838307400132e-7
3081 1.3336838307400132e-7
3082 1.3336838307400132e-7
3083 1.3370003419869866e-7
3084 1.3370003419869866e-7
3085 1.33991630907646e-7
3086 1.33991630907646e-7
3087 1.33991630907646e-7
3088 1.33991630907646e-7
3089 1.33991630907646e-7
3090 1.33991630907646e-7
3091 1.33991630907646e-7
3092 1.33991630907646e-7
3093 1.33991630907646e-7
3094 1.33991630907646e-7
3095 1.33991630907646e-7
3096 1.33991630907646e-7
3097 1.33991630907646e-7
3098 1.33991630907646e-7
3099 1.33991630907646e-7
3100 1.33991630907646e-7
3101 1.33991630907646e-7
3102 1.33991630907646e-7
3103 1.33991630907646e-7
3104 1.33991630907646e-7
3105 1.33991630907646e-7
3106 1.33991630907646e-7
3107 1.33991630907646e-7
3108 1.33991630907646e-7
3109 1.33991630907646e-7
3110 1.3418068779888056e-7
3111 1.3418068779888056e-7
3112 1.3418068779888056e-7
3113 1.3418068779888056e-7
3114 1.3418068779888056e-7
3115 1.3418068779888056e-7
3116 1.3418068779888056e-7
3117 1.3418068779888056e-7
3118 1.3418068779888056e-7
3119 1.3418068779888056e-7
3120 1.3418068779888056e-7
3121 1.3418068779888056e-7
3122 1.3418068779888056e-7
3123 1.3418068779888056e-7
3124 1.3418068779888056e-7
3125 1.3418068779888056e-7
3126 1.3418068779888056e-7
3127 1.3418068779888056e-7
3128 1.3418068779888056e-7
3129 1.3418068779888056e-7
3130 1.3418068779888056e-7
3131 1.3418068779888056e-7
3132 1.3418068779888056e-7
3133 1.3418068779888056e-7
3134 1.3418068779888056e-7
3135 1.3418068779888056e-7
3136 1.3418068779888056e-7
3137 1.3418068779888056e-7
3138 1.3418068779888056e-7
3139 1.3418068779888056e-7
3140 1.3418068779888056e-7
3141 1.3418068779888056e-7
3142 1.3418068779888056e-7
3143 1.3418068779888056e-7
3144 1.3418068779888056e-7
3145 1.3418068779888056e-7
3146 1.3418068779888056e-7
3147 1.3418068779888056e-7
3148 1.3418068779888056e-7
3149 1.3418068779888056e-7
3150 1.3418068779888056e-7
3151 1.3418068779888056e-7
3152 1.3447869274984967e-7
3153 1.3447869274984967e-7
3154 1.3498337863277242e-7
3155 1.3498337863277242e-7
3156 1.3529740510556877e-7
3157 1.3529740510556877e-7
3158 1.3529740510556877e-7
3159 1.3529740510556877e-7
3160 1.3529740510556877e-7
3161 1.355056879452324e-7
3162 1.355056879452324e-7
3163 1.355056879452324e-7
3164 1.3577485366796693e-7
3165 1.3577485366796693e-7
3166 1.3577485366796693e-7
3167 1.3577485366796693e-7
3168 1.3577485366796693e-7
3169 1.3577485366796693e-7
3170 1.3577485366796693e-7
3171 1.3658875907819234e-7
3172 1.3658875907819234e-7
3173 1.3658875907819234e-7
3174 1.3658875907819234e-7
3175 1.3658875907819234e-7
3176 1.3658875907819234e-7
3177 1.3658875907819234e-7
3178 1.3658875907819234e-7
3179 1.3658875907819234e-7
3180 1.3658875907819234e-7
3181 1.3658875907819234e-7
3182 1.3684350518680963e-7
3183 1.3684350518680963e-7
3184 1.3684350518680963e-7
3185 1.3684350518680963e-7
3186 1.3684350518680963e-7
3187 1.3684350518680963e-7
3188 1.3684350518680963e-7
3189 1.3684350518680963e-7
3190 1.3684350518680963e-7
3191 1.3684350518680963e-7
3192 1.3684350518680963e-7
3193 1.3684350518680963e-7
3194 1.3684350518680963e-7
3195 1.3684350518680963e-7
3196 1.3684350518680963e-7
3197 1.3684350518680963e-7
3198 1.3684350518680963e-7
3199 1.3684350518680963e-7
3200 1.3684350518680963e-7
3201 1.3684350518680963e-7
3202 1.3684350518680963e-7
3203 1.3684350518680963e-7
3204 1.3684350518680963e-7
3205 1.3684350518680963e-7
3206 1.37516419493646e-7
3207 1.37516419493646e-7
3208 1.37516419493646e-7
3209 1.37516419493646e-7
3210 1.37516419493646e-7
3211 1.37516419493646e-7
3212 1.37516419493646e-7
3213 1.37516419493646e-7
3214 1.37516419493646e-7
3215 1.37516419493646e-7
3216 1.37516419493646e-7
3217 1.37516419493646e-7
3218 1.37516419493646e-7
3219 1.37516419493646e-7
3220 1.37516419493646e-7
3221 1.37516419493646e-7
3222 1.37516419493646e-7
3223 1.37516419493646e-7
3224 1.37516419493646e-7
3225 1.37516419493646e-7
3226 1.37516419493646e-7
3227 1.37516419493646e-7
3228 1.37516419493646e-7
3229 1.37516419493646e-7
3230 1.37516419493646e-7
3231 1.37516419493646e-7
3232 1.37516419493646e-7
3233 1.37516419493646e-7
3234 1.37516419493646e-7
3235 1.37516419493646e-7
3236 1.37516419493646e-7
3237 1.37516419493646e-7
3238 1.37516419493646e-7
3239 1.3852579003712774e-7
3240 1.3852579003712774e-7
3241 1.3852579003712774e-7
3242 1.3852579003712774e-7
3243 1.3852579003712774e-7
3244 1.3852579003712774e-7
3245 1.3852579003712774e-7
3246 1.3852579003712774e-7
3247 1.3852579003712774e-7
3248 1.3852579003712774e-7
3249 1.3852579003712774e-7
3250 1.3852579003712774e-7
3251 1.3852579003712774e-7
3252 1.3852579003712774e-7
3253 1.3852579003712774e-7
3254 1.3852579003712774e-7
3255 1.3852579003712774e-7
3256 1.3852579003712774e-7
3257 1.3852579003712774e-7
3258 1.3852579003712774e-7
3259 1.3852579003712774e-7
3260 1.3852579003712774e-7
3261 1.3877252477364952e-7
3262 1.3877252477364952e-7
3263 1.3877252477364952e-7
3264 1.3877252477364952e-7
3265 1.3877252477364952e-7
3266 1.3877252477364952e-7
3267 1.3946145999113126e-7
3268 1.3946145999113126e-7
3269 1.3946145999113126e-7
3270 1.3946145999113126e-7
3271 1.3946145999113126e-7
3272 1.3946145999113126e-7
3273 1.3946145999113126e-7
3274 1.3946145999113126e-7
3275 1.3946145999113126e-7
3276 1.3946145999113126e-7
3277 1.3946145999113126e-7
3278 1.3946145999113126e-7
3279 1.3946145999113126e-7
3280 1.3946145999113126e-7
3281 1.3946145999113126e-7
3282 1.3946145999113126e-7
3283 1.3946145999113126e-7
3284 1.3946145999113126e-7
3285 1.3946145999113126e-7
3286 1.3946145999113126e-7
3287 1.3946145999113126e-7
3288 1.3946145999113126e-7
3289 1.3946145999113126e-7
3290 1.3946145999113126e-7
3291 1.3946145999113126e-7
3292 1.3946145999113126e-7
3293 1.3946145999113126e-7
3294 1.3946145999113126e-7
3295 1.3946145999113126e-7
3296 1.3946145999113126e-7
3297 1.3946145999113126e-7
3298 1.3946145999113126e-7
3299 1.3946145999113126e-7
3300 1.3946145999113126e-7
3301 1.3946145999113126e-7
3302 1.3946145999113126e-7
3303 1.3946145999113126e-7
3304 1.3946145999113126e-7
3305 1.3946145999113126e-7
3306 1.3946145999113126e-7
3307 1.3946145999113126e-7
3308 1.3946145999113126e-7
3309 1.3946145999113126e-7
3310 1.3946145999113126e-7
3311 1.3946145999113126e-7
3312 1.3946145999113126e-7
3313 1.3946145999113126e-7
3314 1.3946145999113126e-7
3315 1.3946145999113126e-7
3316 1.3946145999113126e-7
3317 1.3946145999113126e-7
3318 1.3946145999113126e-7
3319 1.3946145999113126e-7
3320 1.3980432630334404e-7
3321 1.3980432630334404e-7
3322 1.3980432630334404e-7
3323 1.4070795382487494e-7
3324 1.4070795382487494e-7
3325 1.4070795382487494e-7
3326 1.4070795382487494e-7
3327 1.4070795382487494e-7
3328 1.4070795382487494e-7
3329 1.4070795382487494e-7
3330 1.4070795382487494e-7
3331 1.4070795382487494e-7
3332 1.4070795382487494e-7
3333 1.4070795382487494e-7
3334 1.4070795382487494e-7
3335 1.4070795382487494e-7
3336 1.4070795382487494e-7
3337 1.4070795382487494e-7
3338 1.4070795382487494e-7
3339 1.4070795382487494e-7
3340 1.4070795382487494e-7
3341 1.4070795382487494e-7
3342 1.4070795382487494e-7
3343 1.4070795382487494e-7
3344 1.4070795382487494e-7
3345 1.4070795382487494e-7
3346 1.4070795382487494e-7
3347 1.4070795382487494e-7
3348 1.4070795382487494e-7
3349 1.4070795382487494e-7
3350 1.4070795382487494e-7
3351 1.4070795382487494e-7
3352 1.4070795382487494e-7
3353 1.4070795382487494e-7
3354 1.4070795382487494e-7
3355 1.4070795382487494e-7
3356 1.4070795382487494e-7
3357 1.4070795382487494e-7
3358 1.4070795382487494e-7
3359 1.4070795382487494e-7
3360 1.4070795382487494e-7
3361 1.4070795382487494e-7
3362 1.4070795382487494e-7
3363 1.4070795382487494e-7
3364 1.4070795382487494e-7
3365 1.4070795382487494e-7
3366 1.4110208974035316e-7
3367 1.4110208974035316e-7
3368 1.4110208974035316e-7
3369 1.4110208974035316e-7
3370 1.4110208974035316e-7
3371 1.4110208974035316e-7
3372 1.4110208974035316e-7
3373 1.4110208974035316e-7
3374 1.4110208974035316e-7
3375 1.4110208974035316e-7
3376 1.4110208974035316e-7
3377 1.4110208974035316e-7
3378 1.4110208974035316e-7
3379 1.4110208974035316e-7
3380 1.4110208974035316e-7
3381 1.4156191487321411e-7
3382 1.4156191487321411e-7
3383 1.4156191487321411e-7
3384 1.4156191487321411e-7
3385 1.4156191487321411e-7
3386 1.4156191487321411e-7
3387 1.4156191487321411e-7
3388 1.4156191487321411e-7
3389 1.4156191487321411e-7
3390 1.4156191487321411e-7
3391 1.4156191487321411e-7
3392 1.4156191487321411e-7
3393 1.4156191487321411e-7
3394 1.4156191487321411e-7
3395 1.4156191487321411e-7
3396 1.4156191487321411e-7
3397 1.4156191487321411e-7
3398 1.4156191487321411e-7
3399 1.4156191487321411e-7
3400 1.4156191487321411e-7
3401 1.4156191487321411e-7
3402 1.4156191487321411e-7
3403 1.4156191487321411e-7
3404 1.4226527031599502e-7
3405 1.4226527031599502e-7
3406 1.4226527031599502e-7
3407 1.4226527031599502e-7
3408 1.4226527031599502e-7
3409 1.4277636382975766e-7
3410 1.4277636382975766e-7
3411 1.4277636382975766e-7
3412 1.4277636382975766e-7
3413 1.4300227132132227e-7
3414 1.4300227132132227e-7
3415 1.4300227132132227e-7
3416 1.4300227132132227e-7
3417 1.4300227132132227e-7
3418 1.4334033129922325e-7
3419 1.4334033129922325e-7
3420 1.4334033129922325e-7
3421 1.4334033129922325e-7
3422 1.4334033129922325e-7
3423 1.4334033129922325e-7
3424 1.435438071933932e-7
3425 1.437857355956032e-7
3426 1.4430163605485949e-7
3427 1.4430163605485949e-7
3428 1.4430163605485949e-7
3429 1.4430163605485949e-7
3430 1.4430163605485949e-7
3431 1.4430163605485949e-7
3432 1.4430163605485949e-7
3433 1.4430163605485949e-7
3434 1.4471179288098308e-7
3435 1.4471179288098308e-7
3436 1.449104630520231e-7
3437 1.4503383011469304e-7
3438 1.4509150857116215e-7
3439 1.4509150857116215e-7
3440 1.4528216859247045e-7
3441 1.4528216859247045e-7
3442 1.4528216859247045e-7
3443 1.4528216859247045e-7
3444 1.453190191928005e-7
3445 1.453190191928005e-7
3446 1.453190191928005e-7
3447 1.4554011973887142e-7
3448 1.4554011973887142e-7
3449 1.4554011973887142e-7
3450 1.4554011973887142e-7
3451 1.4554011973887142e-7
3452 1.4554011973887142e-7
3453 1.4554011973887142e-7
3454 1.4554011973887142e-7
3455 1.4554011973887142e-7
3456 1.4554011973887142e-7
3457 1.4554011973887142e-7
3458 1.4709102615442408e-7
3459 1.4709102615442408e-7
3460 1.4709102615442408e-7
3461 1.4709102615442408e-7
3462 1.4709102615442408e-7
3463 1.4709102615442408e-7
3464 1.4709102615442408e-7
3465 1.4709102615442408e-7
3466 1.4709102615442408e-7
3467 1.4709102615442408e-7
3468 1.4709102615442408e-7
3469 1.4709102615442408e-7
3470 1.4709102615442408e-7
3471 1.4709102615442408e-7
3472 1.4709102615442408e-7
3473 1.4709102615442408e-7
3474 1.4709102615442408e-7
3475 1.4709102615442408e-7
3476 1.4709102615442408e-7
3477 1.4709102615442408e-7
3478 1.4709102615442408e-7
3479 1.4709102615442408e-7
3480 1.4709102615442408e-7
3481 1.4709102615442408e-7
3482 1.4709102615442408e-7
3483 1.4709102615442408e-7
3484 1.4709102615442408e-7
3485 1.4709102615442408e-7
3486 1.4709102615442408e-7
3487 1.4709102615442408e-7
3488 1.4709102615442408e-7
3489 1.4709102615442408e-7
3490 1.4709102615442408e-7
3491 1.4709102615442408e-7
3492 1.4709102615442408e-7
3493 1.4709102615442408e-7
3494 1.4709102615442408e-7
3495 1.4756847410564037e-7
3496 1.4756847410564037e-7
3497 1.4756847410564037e-7
3498 1.4756847410564037e-7
3499 1.4756847410564037e-7
3500 1.4756847410564037e-7
3501 1.4756847410564037e-7
3502 1.4756847410564037e-7
3503 1.4756847410564037e-7
3504 1.4756847410564037e-7
3505 1.4756847410564037e-7
3506 1.4756847410564037e-7
3507 1.4756847410564037e-7
3508 1.4756847410564037e-7
3509 1.4756847410564037e-7
3510 1.4756847410564037e-7
3511 1.4756847410564037e-7
3512 1.4756847410564037e-7
3513 1.4793377079288406e-7
3514 1.4793377079288406e-7
3515 1.485329845102422e-7
3516 1.485329845102422e-7
3517 1.485329845102422e-7
3518 1.485329845102422e-7
3519 1.485329845102422e-7
3520 1.4886142998597395e-7
3521 1.4886142998597395e-7
3522 1.4886142998597395e-7
3523 1.4886142998597395e-7
3524 1.4886142998597395e-7
3525 1.4886142998597395e-7
3526 1.4886142998597395e-7
3527 1.4886142998597395e-7
3528 1.4886142998597395e-7
3529 1.4886142998597395e-7
3530 1.4886142998597395e-7
3531 1.4886142998597395e-7
3532 1.4886142998597395e-7
3533 1.4886142998597395e-7
3534 1.4886142998597395e-7
3535 1.4886142998597395e-7
3536 1.4886142998597395e-7
3537 1.4886142998597395e-7
3538 1.4886142998597395e-7
3539 1.4886142998597395e-7
3540 1.4886142998597395e-7
3541 1.4886142998597395e-7
3542 1.4886142998597395e-7
3543 1.4886142998597395e-7
3544 1.4886142998597395e-7
3545 1.4886142998597395e-7
3546 1.4886142998597395e-7
3547 1.4886142998597395e-7
3548 1.4886142998597395e-7
3549 1.4886142998597395e-7
3550 1.4957920504287212e-7
3551 1.4957920504287212e-7
3552 1.4957920504287212e-7
3553 1.4957920504287212e-7
3554 1.4957920504287212e-7
3555 1.4957920504287212e-7
3556 1.4957920504287212e-7
3557 1.4957920504287212e-7
3558 1.4957920504287212e-7
3559 1.4957920504287212e-7
3560 1.4957920504287212e-7
3561 1.4957920504287212e-7
3562 1.4957920504287212e-7
3563 1.4957920504287212e-7
3564 1.4957920504287212e-7
3565 1.4957920504287212e-7
3566 1.4957920504287212e-7
3567 1.4957920504287212e-7
3568 1.4957920504287212e-7
3569 1.4957920504287212e-7
3570 1.4957920504287212e-7
3571 1.4957920504287212e-7
3572 1.4957920504287212e-7
3573 1.4957920504287212e-7
3574 1.4957920504287212e-7
3575 1.499268770782148e-7
3576 1.499268770782148e-7
3577 1.499268770782148e-7
3578 1.499268770782148e-7
3579 1.499268770782148e-7
3580 1.499268770782148e-7
3581 1.499268770782148e-7
3582 1.499268770782148e-7
3583 1.499268770782148e-7
3584 1.499268770782148e-7
3585 1.499268770782148e-7
3586 1.499268770782148e-7
3587 1.499268770782148e-7
3588 1.499268770782148e-7
3589 1.499268770782148e-7
3590 1.499268770782148e-7
3591 1.5003422261905751e-7
3592 1.5003422261905751e-7
3593 1.5003422261905751e-7
3594 1.5003422261905751e-7
3595 1.5003422261905751e-7
3596 1.5003422261905751e-7
3597 1.5003422261905751e-7
3598 1.5003422261905751e-7
3599 1.5003422261905751e-7
3600 1.5003422261905751e-7
3601 1.5003422261905751e-7
3602 1.5003422261905751e-7
3603 1.5003422261905751e-7
3604 1.5003422261905751e-7
3605 1.5003422261905751e-7
3606 1.5003422261905751e-7
3607 1.5003422261905751e-7
3608 1.5003422261905751e-7
3609 1.5003422261905751e-7
3610 1.5003422261905751e-7
3611 1.5003422261905751e-7
3612 1.5003422261905751e-7
3613 1.5003422261905751e-7
3614 1.5003422261905751e-7
3615 1.5003422261905751e-7
3616 1.5003422261905751e-7
3617 1.5003422261905751e-7
3618 1.5003422261905751e-7
3619 1.5003422261905751e-7
3620 1.5003422261905751e-7
3621 1.5003422261905751e-7
3622 1.5003422261905751e-7
3623 1.5003422261905751e-7
3624 1.5003422261905751e-7
3625 1.5003422261905751e-7
3626 1.5003422261905751e-7
3627 1.5003422261905751e-7
3628 1.5003422261905751e-7
3629 1.5003422261905751e-7
3630 1.5058857619753576e-7
3631 1.5058857619753576e-7
3632 1.5058857619753576e-7
3633 1.513832556593321e-7
3634 1.513832556593321e-7
3635 1.513832556593321e-7
3636 1.513832556593321e-7
3637 1.513832556593321e-7
3638 1.513832556593321e-7
3639 1.513832556593321e-7
3640 1.513832556593321e-7
3641 1.513832556593321e-7
3642 1.513832556593321e-7
3643 1.513832556593321e-7
3644 1.513832556593321e-7
3645 1.513832556593321e-7
3646 1.513832556593321e-7
3647 1.513832556593321e-7
3648 1.513832556593321e-7
3649 1.513832556593321e-7
3650 1.513832556593321e-7
3651 1.5162838909932578e-7
3652 1.5162838909932578e-7
3653 1.5218594649322395e-7
3654 1.5218594649322395e-7
3655 1.5218594649322395e-7
3656 1.5218594649322395e-7
3657 1.5218594649322395e-7
3658 1.5218594649322395e-7
3659 1.5218594649322395e-7
3660 1.5218594649322395e-7
3661 1.5218594649322395e-7
3662 1.5218594649322395e-7
3663 1.5218594649322395e-7
3664 1.5218594649322395e-7
3665 1.5218594649322395e-7
3666 1.5218594649322395e-7
3667 1.5218594649322395e-7
3668 1.5218594649322395e-7
3669 1.5218594649322395e-7
3670 1.5218594649322395e-7
3671 1.5218594649322395e-7
3672 1.5218594649322395e-7
3673 1.5218594649322395e-7
3674 1.5218594649322395e-7
3675 1.5218594649322395e-7
3676 1.5243107993321762e-7
3677 1.5243107993321762e-7
3678 1.5243107993321762e-7
3679 1.5368878834329488e-7
3680 1.5440816653026677e-7
3681 1.5440816653026677e-7
3682 1.5440816653026677e-7
3683 1.5440816653026677e-7
3684 1.5440816653026677e-7
3685 1.5440816653026677e-7
3686 1.5440816653026677e-7
3687 1.5440816653026677e-7
3688 1.5440816653026677e-7
3689 1.5440816653026677e-7
3690 1.5440816653026677e-7
3691 1.5440816653026677e-7
3692 1.5510831815762773e-7
3693 1.5510831815762773e-7
3694 1.5536146235853504e-7
3695 1.5536146235853504e-7
3696 1.5536146235853504e-7
3697 1.5536146235853504e-7
3698 1.5536146235853504e-7
3699 1.5536146235853504e-7
3700 1.5536146235853504e-7
3701 1.5536146235853504e-7
3702 1.5536146235853504e-7
3703 1.5536146235853504e-7
3704 1.5536146235853504e-7
3705 1.5536146235853504e-7
3706 1.5536146235853504e-7
3707 1.5536146235853504e-7
3708 1.5536146235853504e-7
3709 1.5536146235853504e-7
3710 1.5536146235853504e-7
3711 1.5536146235853504e-7
3712 1.5536146235853504e-7
3713 1.5536146235853504e-7
3714 1.5536146235853504e-7
3715 1.5536146235853504e-7
3716 1.5536146235853504e-7
3717 1.5536146235853504e-7
3718 1.5552969017126678e-7
3719 1.5552969017126678e-7
3720 1.5552969017126678e-7
3721 1.5552969017126678e-7
3722 1.5652143728521132e-7
3723 1.5652143728521132e-7
3724 1.5652143728521132e-7
3725 1.5652143728521132e-7
3726 1.5652143728521132e-7
3727 1.5652143728521132e-7
3728 1.5652143728521132e-7
3729 1.5652143728521132e-7
3730 1.5652143728521132e-7
3731 1.5652143728521132e-7
3732 1.5675695744539953e-7
3733 1.5675695744539953e-7
3734 1.5675695744539953e-7
3735 1.5675695744539953e-7
3736 1.5675695744539953e-7
3737 1.570565643040786e-7
3738 1.570565643040786e-7
3739 1.570565643040786e-7
3740 1.570565643040786e-7
3741 1.570565643040786e-7
3742 1.5713507061668673e-7
3743 1.5713507061668673e-7
3744 1.5713507061668673e-7
3745 1.5713507061668673e-7
3746 1.5713507061668673e-7
3747 1.5713507061668673e-7
3748 1.5713507061668673e-7
3749 1.5713507061668673e-7
3750 1.5713507061668673e-7
3751 1.5713507061668673e-7
3752 1.5713507061668673e-7
3753 1.5713507061668673e-7
3754 1.5713507061668673e-7
3755 1.581957113746158e-7
3756 1.581957113746158e-7
3757 1.5903044586334404e-7
3758 1.5903044586334404e-7
3759 1.5903044586334404e-7
3760 1.5903044586334404e-7
3761 1.5903044586334404e-7
3762 1.5903044586334404e-7
3763 1.5903044586334404e-7
3764 1.5903044586334404e-7
3765 1.5903044586334404e-7
3766 1.5903044586334404e-7
3767 1.5923872931418954e-7
3768 1.5923872931418954e-7
3769 1.5923872931418954e-7
3770 1.5959441272162774e-7
3771 1.5959441272162774e-7
3772 1.5959441272162774e-7
3773 1.5959441272162774e-7
3774 1.5959441272162774e-7
3775 1.5959441272162774e-7
3776 1.605076535229641e-7
3777 1.605076535229641e-7
3778 1.605076535229641e-7
3779 1.605076535229641e-7
3780 1.605076535229641e-7
3781 1.605076535229641e-7
3782 1.605076535229641e-7
3783 1.605076535229641e-7
3784 1.605076535229641e-7
3785 1.605076535229641e-7
3786 1.605076535229641e-7
3787 1.605076535229641e-7
3788 1.6079123824863404e-7
3789 1.6079123824863404e-7
3790 1.6079123824863404e-7
3791 1.6079123824863404e-7
3792 1.6114211471057858e-7
3793 1.6114211471057858e-7
3794 1.6114211471057858e-7
3795 1.6114211471057858e-7
3796 1.6114211471057858e-7
3797 1.6114211471057858e-7
3798 1.6114211471057858e-7
3799 1.6114211471057858e-7
3800 1.6114211471057858e-7
3801 1.6114211471057858e-7
3802 1.6114211471057858e-7
3803 1.6114211471057858e-7
3804 1.616676284496404e-7
3805 1.616676284496404e-7
3806 1.616676284496404e-7
3807 1.616676284496404e-7
3808 1.616676284496404e-7
3809 1.6195762325087775e-7
3810 1.6195762325087775e-7
3811 1.6195762325087775e-7
3812 1.6195762325087775e-7
3813 1.6195762325087775e-7
3814 1.6195762325087775e-7
3815 1.6195762325087775e-7
3816 1.6195762325087775e-7
3817 1.6195762325087775e-7
3818 1.6195762325087775e-7
3819 1.6195762325087775e-7
3820 1.6195762325087775e-7
3821 1.6195762325087775e-7
3822 1.6195762325087775e-7
3823 1.6195762325087775e-7
3824 1.6195762325087775e-7
3825 1.6195762325087775e-7
3826 1.6195762325087775e-7
3827 1.6195762325087775e-7
3828 1.6195762325087775e-7
3829 1.6195762325087775e-7
3830 1.6224921995982508e-7
3831 1.6224921995982508e-7
3832 1.6332428033187142e-7
3833 1.6332428033187142e-7
3834 1.6332428033187142e-7
3835 1.647582279267759e-7
3836 1.647582279267759e-7
3837 1.647582279267759e-7
3838 1.647582279267759e-7
3839 1.647582279267759e-7
3840 1.647582279267759e-7
3841 1.647582279267759e-7
3842 1.647582279267759e-7
3843 1.647582279267759e-7
3844 1.647582279267759e-7
3845 1.647582279267759e-7
3846 1.647582279267759e-7
3847 1.647582279267759e-7
3848 1.647582279267759e-7
3849 1.647582279267759e-7
3850 1.647582279267759e-7
3851 1.647582279267759e-7
3852 1.647582279267759e-7
3853 1.647582279267759e-7
3854 1.647582279267759e-7
3855 1.647582279267759e-7
3856 1.647582279267759e-7
3857 1.647582279267759e-7
3858 1.647582279267759e-7
3859 1.647582279267759e-7
3860 1.647582279267759e-7
3861 1.6500656518218953e-7
3862 1.6500656518218953e-7
3863 1.6545517390517126e-7
3864 1.6545517390517126e-7
3865 1.6545517390517126e-7
3866 1.6545517390517126e-7
3867 1.6545517390517126e-7
3868 1.6545517390517126e-7
3869 1.6545517390517126e-7
3870 1.6545517390517126e-7
3871 1.6545517390517126e-7
3872 1.6545517390517126e-7
3873 1.6545517390517126e-7
3874 1.6577240480456943e-7
3875 1.6577240480456943e-7
3876 1.6577240480456943e-7
3877 1.6577240480456943e-7
3878 1.6659592349460033e-7
3879 1.6659592349460033e-7
3880 1.6659592349460033e-7
3881 1.6659592349460033e-7
3882 1.6659592349460033e-7
3883 1.6659592349460033e-7
3884 1.6730408527169304e-7
3885 1.6730408527169304e-7
3886 1.6730408527169304e-7
3887 1.6730408527169304e-7
3888 1.6730408527169304e-7
3889 1.6730408527169304e-7
3890 1.6730408527169304e-7
3891 1.6730408527169304e-7
3892 1.6730408527169304e-7
3893 1.6730408527169304e-7
3894 1.6730408527169304e-7
3895 1.6730408527169304e-7
3896 1.6730408527169304e-7
3897 1.6730408527169304e-7
3898 1.6730408527169304e-7
3899 1.6730408527169304e-7
3900 1.6730408527169304e-7
3901 1.6730408527169304e-7
3902 1.6730408527169304e-7
3903 1.6730408527169304e-7
3904 1.6730408527169304e-7
3905 1.6730408527169304e-7
3906 1.6730408527169304e-7
3907 1.6730408527169304e-7
3908 1.6730408527169304e-7
3909 1.6730408527169304e-7
3910 1.6730408527169304e-7
3911 1.6730408527169304e-7
3912 1.6730408527169304e-7
3913 1.6730408527169304e-7
3914 1.6730408527169304e-7
3915 1.6730408527169304e-7
3916 1.6730408527169304e-7
3917 1.6811959381199218e-7
3918 1.6811959381199218e-7
3919 1.6811959381199218e-7
3920 1.6856980566504767e-7
3921 1.6856980566504767e-7
3922 1.6856980566504767e-7
3923 1.6888863847215581e-7
3924 1.6888863847215581e-7
3925 1.6888863847215581e-7
3926 1.6888863847215581e-7
3927 1.6888863847215581e-7
3928 1.6888863847215581e-7
3929 1.6888863847215581e-7
3930 1.6888863847215581e-7
3931 1.6888863847215581e-7
3932 1.6888863847215581e-7
3933 1.6888863847215581e-7
3934 1.6888863847215581e-7
3935 1.6888863847215581e-7
3936 1.6888863847215581e-7
3937 1.6888863847215581e-7
3938 1.6888863847215581e-7
3939 1.6888863847215581e-7
3940 1.6888863847215581e-7
3941 1.6888863847215581e-7
3942 1.6888863847215581e-7
3943 1.6888863847215581e-7
3944 1.6888863847215581e-7
3945 1.6888863847215581e-7
3946 1.6888863847215581e-7
3947 1.6888863847215581e-7
3948 1.6888863847215581e-7
3949 1.6888863847215581e-7
3950 1.6888863847215581e-7
3951 1.6888863847215581e-7
3952 1.6888863847215581e-7
3953 1.6888863847215581e-7
3954 1.6888863847215581e-7
3955 1.6888863847215581e-7
3956 1.6888863847215581e-7
3957 1.6888863847215581e-7
3958 1.6888863847215581e-7
3959 1.6888863847215581e-7
3960 1.6937409779546762e-7
3961 1.6937409779546762e-7
3962 1.6937409779546762e-7
3963 1.6937409779546762e-7
3964 1.6937409779546762e-7
3965 1.705629131727422e-7
3966 1.705629131727422e-7
3967 1.705629131727422e-7
3968 1.705629131727422e-7
3969 1.705629131727422e-7
3970 1.705629131727422e-7
3971 1.7089456429743954e-7
3972 1.7089456429743954e-7
3973 1.7089456429743954e-7
3974 1.7089456429743954e-7
3975 1.7089456429743954e-7
3976 1.7089456429743954e-7
3977 1.7089456429743954e-7
3978 1.7089456429743954e-7
3979 1.7089456429743954e-7
3980 1.7089456429743954e-7
3981 1.7157068241969586e-7
3982 1.7157068241969586e-7
3983 1.7157068241969586e-7
3984 1.7157068241969586e-7
3985 1.7157068241969586e-7
3986 1.7177736274046763e-7
3987 1.7177736274046763e-7
3988 1.7177736274046763e-7
3989 1.7177736274046763e-7
3990 1.7177736274046763e-7
3991 1.7177736274046763e-7
3992 1.7177736274046763e-7
3993 1.7177736274046763e-7
3994 1.7177736274046763e-7
3995 1.7177736274046763e-7
3996 1.7177736274046763e-7
3997 1.7177736274046763e-7
3998 1.7177736274046763e-7
3999 1.7177736274046763e-7
4000 1.7177736274046763e-7
4001 1.7177736274046763e-7
4002 1.7177736274046763e-7
4003 1.7177736274046763e-7
4004 1.7177736274046763e-7
4005 1.7177736274046763e-7
4006 1.7177736274046763e-7
4007 1.7177736274046763e-7
4008 1.7177736274046763e-7
4009 1.7177736274046763e-7
4010 1.7177736274046763e-7
4011 1.7177736274046763e-7
4012 1.7177736274046763e-7
4013 1.7177736274046763e-7
4014 1.7177736274046763e-7
4015 1.7177736274046763e-7
4016 1.7177736274046763e-7
4017 1.7177736274046763e-7
4018 1.7177736274046763e-7
4019 1.7177736274046763e-7
4020 1.7177736274046763e-7
4021 1.7177736274046763e-7
4022 1.7177736274046763e-7
4023 1.7177736274046763e-7
4024 1.7177736274046763e-7
4025 1.7177736274046763e-7
4026 1.7196321520510035e-7
4027 1.7196321520510035e-7
4028 1.7196321520510035e-7
4029 1.7196321520510035e-7
4030 1.7196321520510035e-7
4031 1.7196321520510035e-7
4032 1.7196321520510035e-7
4033 1.7196321520510035e-7
4034 1.7196321520510035e-7
4035 1.7196321520510035e-7
4036 1.7196321520510035e-7
4037 1.7196321520510035e-7
4038 1.7196321520510035e-7
4039 1.7196321520510035e-7
4040 1.7196321520510035e-7
4041 1.7196321520510035e-7
4042 1.7196321520510035e-7
4043 1.7196321520510035e-7
4044 1.7196321520510035e-7
4045 1.7284921868591215e-7
4046 1.7353655199568393e-7
4047 1.7353655199568393e-7
4048 1.7375444811515304e-7
4049 1.7375444811515304e-7
4050 1.7375444811515304e-7
4051 1.7392267715024854e-7
4052 1.7392267715024854e-7
4053 1.7392267715024854e-7
4054 1.7392267715024854e-7
4055 1.7392267715024854e-7
4056 1.7392267715024854e-7
4057 1.7392267715024854e-7
4058 1.7392267715024854e-7
4059 1.7392267715024854e-7
4060 1.7392267715024854e-7
4061 1.7392267715024854e-7
4062 1.7392267715024854e-7
4063 1.7392267715024854e-7
4064 1.7392267715024854e-7
4065 1.742094669137022e-7
4066 1.742094669137022e-7
4067 1.742094669137022e-7
4068 1.742094669137022e-7
4069 1.742094669137022e-7
4070 1.742094669137022e-7
4071 1.742094669137022e-7
4072 1.742094669137022e-7
4073 1.742094669137022e-7
4074 1.742094669137022e-7
4075 1.7521082730745218e-7
4076 1.7521082730745218e-7
4077 1.7521082730745218e-7
4078 1.7521082730745218e-7
4079 1.762378225028349e-7
4080 1.762378225028349e-7
4081 1.767633362418967e-7
4082 1.767633362418967e-7
4083 1.767633362418967e-7
4084 1.767633362418967e-7
4085 1.767633362418967e-7
4086 1.767633362418967e-7
4087 1.767633362418967e-7
4088 1.767633362418967e-7
4089 1.7707576080698308e-7
4090 1.7707576080698308e-7
4091 1.7707576080698308e-7
4092 1.7707576080698308e-7
4093 1.7729365692645218e-7
4094 1.7729365692645218e-7
4095 1.7729365692645218e-7
4096 1.7729365692645218e-7
4097 1.7729365692645218e-7
4098 1.7729365692645218e-7
4099 1.781652414043286e-7
4100 1.781652414043286e-7
4101 1.7872760574372045e-7
4102 1.7872760574372045e-7
4103 1.7872760574372045e-7
4104 1.7872760574372045e-7
4105 1.7872760574372045e-7
4106 1.7872760574372045e-7
4107 1.7872760574372045e-7
4108 1.7872760574372045e-7
4109 1.7872760574372045e-7
4110 1.7872760574372045e-7
4111 1.7932041183023872e-7
4112 1.7932041183023872e-7
4113 1.7932041183023872e-7
4114 1.7932041183023872e-7
4115 1.7932041183023872e-7
4116 1.7973217117525418e-7
4117 1.7973217117525418e-7
4118 1.7973217117525418e-7
4119 1.7973217117525418e-7
4120 1.7973217117525418e-7
4121 1.7973217117525418e-7
4122 1.7973217117525418e-7
4123 1.7973217117525418e-7
4124 1.7973217117525418e-7
4125 1.7973217117525418e-7
4126 1.7973217117525418e-7
4127 1.7973217117525418e-7
4128 1.7973217117525418e-7
4129 1.7973217117525418e-7
4130 1.7973217117525418e-7
4131 1.7973217117525418e-7
4132 1.7973217117525418e-7
4133 1.7973217117525418e-7
4134 1.7973217117525418e-7
4135 1.7973217117525418e-7
4136 1.7973217117525418e-7
4137 1.7973217117525418e-7
4138 1.7973217117525418e-7
4139 1.7973217117525418e-7
4140 1.7973217117525418e-7
4141 1.7973217117525418e-7
4142 1.7973217117525418e-7
4143 1.7996608881655052e-7
4144 1.7996608881655052e-7
4145 1.803906652567914e-7
4146 1.803906652567914e-7
4147 1.803906652567914e-7
4148 1.803906652567914e-7
4149 1.803906652567914e-7
4150 1.803906652567914e-7
4151 1.803906652567914e-7
4152 1.803906652567914e-7
4153 1.8059734618874504e-7
4154 1.8059734618874504e-7
4155 1.8059734618874504e-7
4156 1.8059734618874504e-7
4157 1.8059734618874504e-7
4158 1.8059734618874504e-7
4159 1.8059734618874504e-7
4160 1.8059734618874504e-7
4161 1.8059734618874504e-7
4162 1.8059734618874504e-7
4163 1.8059734618874504e-7
4164 1.8059734618874504e-7
4165 1.8059734618874504e-7
4166 1.8059734618874504e-7
4167 1.8059734618874504e-7
4168 1.8059734618874504e-7
4169 1.8059734618874504e-7
4170 1.8059734618874504e-7
4171 1.8059734618874504e-7
4172 1.8059734618874504e-7
4173 1.8059734618874504e-7
4174 1.8059734618874504e-7
4175 1.8059734618874504e-7
4176 1.8059734618874504e-7
4177 1.8059734618874504e-7
4178 1.8059734618874504e-7
4179 1.8059734618874504e-7
4180 1.8059734618874504e-7
4181 1.8059734618874504e-7
4182 1.8059734618874504e-7
4183 1.8059734618874504e-7
4184 1.8059734618874504e-7
4185 1.8059734618874504e-7
4186 1.8059734618874504e-7
4187 1.8105236376493043e-7
4188 1.8105236376493043e-7
4189 1.8116611877015867e-7
4190 1.8116611877015867e-7
4191 1.8116611877015867e-7
4192 1.8116611877015867e-7
4193 1.8116611877015867e-7
4194 1.8116611877015867e-7
4195 1.8116611877015867e-7
4196 1.8116611877015867e-7
4197 1.8116611877015867e-7
4198 1.8116611877015867e-7
4199 1.8116611877015867e-7
4200 1.8116611877015867e-7
4201 1.8146572562883774e-7
4202 1.8146572562883774e-7
4203 1.8146572562883774e-7
4204 1.8146572562883774e-7
4205 1.8146572562883774e-7
4206 1.8146572562883774e-7
4207 1.8146572562883774e-7
4208 1.818870976424768e-7
4209 1.818870976424768e-7
4210 1.818870976424768e-7
4211 1.818870976424768e-7
4212 1.818870976424768e-7
4213 1.818870976424768e-7
4214 1.818870976424768e-7
4215 1.818870976424768e-7
4216 1.818870976424768e-7
4217 1.818870976424768e-7
4218 1.818870976424768e-7
4219 1.818870976424768e-7
4220 1.818870976424768e-7
4221 1.818870976424768e-7
4222 1.818870976424768e-7
4223 1.818870976424768e-7
4224 1.818870976424768e-7
4225 1.818870976424768e-7
4226 1.818870976424768e-7
4227 1.818870976424768e-7
4228 1.818870976424768e-7
4229 1.818870976424768e-7
4230 1.818870976424768e-7
4231 1.818870976424768e-7
4232 1.818870976424768e-7
4233 1.818870976424768e-7
4234 1.818870976424768e-7
4235 1.818870976424768e-7
4236 1.818870976424768e-7
4237 1.818870976424768e-7
4238 1.818870976424768e-7
4239 1.818870976424768e-7
4240 1.818870976424768e-7
4241 1.826689600090477e-7
4242 1.826689600090477e-7
4243 1.826689600090477e-7
4244 1.826689600090477e-7
4245 1.826689600090477e-7
4246 1.826689600090477e-7
4247 1.826689600090477e-7
4248 1.826689600090477e-7
4249 1.826689600090477e-7
4250 1.826689600090477e-7
4251 1.826689600090477e-7
4252 1.826689600090477e-7
4253 1.826689600090477e-7
4254 1.826689600090477e-7
4255 1.826689600090477e-7
4256 1.826689600090477e-7
4257 1.826689600090477e-7
4258 1.826689600090477e-7
4259 1.826689600090477e-7
4260 1.826689600090477e-7
4261 1.826689600090477e-7
4262 1.826689600090477e-7
4263 1.826689600090477e-7
4264 1.826689600090477e-7
4265 1.826689600090477e-7
4266 1.826689600090477e-7
4267 1.8395711016625135e-7
4268 1.8395711016625135e-7
4269 1.843608581391713e-7
4270 1.843608581391713e-7
4271 1.843608581391713e-7
4272 1.843608581391713e-7
4273 1.843608581391713e-7
4274 1.843608581391713e-7
4275 1.843608581391713e-7
4276 1.843608581391713e-7
4277 1.843608581391713e-7
4278 1.843608581391713e-7
4279 1.843608581391713e-7
4280 1.843608581391713e-7
4281 1.843608581391713e-7
4282 1.843608581391713e-7
4283 1.843608581391713e-7
4284 1.8457715235093043e-7
4285 1.8457715235093043e-7
4286 1.8457715235093043e-7
4287 1.8457715235093043e-7
4288 1.8457715235093043e-7
4289 1.8457715235093043e-7
4290 1.8457715235093043e-7
4291 1.8457715235093043e-7
4292 1.8457715235093043e-7
4293 1.8457715235093043e-7
4294 1.8457715235093043e-7
4295 1.8457715235093043e-7
4296 1.8457715235093043e-7
4297 1.8457715235093043e-7
4298 1.8490239401124222e-7
4299 1.8490239401124222e-7
4300 1.852404533779613e-7
4301 1.852404533779613e-7
4302 1.8574994559519586e-7
4303 1.8574994559519586e-7
4304 1.8574994559519586e-7
4305 1.8574994559519586e-7
4306 1.8574994559519586e-7
4307 1.8574994559519586e-7
4308 1.8574994559519586e-7
4309 1.8574994559519586e-7
4310 1.86204964393745e-7
4311 1.86204964393745e-7
4312 1.86204964393745e-7
4313 1.86204964393745e-7
4314 1.86204964393745e-7
4315 1.86204964393745e-7
4316 1.86204964393745e-7
4317 1.86204964393745e-7
4318 1.86204964393745e-7
4319 1.86204964393745e-7
4320 1.86204964393745e-7
4321 1.86204964393745e-7
4322 1.86204964393745e-7
4323 1.8657346489640864e-7
4324 1.8657346489640864e-7
4325 1.8657346489640864e-7
4326 1.8657346489640864e-7
4327 1.8657346489640864e-7
4328 1.8703489193697957e-7
4329 1.8703489193697957e-7
4330 1.8703489193697957e-7
4331 1.8703489193697957e-7
4332 1.8703489193697957e-7
4333 1.8703489193697957e-7
4334 1.8703489193697957e-7
4335 1.8703489193697957e-7
4336 1.8732008040390513e-7
4337 1.8732008040390513e-7
4338 1.8757803093912424e-7
4339 1.8757803093912424e-7
4340 1.8757803093912424e-7
4341 1.8757803093912424e-7
4342 1.8757803093912424e-7
4343 1.8757803093912424e-7
4344 1.8757803093912424e-7
4345 1.8757803093912424e-7
4346 1.8757803093912424e-7
4347 1.8757803093912424e-7
4348 1.8757803093912424e-7
4349 1.8757803093912424e-7
4350 1.8757803093912424e-7
4351 1.8757803093912424e-7
4352 1.8757803093912424e-7
4353 1.8757803093912424e-7
4354 1.8757803093912424e-7
4355 1.8757803093912424e-7
4356 1.879449301452598e-7
4357 1.879449301452598e-7
4358 1.879449301452598e-7
4359 1.879449301452598e-7
4360 1.879449301452598e-7
4361 1.879449301452598e-7
4362 1.879449301452598e-7
4363 1.879449301452598e-7
4364 1.879449301452598e-7
4365 1.879449301452598e-7
4366 1.881307826098925e-7
4367 1.881307826098925e-7
4368 1.8863226406621344e-7
4369 1.8863226406621344e-7
4370 1.8863226406621344e-7
4371 1.8863226406621344e-7
4372 1.8923788785913898e-7
4373 1.8923788785913898e-7
4374 1.8923788785913898e-7
4375 1.8923788785913898e-7
4376 1.8923788785913898e-7
4377 1.8923788785913898e-7
4378 1.8923788785913898e-7
4379 1.8923788785913898e-7
4380 1.9019598941053715e-7
4381 1.9019598941053715e-7
4382 1.9067824430724711e-7
4383 1.9067824430724711e-7
4384 1.9067824430724711e-7
4385 1.9067824430724711e-7
4386 1.9079840694331524e-7
4387 1.9079840694331524e-7
4388 1.9079840694331524e-7
4389 1.9087371005168531e-7
4390 1.9087371005168531e-7
4391 1.9087371005168531e-7
4392 1.9087371005168531e-7
4393 1.9087371005168531e-7
4394 1.9087371005168531e-7
4395 1.9087371005168531e-7
4396 1.9087371005168531e-7
4397 1.9087371005168531e-7
4398 1.9087371005168531e-7
4399 1.9087371005168531e-7
4400 1.9087371005168531e-7
4401 1.9222434561085175e-7
4402 1.9222434561085175e-7
4403 1.9242621959731173e-7
4404 1.9242621959731173e-7
4405 1.9242621959731173e-7
4406 1.9242621959731173e-7
4407 1.9242621959731173e-7
4408 1.9242621959731173e-7
4409 1.9273543973579628e-7
4410 1.928379783311453e-7
4411 1.928379783311453e-7
4412 1.928379783311453e-7
4413 1.928379783311453e-7
4414 1.928379783311453e-7
4415 1.928379783311453e-7
4416 1.928379783311453e-7
4417 1.9293410868447255e-7
4418 1.9293410868447255e-7
4419 1.9293410868447255e-7
4420 1.9293410868447255e-7
4421 1.9293410868447255e-7
4422 1.9293410868447255e-7
4423 1.930078086627689e-7
4424 1.930078086627689e-7
4425 1.930078086627689e-7
4426 1.930078086627689e-7
4427 1.9331062055923167e-7
4428 1.9331062055923167e-7
4429 1.9331062055923167e-7
4430 1.9331062055923167e-7
4431 1.9331062055923167e-7
4432 1.9331062055923167e-7
4433 1.9331062055923167e-7
4434 1.9331062055923167e-7
4435 1.9331062055923167e-7
4436 1.9331062055923167e-7
4437 1.936342603118335e-7
4438 1.93762434931179e-7
4439 1.93762434931179e-7
4440 1.9410369811331804e-7
4441 1.9440170245310527e-7
4442 1.9440170245310527e-7
4443 1.9440170245310527e-7
4444 1.9440170245310527e-7
4445 1.9475738586054346e-7
4446 1.9475738586054346e-7
4447 1.9475738586054346e-7
4448 1.9475738586054346e-7
4449 1.9475738586054346e-7
4450 1.9475738586054346e-7
4451 1.9475738586054346e-7
4452 1.9475738586054346e-7
4453 1.9475738586054346e-7
4454 1.9475738586054346e-7
4455 1.9475738586054346e-7
4456 1.9475738586054346e-7
4457 1.9475738586054346e-7
4458 1.9475738586054346e-7
4459 1.9475738586054346e-7
4460 1.9475738586054346e-7
4461 1.9475738586054346e-7
4462 1.951258863632071e-7
4463 1.951258863632071e-7
4464 1.951258863632071e-7
4465 1.951258863632071e-7
4466 1.951258863632071e-7
4467 1.951258863632071e-7
4468 1.951258863632071e-7
4469 1.951258863632071e-7
4470 1.951258863632071e-7
4471 1.951258863632071e-7
4472 1.951258863632071e-7
4473 1.951258863632071e-7
4474 1.951258863632071e-7
4475 1.954815697706453e-7
4476 1.954815697706453e-7
4477 1.954815697706453e-7
4478 1.954815697706453e-7
4479 1.954815697706453e-7
4480 1.954815697706453e-7
4481 1.954815697706453e-7
4482 1.954815697706453e-7
4483 1.954815697706453e-7
4484 1.954815697706453e-7
4485 1.954815697706453e-7
4486 1.954815697706453e-7
4487 1.954815697706453e-7
4488 1.954815697706453e-7
4489 1.954815697706453e-7
4490 1.954815697706453e-7
4491 1.954815697706453e-7
4492 1.954815697706453e-7
4493 1.954815697706453e-7
4494 1.954815697706453e-7
4495 1.954815697706453e-7
4496 1.9571548741194163e-7
4497 1.9571548741194163e-7
4498 1.9571548741194163e-7
4499 1.9571548741194163e-7
4500 1.9571548741194163e-7
4501 1.9571548741194163e-7
4502 1.9571548741194163e-7
4503 1.9571548741194163e-7
4504 1.9571548741194163e-7
4505 1.9571548741194163e-7
4506 1.9571548741194163e-7
4507 1.9571548741194163e-7
4508 1.9571548741194163e-7
4509 1.9571548741194163e-7
4510 1.9571548741194163e-7
4511 1.9571548741194163e-7
4512 1.9571548741194163e-7
4513 1.9571548741194163e-7
4514 1.9571548741194163e-7
4515 1.9571548741194163e-7
4516 1.9571548741194163e-7
4517 1.9571548741194163e-7
4518 1.9571548741194163e-7
4519 1.9571548741194163e-7
4520 1.9571548741194163e-7
4521 1.9571548741194163e-7
4522 1.9571548741194163e-7
4523 1.9571548741194163e-7
4524 1.9571548741194163e-7
4525 1.9571548741194163e-7
4526 1.9571548741194163e-7
4527 1.9571548741194163e-7
4528 1.9571548741194163e-7
4529 1.9571548741194163e-7
4530 1.9571548741194163e-7
4531 1.9571548741194163e-7
4532 1.9571548741194163e-7
4533 1.9571548741194163e-7
4534 1.9571548741194163e-7
4535 1.9571548741194163e-7
4536 1.9571548741194163e-7
4537 1.9571548741194163e-7
4538 1.9571548741194163e-7
4539 1.9571548741194163e-7
4540 1.9571548741194163e-7
4541 1.9571548741194163e-7
4542 1.9571548741194163e-7
4543 1.9571548741194163e-7
4544 1.960952031021207e-7
4545 1.9686424776228434e-7
4546 1.9708534830835526e-7
4547 1.9708534830835526e-7
4548 1.9752594688160527e-7
4549 1.9752594688160527e-7
4550 1.9752594688160527e-7
4551 1.9752594688160527e-7
4552 1.9752594688160527e-7
4553 1.9752594688160527e-7
4554 1.9752594688160527e-7
4555 1.9752594688160527e-7
4556 1.9752594688160527e-7
4557 1.978175429793707e-7
4558 1.978175429793707e-7
4559 1.978175429793707e-7
4560 1.978175429793707e-7
4561 1.978175429793707e-7
4562 1.978175429793707e-7
4563 1.978175429793707e-7
4564 1.978175429793707e-7
4565 1.978175429793707e-7
4566 1.978175429793707e-7
4567 1.978175429793707e-7
4568 1.978175429793707e-7
4569 1.978175429793707e-7
4570 1.978175429793707e-7
4571 1.978175429793707e-7
4572 1.9832703519660526e-7
4573 1.9832703519660526e-7
4574 1.9832703519660526e-7
4575 1.9899994828107787e-7
4576 1.9899994828107787e-7
4577 1.9899994828107787e-7
4578 1.9899994828107787e-7
4579 1.9899994828107787e-7
4580 1.9899994828107787e-7
4581 1.9899994828107787e-7
4582 1.9899994828107787e-7
4583 1.9899994828107787e-7
4584 1.9899994828107787e-7
4585 1.9899994828107787e-7
4586 1.9948700951209965e-7
4587 1.9948700951209965e-7
4588 1.9948700951209965e-7
4589 1.9948700951209965e-7
4590 1.9948700951209965e-7
4591 1.9948700951209965e-7
4592 1.9948700951209965e-7
4593 1.9948700951209965e-7
4594 1.9948700951209965e-7
4595 1.9948700951209965e-7
4596 1.9948700951209965e-7
4597 1.9948700951209965e-7
4598 1.9948700951209965e-7
4599 1.9948700951209965e-7
4600 1.9948700951209965e-7
4601 1.9948700951209965e-7
4602 1.9948700951209965e-7
4603 1.9948700951209965e-7
4604 1.9948700951209965e-7
4605 1.9948700951209965e-7
4606 1.9948700951209965e-7
4607 1.997914233162724e-7
4608 1.997914233162724e-7
4609 1.997914233162724e-7
4610 1.997914233162724e-7
4611 1.997914233162724e-7
4612 1.997914233162724e-7
4613 1.997914233162724e-7
4614 1.997914233162724e-7
4615 1.997914233162724e-7
4616 2.003297547617415e-7
4617 2.003297547617415e-7
4618 2.003297547617415e-7
4619 2.003297547617415e-7
4620 2.003297547617415e-7
4621 2.003297547617415e-7
4622 2.003297547617415e-7
4623 2.003297547617415e-7
4624 2.003297547617415e-7
4625 2.003297547617415e-7
4626 2.003297547617415e-7
4627 2.003297547617415e-7
4628 2.003297547617415e-7
4629 2.003297547617415e-7
4630 2.003297547617415e-7
4631 2.003297547617415e-7
4632 2.003297547617415e-7
4633 2.003297547617415e-7
4634 2.003297547617415e-7
4635 2.003297547617415e-7
4636 2.003297547617415e-7
4637 2.003297547617415e-7
4638 2.003297547617415e-7
4639 2.0069184641120147e-7
4640 2.0069184641120147e-7
4641 2.0094499000092689e-7
4642 2.0094499000092689e-7
4643 2.0094499000092689e-7
4644 2.0094499000092689e-7
4645 2.0094499000092689e-7
4646 2.0094499000092689e-7
4647 2.0152497776985596e-7
4648 2.0152497776985596e-7
4649 2.0152497776985596e-7
4650 2.0152497776985596e-7
4651 2.0152497776985596e-7
4652 2.0152497776985596e-7
4653 2.0152497776985596e-7
4654 2.0152497776985596e-7
4655 2.0152497776985596e-7
4656 2.0152497776985596e-7
4657 2.0152497776985596e-7
4658 2.0152497776985596e-7
4659 2.0152497776985596e-7
4660 2.0152497776985596e-7
4661 2.0152497776985596e-7
4662 2.0152497776985596e-7
4663 2.0152497776985596e-7
4664 2.0152497776985596e-7
4665 2.0152497776985596e-7
4666 2.0152497776985596e-7
4667 2.0152497776985596e-7
4668 2.0152497776985596e-7
4669 2.0152497776985596e-7
4670 2.0152497776985596e-7
4671 2.0152497776985596e-7
4672 2.0152497776985596e-7
4673 2.0152497776985596e-7
4674 2.0152497776985596e-7
4675 2.0152497776985596e-7
4676 2.0152497776985596e-7
4677 2.0152497776985596e-7
4678 2.0201203900087772e-7
4679 2.0201203900087772e-7
4680 2.0201203900087772e-7
4681 2.0227159205498867e-7
4682 2.0227159205498867e-7
4683 2.0227159205498867e-7
4684 2.0227159205498867e-7
4685 2.0227159205498867e-7
4686 2.0227159205498867e-7
4687 2.0227159205498867e-7
4688 2.0227159205498867e-7
4689 2.0227159205498867e-7
4690 2.0227159205498867e-7
4691 2.0227159205498867e-7
4692 2.0227159205498867e-7
4693 2.0227159205498867e-7
4694 2.0227159205498867e-7
4695 2.0227159205498867e-7
4696 2.0227159205498867e-7
4697 2.0227159205498867e-7
4698 2.0227159205498867e-7
4699 2.0227159205498867e-7
4700 2.0227159205498867e-7
4701 2.0227159205498867e-7
4702 2.0227159205498867e-7
4703 2.0227159205498867e-7
4704 2.0227159205498867e-7
4705 2.0227159205498867e-7
4706 2.0227159205498867e-7
4707 2.0305826136705327e-7
4708 2.0305826136705327e-7
4709 2.0305826136705327e-7
4710 2.0358537701382503e-7
4711 2.0358537701382503e-7
4712 2.0358537701382503e-7
4713 2.0358537701382503e-7
4714 2.0358537701382503e-7
4715 2.0421823690491142e-7
4716 2.0421823690491142e-7
4717 2.0421823690491142e-7
4718 2.0421823690491142e-7
4719 2.0421823690491142e-7
4720 2.0421823690491142e-7
4721 2.0421823690491142e-7
4722 2.044249172256832e-7
4723 2.044249172256832e-7
4724 2.044249172256832e-7
4725 2.044249172256832e-7
4726 2.044249172256832e-7
4727 2.044249172256832e-7
4728 2.044249172256832e-7
4729 2.044249172256832e-7
4730 2.044249172256832e-7
4731 2.044249172256832e-7
4732 2.044249172256832e-7
4733 2.044249172256832e-7
4734 2.044249172256832e-7
4735 2.044249172256832e-7
4736 2.044249172256832e-7
4737 2.0493280753520776e-7
4738 2.0493280753520776e-7
4739 2.053157270408068e-7
4740 2.053157270408068e-7
4741 2.053157270408068e-7
4742 2.0553202064138405e-7
4743 2.0553202064138405e-7
4744 2.0553202064138405e-7
4745 2.0553202064138405e-7
4746 2.0553202064138405e-7
4747 2.0553202064138405e-7
4748 2.0553202064138405e-7
4749 2.0553202064138405e-7
4750 2.0616327801357857e-7
4751 2.0616327801357857e-7
4752 2.0616327801357857e-7
4753 2.0616327801357857e-7
4754 2.0616327801357857e-7
4755 2.0616327801357857e-7
4756 2.0616327801357857e-7
4757 2.0616327801357857e-7
4758 2.0616327801357857e-7
4759 2.0616327801357857e-7
4760 2.0616327801357857e-7
4761 2.0616327801357857e-7
4762 2.0616327801357857e-7
4763 2.0616327801357857e-7
4764 2.0616327801357857e-7
4765 2.0616327801357857e-7
4766 2.0774783121404135e-7
4767 2.0774783121404135e-7
4768 2.0774783121404135e-7
4769 2.0774783121404135e-7
4770 2.0774783121404135e-7
4771 2.0774783121404135e-7
4772 2.0774783121404135e-7
4773 2.0774783121404135e-7
4774 2.0774783121404135e-7
4775 2.0774783121404135e-7
4776 2.0774783121404135e-7
4777 2.0774783121404135e-7
4778 2.0774783121404135e-7
4779 2.0774783121404135e-7
4780 2.0774783121404135e-7
4781 2.0774783121404135e-7
4782 2.0774783121404135e-7
4783 2.0774783121404135e-7
4784 2.0774783121404135e-7
4785 2.0774783121404135e-7
4786 2.0774783121404135e-7
4787 2.0774783121404135e-7
4788 2.0774783121404135e-7
4789 2.0774783121404135e-7
4790 2.0774783121404135e-7
4791 2.0774783121404135e-7
4792 2.0774783121404135e-7
4793 2.0774783121404135e-7
4794 2.0774783121404135e-7
4795 2.0774783121404135e-7
4796 2.0774783121404135e-7
4797 2.0774783121404135e-7
4798 2.0774783121404135e-7
4799 2.0774783121404135e-7
4800 2.0774783121404135e-7
4801 2.0774783121404135e-7
4802 2.0774783121404135e-7
4803 2.0774783121404135e-7
4804 2.0774783121404135e-7
4805 2.0774783121404135e-7
4806 2.0774783121404135e-7
4807 2.0774783121404135e-7
4808 2.0774783121404135e-7
4809 2.0774783121404135e-7
4810 2.0774783121404135e-7
4811 2.0774783121404135e-7
4812 2.0774783121404135e-7
4813 2.0774783121404135e-7
4814 2.0774783121404135e-7
4815 2.0774783121404135e-7
4816 2.0774783121404135e-7
4817 2.0774783121404135e-7
4818 2.0774783121404135e-7
4819 2.0774783121404135e-7
4820 2.0774783121404135e-7
4821 2.0774783121404135e-7
4822 2.0774783121404135e-7
4823 2.0774783121404135e-7
4824 2.0774783121404135e-7
4825 2.0774783121404135e-7
4826 2.0774783121404135e-7
4827 2.0774783121404135e-7
4828 2.0774783121404135e-7
4829 2.0774783121404135e-7
4830 2.0774783121404135e-7
4831 2.0774783121404135e-7
4832 2.0774783121404135e-7
4833 2.0774783121404135e-7
4834 2.0774783121404135e-7
4835 2.0774783121404135e-7
4836 2.0774783121404135e-7
4837 2.0774783121404135e-7
4838 2.0774783121404135e-7
4839 2.0774783121404135e-7
4840 2.0774783121404135e-7
4841 2.0774783121404135e-7
4842 2.0774783121404135e-7
4843 2.0774783121404135e-7
4844 2.0774783121404135e-7
4845 2.0774783121404135e-7
4846 2.0774783121404135e-7
4847 2.0831019494225132e-7
4848 2.0831019494225132e-7
4849 2.0831019494225132e-7
4850 2.0831019494225132e-7
4851 2.0831019494225132e-7
4852 2.0831019494225132e-7
4853 2.0831019494225132e-7
4854 2.0831019494225132e-7
4855 2.0831019494225132e-7
4856 2.0831019494225132e-7
4857 2.0831019494225132e-7
4858 2.0831019494225132e-7
4859 2.0831019494225132e-7
4860 2.0831019494225132e-7
4861 2.0831019494225132e-7
4862 2.0831019494225132e-7
4863 2.0831019494225132e-7
4864 2.0831019494225132e-7
4865 2.0831019494225132e-7
4866 2.0831019494225132e-7
4867 2.0831019494225132e-7
4868 2.0831019494225132e-7
4869 2.0831019494225132e-7
4870 2.0831019494225132e-7
4871 2.0831019494225132e-7
4872 2.0831019494225132e-7
4873 2.0831019494225132e-7
4874 2.0831019494225132e-7
4875 2.0831019494225132e-7
4876 2.0831019494225132e-7
4877 2.0831019494225132e-7
4878 2.0831019494225132e-7
4879 2.0831019494225132e-7
4880 2.0831019494225132e-7
4881 2.0831019494225132e-7
4882 2.092586838250259e-7
4883 2.092586838250259e-7
4884 2.092586838250259e-7
4885 2.092586838250259e-7
4886 2.092586838250259e-7
4887 2.092586838250259e-7
4888 2.092586838250259e-7
4889 2.0962397990108768e-7
4890 2.0962397990108768e-7
4891 2.0962397990108768e-7
4892 2.0962397990108768e-7
4893 2.0962397990108768e-7
4894 2.0962397990108768e-7
4895 2.0962397990108768e-7
4896 2.0962397990108768e-7
4897 2.0962397990108768e-7
4898 2.0962397990108768e-7
4899 2.0962397990108768e-7
4900 2.0962397990108768e-7
4901 2.0962397990108768e-7
4902 2.0962397990108768e-7
4903 2.0962397990108768e-7
4904 2.0962397990108768e-7
4905 2.0962397990108768e-7
4906 2.0962397990108768e-7
4907 2.0962397990108768e-7
4908 2.0962397990108768e-7
4909 2.0962397990108768e-7
4910 2.0962397990108768e-7
4911 2.0962397990108768e-7
4912 2.0962397990108768e-7
4913 2.0962397990108768e-7
4914 2.0962397990108768e-7
4915 2.0962397990108768e-7
4916 2.0962397990108768e-7
4917 2.1030490558001955e-7
4918 2.1030490558001955e-7
4919 2.1030490558001955e-7
4920 2.1030490558001955e-7
4921 2.1030490558001955e-7
4922 2.1030490558001955e-7
4923 2.1030490558001955e-7
4924 2.1030490558001955e-7
4925 2.1030490558001955e-7
4926 2.1030490558001955e-7
4927 2.1030490558001955e-7
4928 2.1030490558001955e-7
4929 2.1030490558001955e-7
4930 2.1063014724033134e-7
4931 2.1063014724033134e-7
4932 2.1109317618861224e-7
4933 2.1109317618861224e-7
4934 2.1109317618861224e-7
4935 2.1109317618861224e-7
4936 2.1109317618861224e-7
4937 2.1109317618861224e-7
4938 2.1109317618861224e-7
4939 2.1109317618861224e-7
4940 2.1165233610140228e-7
4941 2.1165233610140228e-7
4942 2.1165233610140228e-7
4943 2.1165233610140228e-7
4944 2.1165233610140228e-7
4945 2.1165233610140228e-7
4946 2.1254955476972952e-7
4947 2.1254955476972952e-7
4948 2.1254955476972952e-7
4949 2.1254955476972952e-7
4950 2.1254955476972952e-7
4951 2.1279308569083135e-7
4952 2.1344677343805676e-7
4953 2.1344677343805676e-7
4954 2.1344677343805676e-7
4955 2.1373997205471408e-7
4956 2.1373997205471408e-7
4957 2.1475735397029133e-7
4958 2.1475735397029133e-7
4959 2.1475735397029133e-7
4960 2.1475735397029133e-7
4961 2.1475735397029133e-7
4962 2.1475735397029133e-7
4963 2.151194456197513e-7
4964 2.151194456197513e-7
4965 2.151194456197513e-7
4966 2.151194456197513e-7
4967 2.151194456197513e-7
4968 2.151194456197513e-7
4969 2.151194456197513e-7
4970 2.151194456197513e-7
4971 2.151194456197513e-7
4972 2.155520334320877e-7
4973 2.155520334320877e-7
4974 2.155520334320877e-7
4975 2.155520334320877e-7
4976 2.155520334320877e-7
4977 2.155520334320877e-7
4978 2.155520334320877e-7
4979 2.155520334320877e-7
4980 2.155520334320877e-7
4981 2.155520334320877e-7
4982 2.155520334320877e-7
4983 2.155520334320877e-7
4984 2.162233458312141e-7
4985 2.162233458312141e-7
4986 2.1635312296945147e-7
4987 2.1635312296945147e-7
4988 2.1635312296945147e-7
4989 2.164909096462387e-7
4990 2.164909096462387e-7
4991 2.170468651324269e-7
4992 2.170468651324269e-7
4993 2.170468651324269e-7
4994 2.170468651324269e-7
4995 2.170468651324269e-7
4996 2.1792646037121692e-7
4997 2.1792646037121692e-7
4998 2.1792646037121692e-7
4999 2.1792646037121692e-7
5000 2.1792646037121692e-7
5001 2.1792646037121692e-7
5002 2.1792646037121692e-7
5003 2.1792646037121692e-7
5004 2.1792646037121692e-7
5005 2.1792646037121692e-7
5006 2.1792646037121692e-7
5007 2.1792646037121692e-7
5008 2.1792646037121692e-7
5009 2.1792646037121692e-7
5010 2.1792646037121692e-7
5011 2.1792646037121692e-7
5012 2.1792646037121692e-7
5013 2.1792646037121692e-7
5014 2.1792646037121692e-7
5015 2.1855932087348517e-7
5016 2.1855932087348517e-7
5017 2.1855932087348517e-7
5018 2.1855932087348517e-7
5019 2.1855932087348517e-7
5020 2.1855932087348517e-7
5021 2.1855932087348517e-7
5022 2.1855932087348517e-7
5023 2.1855932087348517e-7
5024 2.1855932087348517e-7
5025 2.1855932087348517e-7
5026 2.1855932087348517e-7
5027 2.1855932087348517e-7
5028 2.1855932087348517e-7
5029 2.196119508705006e-7
5030 2.2086485294626604e-7
5031 2.2086485294626604e-7
5032 2.2086485294626604e-7
5033 2.2086485294626604e-7
5034 2.2086485294626604e-7
5035 2.2111959905488333e-7
5036 2.2111959905488333e-7
5037 2.2163870455192336e-7
5038 2.2163870455192336e-7
5039 2.2163870455192336e-7
5040 2.221626163832752e-7
5041 2.2252470803273517e-7
5042 2.2252470803273517e-7
5043 2.227762497147506e-7
5044 2.227762497147506e-7
5045 2.227762497147506e-7
5046 2.2301016735604694e-7
5047 2.2301016735604694e-7
5048 2.2301016735604694e-7
5049 2.2301016735604694e-7
5050 2.2301016735604694e-7
5051 2.2301016735604694e-7
5052 2.2301016735604694e-7
5053 2.2301016735604694e-7
5054 2.2301016735604694e-7
5055 2.2301016735604694e-7
5056 2.2301016735604694e-7
5057 2.2301016735604694e-7
5058 2.2301016735604694e-7
5059 2.2301016735604694e-7
5060 2.2301016735604694e-7
5061 2.2301016735604694e-7
5062 2.2333540962754062e-7
5063 2.2333540962754062e-7
5064 2.2333540962754062e-7
5065 2.2380644933673514e-7
5066 2.2380644933673514e-7
5067 2.242438440945652e-7
5068 2.242438440945652e-7
5069 2.2438163138253428e-7
5070 2.2438163138253428e-7
5071 2.2438163138253428e-7
5072 2.2438163138253428e-7
5073 2.2438163138253428e-7
5074 2.2438163138253428e-7
5075 2.2438163138253428e-7
5076 2.2438163138253428e-7
5077 2.2438163138253428e-7
5078 2.2438163138253428e-7
5079 2.2438163138253428e-7
5080 2.2438163138253428e-7
5081 2.2438163138253428e-7
5082 2.2438163138253428e-7
5083 2.2438163138253428e-7
5084 2.2438163138253428e-7
5085 2.2438163138253428e-7
5086 2.2438163138253428e-7
5087 2.2467162496140789e-7
5088 2.2467162496140789e-7
5089 2.2467162496140789e-7
5090 2.2467162496140789e-7
5091 2.2467162496140789e-7
5092 2.2467162496140789e-7
5093 2.2467162496140789e-7
5094 2.2467162496140789e-7
5095 2.2467162496140789e-7
5096 2.2467162496140789e-7
5097 2.2467162496140789e-7
5098 2.2467162496140789e-7
5099 2.2467162496140789e-7
5100 2.2467162496140789e-7
5101 2.2467162496140789e-7
5102 2.2467162496140789e-7
5103 2.2467162496140789e-7
5104 2.2467162496140789e-7
5105 2.2514106276289243e-7
5106 2.2514106276289243e-7
5107 2.2514106276289243e-7
5108 2.2514106276289243e-7
5109 2.2514106276289243e-7
5110 2.2549033731712699e-7
5111 2.2549033731712699e-7
5112 2.2549033731712699e-7
5113 2.2549033731712699e-7
5114 2.2549033731712699e-7
5115 2.2549033731712699e-7
5116 2.2549033731712699e-7
5117 2.2549033731712699e-7
5118 2.2549033731712699e-7
5119 2.2549033731712699e-7
5120 2.2609115355337698e-7
5121 2.2609115355337698e-7
5122 2.2609115355337698e-7
5123 2.2609115355337698e-7
5124 2.2665832422708064e-7
5125 2.2665832422708064e-7
5126 2.2665832422708064e-7
5127 2.2665832422708064e-7
5128 2.2665832422708064e-7
5129 2.2665832422708064e-7
5130 2.2665832422708064e-7
5131 2.2665832422708064e-7
5132 2.2665832422708064e-7
5133 2.2742256255293248e-7
5134 2.2742256255293248e-7
5135 2.2742256255293248e-7
5136 2.2742256255293248e-7
5137 2.2742256255293248e-7
5138 2.2754432831907433e-7
5139 2.2754432831907433e-7
5140 2.2754432831907433e-7
5141 2.2754432831907433e-7
5142 2.2754432831907433e-7
5143 2.2754432831907433e-7
5144 2.2754432831907433e-7
5145 2.2754432831907433e-7
5146 2.2754432831907433e-7
5147 2.2812111227258345e-7
5148 2.2901032079117897e-7
5149 2.2901032079117897e-7
5150 2.2901032079117897e-7
5151 2.2901032079117897e-7
5152 2.2901032079117897e-7
5153 2.295342326225308e-7
5154 2.2997643371467264e-7
5155 2.2997643371467264e-7
5156 2.2997643371467264e-7
5157 2.2997643371467264e-7
5158 2.2997643371467264e-7
5159 2.2997643371467264e-7
5160 2.2997643371467264e-7
5161 2.2997643371467264e-7
5162 2.2997643371467264e-7
5163 2.2997643371467264e-7
5164 2.2997643371467264e-7
5165 2.2997643371467264e-7
5166 2.2997643371467264e-7
5167 2.3030007407845634e-7
5168 2.3030007407845634e-7
5169 2.3030007407845634e-7
5170 2.3099221494490365e-7
5171 2.3099221494490365e-7
5172 2.3099221494490365e-7
5173 2.3099221494490365e-7
5174 2.3099221494490365e-7
5175 2.3099221494490365e-7
5176 2.3099221494490365e-7
5177 2.3099221494490365e-7
5178 2.3125497181443456e-7
5179 2.3125497181443456e-7
5180 2.3125497181443456e-7
5181 2.3125497181443456e-7
5182 2.3125497181443456e-7
5183 2.3125497181443456e-7
5184 2.3125497181443456e-7
5185 2.3125497181443456e-7
5186 2.3125497181443456e-7
5187 2.3125497181443456e-7
5188 2.3125497181443456e-7
5189 2.3125497181443456e-7
5190 2.3125497181443456e-7
5191 2.3125497181443456e-7
5192 2.3125497181443456e-7
5193 2.3125497181443456e-7
5194 2.3125497181443456e-7
5195 2.3125497181443456e-7
5196 2.3158341912371194e-7
5197 2.3158341912371194e-7
5198 2.3158341912371194e-7
5199 2.3158341912371194e-7
5200 2.3158341912371194e-7
5201 2.3158341912371194e-7
5202 2.3158341912371194e-7
5203 2.3158341912371194e-7
5204 2.3158341912371194e-7
5205 2.3158341912371194e-7
5206 2.3158341912371194e-7
5207 2.3158341912371194e-7
5208 2.3158341912371194e-7
5209 2.3158341912371194e-7
5210 2.3158341912371194e-7
5211 2.3158341912371194e-7
5212 2.3158341912371194e-7
5213 2.3158341912371194e-7
5214 2.3158341912371194e-7
5215 2.3158341912371194e-7
5216 2.3158341912371194e-7
5217 2.3158341912371194e-7
5218 2.3158341912371194e-7
5219 2.3158341912371194e-7
5220 2.3158341912371194e-7
5221 2.3158341912371194e-7
5222 2.3158341912371194e-7
5223 2.3158341912371194e-7
5224 2.3158341912371194e-7
5225 2.3158341912371194e-7
5226 2.3158341912371194e-7
5227 2.3158341912371194e-7
5228 2.3158341912371194e-7
5229 2.3158341912371194e-7
5230 2.3158341912371194e-7
5231 2.3158341912371194e-7
5232 2.3158341912371194e-7
5233 2.3158341912371194e-7
5234 2.3158341912371194e-7
5235 2.3158341912371194e-7
5236 2.3158341912371194e-7
5237 2.3158341912371194e-7
5238 2.3158341912371194e-7
5239 2.3158341912371194e-7
5240 2.3158341912371194e-7
5241 2.3185098232755465e-7
5242 2.3185098232755465e-7
5243 2.3185098232755465e-7
5244 2.3185098232755465e-7
5245 2.3185098232755465e-7
5246 2.3185098232755465e-7
5247 2.3185098232755465e-7
5248 2.3185098232755465e-7
5249 2.3185098232755465e-7
5250 2.3185098232755465e-7
5251 2.3185098232755465e-7
5252 2.3185098232755465e-7
5253 2.3185098232755465e-7
5254 2.3185098232755465e-7
5255 2.3212174995799917e-7
5256 2.3212174995799917e-7
5257 2.3212174995799917e-7
5258 2.3212174995799917e-7
5259 2.3212174995799917e-7
5260 2.3212174995799917e-7
5261 2.3212174995799917e-7
5262 2.3283151364280183e-7
5263 2.3283151364280183e-7
5264 2.3283151364280183e-7
5265 2.3283151364280183e-7
5266 2.3303338824044367e-7
5267 2.3303338824044367e-7
5268 2.3303338824044367e-7
5269 2.3303338824044367e-7
5270 2.3303338824044367e-7
5271 2.3303338824044367e-7
5272 2.3303338824044367e-7
5273 2.3318719705024002e-7
5274 2.3318719705024002e-7
5275 2.3318719705024002e-7
5276 2.3337625394147458e-7
5277 2.3337625394147458e-7
5278 2.3337625394147458e-7
5279 2.3401392016687276e-7
5280 2.3401392016687276e-7
5281 2.3409082518295282e-7
5282 2.3409082518295282e-7
5283 2.3409082518295282e-7
5284 2.3409082518295282e-7
5285 2.3409082518295282e-7
5286 2.3409082518295282e-7
5287 2.3409082518295282e-7
5288 2.3456987565306096e-7
5289 2.3456987565306096e-7
5290 2.3473490026155464e-7
5291 2.3473490026155464e-7
5292 2.3473490026155464e-7
5293 2.3473490026155464e-7
5294 2.3535013611192192e-7
5295 2.3535013611192192e-7
5296 2.3541262090270283e-7
5297 2.3541262090270283e-7
5298 2.3541262090270283e-7
5299 2.3541262090270283e-7
5300 2.3553438666884468e-7
5301 2.3553438666884468e-7
5302 2.3553438666884468e-7
5303 2.3553438666884468e-7
5304 2.3553438666884468e-7
5305 2.3553438666884468e-7
5306 2.3553438666884468e-7
5307 2.3553438666884468e-7
5308 2.3553438666884468e-7
5309 2.3600382385914736e-7
5310 2.3600382385914736e-7
5311 2.3600382385914736e-7
5312 2.3600382385914736e-7
5313 2.3600382385914736e-7
5314 2.3600382385914736e-7
5315 2.3600382385914736e-7
5316 2.3600382385914736e-7
5317 2.3600382385914736e-7
5318 2.3600382385914736e-7
5319 2.3600382385914736e-7
5320 2.3600382385914736e-7
5321 2.3600382385914736e-7
5322 2.3600382385914736e-7
5323 2.3612558962528922e-7
5324 2.3612558962528922e-7
5325 2.3612558962528922e-7
5326 2.3612558962528922e-7
5327 2.3612558962528922e-7
5328 2.3612558962528922e-7
5329 2.369138608450638e-7
5330 2.369138608450638e-7
5331 2.369138608450638e-7
5332 2.369138608450638e-7
5333 2.369138608450638e-7
5334 2.369138608450638e-7
5335 2.369138608450638e-7
5336 2.369138608450638e-7
5337 2.369138608450638e-7
5338 2.3720064999733556e-7
5339 2.3720064999733556e-7
5340 2.3720064999733556e-7
5341 2.3720064999733556e-7
5342 2.3720064999733556e-7
5343 2.3720064999733556e-7
5344 2.3720064999733556e-7
5345 2.3720064999733556e-7
5346 2.3720064999733556e-7
5347 2.3720064999733556e-7
5348 2.3720064999733556e-7
5349 2.3720064999733556e-7
5350 2.3720064999733556e-7
5351 2.3720064999733556e-7
5352 2.3720064999733556e-7
5353 2.372967803506628e-7
5354 2.372967803506628e-7
5355 2.372967803506628e-7
5356 2.372967803506628e-7
5357 2.372967803506628e-7
5358 2.372967803506628e-7
5359 2.375018593749065e-7
5360 2.375018593749065e-7
5361 2.3824847366003923e-7
5362 2.3824847366003923e-7
5363 2.3824847366003923e-7
5364 2.3824847366003923e-7
5365 2.3824847366003923e-7
5366 2.3824847366003923e-7
5367 2.3824847366003923e-7
5368 2.3824847366003923e-7
5369 2.3824847366003923e-7
5370 2.3824847366003923e-7
5371 2.3873873931766283e-7
5372 2.3873873931766283e-7
5373 2.3873873931766283e-7
5374 2.3873873931766283e-7
5375 2.3873873931766283e-7
5376 2.3873873931766283e-7
5377 2.3873873931766283e-7
5378 2.3873873931766283e-7
5379 2.3873873931766283e-7
5380 2.3873873931766283e-7
5381 2.3873873931766283e-7
5382 2.3873873931766283e-7
5383 2.3873873931766283e-7
5384 2.3873873931766283e-7
5385 2.3873873931766283e-7
5386 2.3873873931766283e-7
5387 2.3873873931766283e-7
5388 2.391569081270638e-7
5389 2.391569081270638e-7
5390 2.391569081270638e-7
5391 2.391569081270638e-7
5392 2.391569081270638e-7
5393 2.391569081270638e-7
5394 2.391569081270638e-7
5395 2.391569081270638e-7
5396 2.391569081270638e-7
5397 2.391569081270638e-7
5398 2.391569081270638e-7
5399 2.391569081270638e-7
5400 2.391569081270638e-7
5401 2.391569081270638e-7
5402 2.391569081270638e-7
5403 2.395798826595947e-7
5404 2.395798826595947e-7
5405 2.395798826595947e-7
5406 2.399227489718075e-7
5407 2.399227489718075e-7
5408 2.399227489718075e-7
5409 2.399227489718075e-7
5410 2.399227489718075e-7
5411 2.399227489718075e-7
5412 2.399227489718075e-7
5413 2.399227489718075e-7
5414 2.399227489718075e-7
5415 2.399227489718075e-7
5416 2.399227489718075e-7
5417 2.399227489718075e-7
5418 2.399227489718075e-7
5419 2.399227489718075e-7
5420 2.399227489718075e-7
5421 2.399227489718075e-7
5422 2.399227489718075e-7
5423 2.399227489718075e-7
5424 2.399227489718075e-7
5425 2.399227489718075e-7
5426 2.399227489718075e-7
5427 2.399227489718075e-7
5428 2.399227489718075e-7
5429 2.399227489718075e-7
5430 2.399227489718075e-7
5431 2.399227489718075e-7
5432 2.399227489718075e-7
5433 2.399227489718075e-7
5434 2.399227489718075e-7
5435 2.399227489718075e-7
5436 2.399227489718075e-7
5437 2.399227489718075e-7
5438 2.399227489718075e-7
5439 2.399227489718075e-7
5440 2.399227489718075e-7
5441 2.399227489718075e-7
5442 2.399227489718075e-7
5443 2.399227489718075e-7
5444 2.399227489718075e-7
5445 2.399227489718075e-7
5446 2.399227489718075e-7
5447 2.399227489718075e-7
5448 2.417203901238819e-7
5449 2.417203901238819e-7
5450 2.417203901238819e-7
5451 2.417203901238819e-7
5452 2.417203901238819e-7
5453 2.417203901238819e-7
5454 2.417203901238819e-7
5455 2.417203901238819e-7
5456 2.417203901238819e-7
5457 2.417203901238819e-7
5458 2.424766176888201e-7
5459 2.424766176888201e-7
5460 2.424766176888201e-7
5461 2.424766176888201e-7
5462 2.424766176888201e-7
5463 2.424766176888201e-7
5464 2.424766176888201e-7
5465 2.430069383733756e-7
5466 2.430069383733756e-7
5467 2.430069383733756e-7
5468 2.440755898922183e-7
5469 2.440755898922183e-7
5470 2.440755898922183e-7
5471 2.440755898922183e-7
5472 2.440755898922183e-7
5473 2.440755898922183e-7
5474 2.440755898922183e-7
5475 2.440755898922183e-7
5476 2.440755898922183e-7
5477 2.440755898922183e-7
5478 2.440755898922183e-7
5479 2.440755898922183e-7
5480 2.440755898922183e-7
5481 2.440755898922183e-7
5482 2.440755898922183e-7
5483 2.440755898922183e-7
5484 2.440755898922183e-7
5485 2.445113821311565e-7
5486 2.445113821311565e-7
5487 2.445113821311565e-7
5488 2.445113821311565e-7
5489 2.445113821311565e-7
5490 2.445113821311565e-7
5491 2.445113821311565e-7
5492 2.445113821311565e-7
5493 2.450641331907429e-7
5494 2.450641331907429e-7
5495 2.450641331907429e-7
5496 2.450641331907429e-7
5497 2.450641331907429e-7
5498 2.4546307482935104e-7
5499 2.4626896947866283e-7
5500 2.4626896947866283e-7
5501 2.4626896947866283e-7
5502 2.4626896947866283e-7
5503 2.4662625540499287e-7
5504 2.4701878880157925e-7
5505 2.4701878880157925e-7
5506 2.4701878880157925e-7
5507 2.4701878880157925e-7
5508 2.4732800832888193e-7
5509 2.4732800832888193e-7
5510 2.4732800832888193e-7
5511 2.4732800832888193e-7
5512 2.4732800832888193e-7
5513 2.4732800832888193e-7
5514 2.4732800832888193e-7
5515 2.4732800832888193e-7
5516 2.4732800832888193e-7
5517 2.4732800832888193e-7
5518 2.475587221547583e-7
5519 2.475587221547583e-7
5520 2.475587221547583e-7
5521 2.475587221547583e-7
5522 2.4805699857329554e-7
5523 2.4805699857329554e-7
5524 2.4805699857329554e-7
5525 2.4805699857329554e-7
5526 2.4805699857329554e-7
5527 2.4805699857329554e-7
5528 2.4805699857329554e-7
5529 2.4805699857329554e-7
5530 2.4805699857329554e-7
5531 2.4805699857329554e-7
5532 2.4805699857329554e-7
5533 2.4805699857329554e-7
5534 2.4805699857329554e-7
5535 2.48606545817462e-7
5536 2.48606545817462e-7
5537 2.48606545817462e-7
5538 2.48606545817462e-7
5539 2.48606545817462e-7
5540 2.48606545817462e-7
5541 2.48606545817462e-7
5542 2.48606545817462e-7
5543 2.490503488173138e-7
5544 2.490503488173138e-7
5545 2.490503488173138e-7
5546 2.490503488173138e-7
5547 2.490503488173138e-7
5548 2.490503488173138e-7
5549 2.490503488173138e-7
5550 2.490503488173138e-7
5551 2.494589037357274e-7
5552 2.494589037357274e-7
5553 2.494589037357274e-7
5554 2.494589037357274e-7
5555 2.494589037357274e-7
5556 2.494589037357274e-7
5557 2.494589037357274e-7
5558 2.4965917581447745e-7
5559 2.4965917581447745e-7
5560 2.4965917581447745e-7
5561 2.497681244853939e-7
5562 2.497681244853939e-7
5563 2.497681244853939e-7
5564 2.504746843547766e-7
5565 2.504746843547766e-7
5566 2.504746843547766e-7
5567 2.504746843547766e-7
5568 2.504746843547766e-7
5569 2.504746843547766e-7
5570 2.516378637080547e-7
5571 2.516378637080547e-7
5572 2.516378637080547e-7
5573 2.516378637080547e-7
5574 2.516378637080547e-7
5575 2.516378637080547e-7
5576 2.516378637080547e-7
5577 2.516378637080547e-7
5578 2.516378637080547e-7
5579 2.516378637080547e-7
5580 2.516378637080547e-7
5581 2.516378637080547e-7
5582 2.516378637080547e-7
5583 2.516378637080547e-7
5584 2.516378637080547e-7
5585 2.516378637080547e-7
5586 2.516378637080547e-7
5587 2.516378637080547e-7
5588 2.516378637080547e-7
5589 2.516378637080547e-7
5590 2.516378637080547e-7
5591 2.516378637080547e-7
5592 2.516378637080547e-7
5593 2.516378637080547e-7
5594 2.516378637080547e-7
5595 2.516378637080547e-7
5596 2.516378637080547e-7
5597 2.516378637080547e-7
5598 2.516378637080547e-7
5599 2.516378637080547e-7
5600 2.516378637080547e-7
5601 2.516378637080547e-7
5602 2.516378637080547e-7
5603 2.516378637080547e-7
5604 2.516378637080547e-7
5605 2.516378637080547e-7
5606 2.516378637080547e-7
5607 2.5176924214282017e-7
5608 2.5176924214282017e-7
5609 2.52996508805771e-7
5610 2.532913093301383e-7
5611 2.532913093301383e-7
5612 2.532913093301383e-7
5613 2.5373991927548377e-7
5614 2.5373991927548377e-7
5615 2.5373991927548377e-7
5616 2.5373991927548377e-7
5617 2.5373991927548377e-7
5618 2.5373991927548377e-7
5619 2.5373991927548377e-7
5620 2.5373991927548377e-7
5621 2.5373991927548377e-7
5622 2.5373991927548377e-7
5623 2.5373991927548377e-7
5624 2.5373991927548377e-7
5625 2.543167032289929e-7
5626 2.543167032289929e-7
5627 2.543167032289929e-7
5628 2.543167032289929e-7
5629 2.543167032289929e-7
5630 2.543167032289929e-7
5631 2.543167032289929e-7
5632 2.543167032289929e-7
5633 2.543167032289929e-7
5634 2.543167032289929e-7
5635 2.543167032289929e-7
5636 2.543167032289929e-7
5637 2.543167032289929e-7
5638 2.543167032289929e-7
5639 2.543167032289929e-7
5640 2.548678523808693e-7
5641 2.548678523808693e-7
5642 2.548678523808693e-7
5643 2.548678523808693e-7
5644 2.548678523808693e-7
5645 2.548678523808693e-7
5646 2.548678523808693e-7
5647 2.548678523808693e-7
5648 2.548678523808693e-7
5649 2.548678523808693e-7
5650 2.548678523808693e-7
5651 2.548678523808693e-7
5652 2.548678523808693e-7
5653 2.548678523808693e-7
5654 2.548678523808693e-7
5655 2.548678523808693e-7
5656 2.548678523808693e-7
5657 2.548678523808693e-7
5658 2.548678523808693e-7
5659 2.548678523808693e-7
5660 2.548678523808693e-7
5661 2.548678523808693e-7
5662 2.548678523808693e-7
5663 2.559541279404311e-7
5664 2.559541279404311e-7
5665 2.559541279404311e-7
5666 2.559541279404311e-7
5667 2.559541279404311e-7
5668 2.559541279404311e-7
5669 2.559541279404311e-7
5670 2.559541279404311e-7
5671 2.559541279404311e-7
5672 2.559541279404311e-7
5673 2.559541279404311e-7
5674 2.559541279404311e-7
5675 2.559541279404311e-7
5676 2.5663985934249287e-7
5677 2.5663985934249287e-7
5678 2.5663985934249287e-7
5679 2.5663985934249287e-7
5680 2.5663985934249287e-7
5681 2.5663985934249287e-7
5682 2.5663985934249287e-7
5683 2.5663985934249287e-7
5684 2.5663985934249287e-7
5685 2.572438800053447e-7
5686 2.572438800053447e-7
5687 2.572438800053447e-7
5688 2.572438800053447e-7
5689 2.572438800053447e-7
5690 2.572438800053447e-7
5691 2.572438800053447e-7
5692 2.572438800053447e-7
5693 2.572438800053447e-7
5694 2.572438800053447e-7
5695 2.572438800053447e-7
5696 2.572438800053447e-7
5697 2.572438800053447e-7
5698 2.572438800053447e-7
5699 2.572438800053447e-7
5700 2.572438800053447e-7
5701 2.572438800053447e-7
5702 2.572438800053447e-7
5703 2.572438800053447e-7
5704 2.572438800053447e-7
5705 2.572438800053447e-7
5706 2.572438800053447e-7
5707 2.572438800053447e-7
5708 2.572438800053447e-7
5709 2.572438800053447e-7
5710 2.572438800053447e-7
5711 2.572438800053447e-7
5712 2.579552468202211e-7
5713 2.579552468202211e-7
5714 2.579552468202211e-7
5715 2.579552468202211e-7
5716 2.579552468202211e-7
5717 2.579552468202211e-7
5718 2.579552468202211e-7
5719 2.579552468202211e-7
5720 2.579552468202211e-7
5721 2.585704820594065e-7
5722 2.585704820594065e-7
5723 2.585704820594065e-7
5724 2.585704820594065e-7
5725 2.585704820594065e-7
5726 2.585704820594065e-7
5727 2.585704820594065e-7
5728 2.585704820594065e-7
5729 2.585704820594065e-7
5730 2.585704820594065e-7
5731 2.585704820594065e-7
5732 2.585704820594065e-7
5733 2.585704820594065e-7
5734 2.5888130410560104e-7
5735 2.5888130410560104e-7
5736 2.5888130410560104e-7
5737 2.5888130410560104e-7
5738 2.5916168562703294e-7
5739 2.5916168562703294e-7
5740 2.5916168562703294e-7
5741 2.5916168562703294e-7
5742 2.5916168562703294e-7
5743 2.602463592788848e-7
5744 2.6062607496906384e-7
5745 2.6082634704781387e-7
5746 2.6082634704781387e-7
5747 2.6082634704781387e-7
5748 2.6082634704781387e-7
5749 2.6082634704781387e-7
5750 2.6082634704781387e-7
5751 2.6082634704781387e-7
5752 2.6101860897683214e-7
5753 2.6101860897683214e-7
5754 2.6101860897683214e-7
5755 2.6101860897683214e-7
5756 2.6133904369165026e-7
5757 2.6133904369165026e-7
5758 2.6133904369165026e-7
5759 2.6133904369165026e-7
5760 2.6133904369165026e-7
5761 2.6133904369165026e-7
5762 2.616819093926812e-7
5763 2.616819093926812e-7
5764 2.616819093926812e-7
5765 2.616819093926812e-7
5766 2.616819093926812e-7
5767 2.616819093926812e-7
5768 2.616819093926812e-7
5769 2.616819093926812e-7
5770 2.628146488323785e-7
5771 2.628146488323785e-7
5772 2.628146488323785e-7
5773 2.628146488323785e-7
5774 2.628146488323785e-7
5775 2.628146488323785e-7
5776 2.628146488323785e-7
5777 2.628146488323785e-7
5778 2.628146488323785e-7
5779 2.628146488323785e-7
5780 2.628146488323785e-7
5781 2.628146488323785e-7
5782 2.628146488323785e-7
5783 2.628146488323785e-7
5784 2.628146488323785e-7
5785 2.6320557971007306e-7
5786 2.6320557971007306e-7
5787 2.6320557971007306e-7
5788 2.6320557971007306e-7
5789 2.6320557971007306e-7
5790 2.6320557971007306e-7
5791 2.6320557971007306e-7
5792 2.6320557971007306e-7
5793 2.6320557971007306e-7
5794 2.6320557971007306e-7
5795 2.6320557971007306e-7
5796 2.6320557971007306e-7
5797 2.6320557971007306e-7
5798 2.6320557971007306e-7
5799 2.6320557971007306e-7
5800 2.6331773219640945e-7
5801 2.6331773219640945e-7
5802 2.6364778019103304e-7
5803 2.637743522914867e-7
5804 2.637743522914867e-7
5805 2.637743522914867e-7
5806 2.6401628130487856e-7
5807 2.6401628130487856e-7
5808 2.644520729326349e-7
5809 2.644520729326349e-7
5810 2.648526170901349e-7
5811 2.648526170901349e-7
5812 2.648526170901349e-7
5813 2.648526170901349e-7
5814 2.648526170901349e-7
5815 2.648526170901349e-7
5816 2.648526170901349e-7
5817 2.648526170901349e-7
5818 2.648526170901349e-7
5819 2.648526170901349e-7
5820 2.648526170901349e-7
5821 2.648526170901349e-7
5822 2.648526170901349e-7
5823 2.648526170901349e-7
5824 2.648526170901349e-7
5825 2.66432363345104e-7
5826 2.66432363345104e-7
5827 2.66432363345104e-7
5828 2.66432363345104e-7
5829 2.66432363345104e-7
5830 2.66432363345104e-7
5831 2.66432363345104e-7
5832 2.66432363345104e-7
5833 2.66432363345104e-7
5834 2.66432363345104e-7
5835 2.6671915371973956e-7
5836 2.6671915371973956e-7
5837 2.6671915371973956e-7
5838 2.6671915371973956e-7
5839 2.6671915371973956e-7
5840 2.6671915371973956e-7
5841 2.6671915371973956e-7
5842 2.6671915371973956e-7
5843 2.6671915371973956e-7
5844 2.6671915371973956e-7
5845 2.6671915371973956e-7
5846 2.6671915371973956e-7
5847 2.6681208025764685e-7
5848 2.6681208025764685e-7
5849 2.6681208025764685e-7
5850 2.6681208025764685e-7
5851 2.6681208025764685e-7
5852 2.6681208025764685e-7
5853 2.6681208025764685e-7
5854 2.6681208025764685e-7
5855 2.6681208025764685e-7
5856 2.6681208025764685e-7
5857 2.6681208025764685e-7
5858 2.6681208025764685e-7
5859 2.6692263083627327e-7
5860 2.6692263083627327e-7
5861 2.6703798713802957e-7
5862 2.6703798713802957e-7
5863 2.6703798713802957e-7
5864 2.6703798713802957e-7
5865 2.672462699776932e-7
5866 2.672462699776932e-7
5867 2.672462699776932e-7
5868 2.672462699776932e-7
5869 2.672462699776932e-7
5870 2.672462699776932e-7
5871 2.6760836223833505e-7
5872 2.6760836223833505e-7
5873 2.6760836223833505e-7
5874 2.6760836223833505e-7
5875 2.6760836223833505e-7
5876 2.6760836223833505e-7
5877 2.6760836223833505e-7
5878 2.6760836223833505e-7
5879 2.6760836223833505e-7
5880 2.6760836223833505e-7
5881 2.6760836223833505e-7
5882 2.6760836223833505e-7
5883 2.6760836223833505e-7
5884 2.6760836223833505e-7
5885 2.6760836223833505e-7
5886 2.695710298324488e-7
5887 2.695710298324488e-7
5888 2.695710298324488e-7
5889 2.695710298324488e-7
5890 2.695710298324488e-7
5891 2.7042498965842423e-7
5892 2.7042498965842423e-7
5893 2.7042498965842423e-7
5894 2.7042498965842423e-7
5895 2.7042498965842423e-7
5896 2.7042498965842423e-7
5897 2.7042498965842423e-7
5898 2.7087199708487787e-7
5899 2.7087199708487787e-7
5900 2.7087199708487787e-7
5901 2.7087199708487787e-7
5902 2.7087199708487787e-7
5903 2.7087199708487787e-7
5904 2.7087199708487787e-7
5905 2.7087199708487787e-7
5906 2.7087199708487787e-7
5907 2.7087199708487787e-7
5908 2.7087199708487787e-7
5909 2.712517127750569e-7
5910 2.712517127750569e-7
5911 2.712517127750569e-7
5912 2.712517127750569e-7
5913 2.712517127750569e-7
5914 2.7147121141341786e-7
5915 2.7147121141341786e-7
5916 2.7153369620419874e-7
5917 2.7153369620419874e-7
5918 2.7153369620419874e-7
5919 2.7153369620419874e-7
5920 2.7153369620419874e-7
5921 2.7153369620419874e-7
5922 2.7153369620419874e-7
5923 2.7153369620419874e-7
5924 2.7153369620419874e-7
5925 2.7153369620419874e-7
5926 2.7153369620419874e-7
5927 2.718252929131461e-7
5928 2.718252929131461e-7
5929 2.718252929131461e-7
5930 2.718252929131461e-7
5931 2.718252929131461e-7
5932 2.718252929131461e-7
5933 2.718252929131461e-7
5934 2.719967263748434e-7
5935 2.719967263748434e-7
5936 2.719967263748434e-7
5937 2.723524097822816e-7
5938 2.723524097822816e-7
5939 2.723524097822816e-7
5940 2.723524097822816e-7
5941 2.723524097822816e-7
5942 2.723524097822816e-7
5943 2.723524097822816e-7
5944 2.723524097822816e-7
5945 2.723524097822816e-7
5946 2.723524097822816e-7
5947 2.723524097822816e-7
5948 2.723524097822816e-7
5949 2.723524097822816e-7
5950 2.723524097822816e-7
5951 2.723524097822816e-7
5952 2.723524097822816e-7
5953 2.723524097822816e-7
5954 2.723524097822816e-7
5955 2.723524097822816e-7
5956 2.723524097822816e-7
5957 2.723524097822816e-7
5958 2.723524097822816e-7
5959 2.723524097822816e-7
5960 2.723524097822816e-7
5961 2.723524097822816e-7
5962 2.723524097822816e-7
5963 2.736902282462226e-7
5964 2.736902282462226e-7
5965 2.736902282462226e-7
5966 2.736902282462226e-7
5967 2.736902282462226e-7
5968 2.736902282462226e-7
5969 2.736902282462226e-7
5970 2.736902282462226e-7
5971 2.736902282462226e-7
5972 2.736902282462226e-7
5973 2.736902282462226e-7
5974 2.736902282462226e-7
5975 2.736902282462226e-7
5976 2.736902282462226e-7
5977 2.736902282462226e-7
5978 2.736902282462226e-7
5979 2.736902282462226e-7
5980 2.736902282462226e-7
5981 2.736902282462226e-7
5982 2.736902282462226e-7
5983 2.736902282462226e-7
5984 2.736902282462226e-7
5985 2.736902282462226e-7
5986 2.736902282462226e-7
5987 2.736902282462226e-7
5988 2.736902282462226e-7
5989 2.736902282462226e-7
5990 2.736902282462226e-7
5991 2.736902282462226e-7
5992 2.736902282462226e-7
5993 2.736902282462226e-7
5994 2.736902282462226e-7
5995 2.7414204200698806e-7
5996 2.7414204200698806e-7
5997 2.7414204200698806e-7
5998 2.7414204200698806e-7
5999 2.7414204200698806e-7
6000 2.7414204200698806e-7
6001 2.7426861349625985e-7
6002 2.7426861349625985e-7
6003 2.7426861349625985e-7
6004 2.7477970762120435e-7
6005 2.7477970762120435e-7
6006 2.7477970762120435e-7
6007 2.7477970762120435e-7
6008 2.7477970762120435e-7
6009 2.7477970762120435e-7
6010 2.7477970762120435e-7
6011 2.7477970762120435e-7
6012 2.7477970762120435e-7
6013 2.7477970762120435e-7
6014 2.7477970762120435e-7
6015 2.7477970762120435e-7
6016 2.7477970762120435e-7
6017 2.7477970762120435e-7
6018 2.7477970762120435e-7
6019 2.7477970762120435e-7
6020 2.7477970762120435e-7
6021 2.7477970762120435e-7
6022 2.7477970762120435e-7
6023 2.7477970762120435e-7
6024 2.7477970762120435e-7
6025 2.7477970762120435e-7
6026 2.7477970762120435e-7
6027 2.751642302568771e-7
6028 2.751642302568771e-7
6029 2.753757175231426e-7
6030 2.753757175231426e-7
6031 2.753757175231426e-7
6032 2.753757175231426e-7
6033 2.753757175231426e-7
6034 2.753757175231426e-7
6035 2.753757175231426e-7
6036 2.761351495146826e-7
6037 2.761351495146826e-7
6038 2.761351495146826e-7
6039 2.761351495146826e-7
6040 2.761351495146826e-7
6041 2.761351495146826e-7
6042 2.761351495146826e-7
6043 2.762793456558553e-7
6044 2.762793456558553e-7
6045 2.762793456558553e-7
6046 2.762793456558553e-7
6047 2.762793456558553e-7
6048 2.762793456558553e-7
6049 2.767343638432226e-7
6050 2.767343638432226e-7
6051 2.767343638432226e-7
6052 2.767343638432226e-7
6053 2.76803258098389e-7
6054 2.76803258098389e-7
6055 2.76803258098389e-7
6056 2.76803258098389e-7
6057 2.7742810722856176e-7
6058 2.7742810722856176e-7
6059 2.7742810722856176e-7
6060 2.7742810722856176e-7
6061 2.7742810722856176e-7
6062 2.805763833286208e-7
6063 2.805763833286208e-7
6064 2.806917396303771e-7
6065 2.806917396303771e-7
6066 2.812204577960407e-7
6067 2.812204577960407e-7
6068 2.812204577960407e-7
6069 2.812204577960407e-7
6070 2.812204577960407e-7
6071 2.812204577960407e-7
6072 2.812204577960407e-7
6073 2.812204577960407e-7
6074 2.812204577960407e-7
6075 2.812204577960407e-7
6076 2.812204577960407e-7
6077 2.812204577960407e-7
6078 2.812204577960407e-7
6079 2.812204577960407e-7
6080 2.812204577960407e-7
6081 2.812204577960407e-7
6082 2.812204577960407e-7
6083 2.812204577960407e-7
6084 2.812204577960407e-7
6085 2.812204577960407e-7
6086 2.812204577960407e-7
6087 2.812204577960407e-7
6088 2.812204577960407e-7
6089 2.812204577960407e-7
6090 2.812204577960407e-7
6091 2.812204577960407e-7
6092 2.812204577960407e-7
6093 2.812204577960407e-7
6094 2.8182447845889255e-7
6095 2.8182447845889255e-7
6096 2.8182447845889255e-7
6097 2.822090010945653e-7
6098 2.822090010945653e-7
6099 2.822090010945653e-7
6100 2.822090010945653e-7
6101 2.822090010945653e-7
6102 2.827633534506798e-7
6103 2.827633534506798e-7
6104 2.827633534506798e-7
6105 2.827633534506798e-7
6106 2.827633534506798e-7
6107 2.827633534506798e-7
6108 2.827633534506798e-7
6109 2.827633534506798e-7
6110 2.827633534506798e-7
6111 2.827633534506798e-7
6112 2.827633534506798e-7
6113 2.827633534506798e-7
6114 2.827633534506798e-7
6115 2.827633534506798e-7
6116 2.827633534506798e-7
6117 2.827633534506798e-7
6118 2.8317831722229703e-7
6119 2.8317831722229703e-7
6120 2.8317831722229703e-7
6121 2.8400984728442343e-7
6122 2.8400984728442343e-7
6123 2.8400984728442343e-7
6124 2.8400984728442343e-7
6125 2.8400984728442343e-7
6126 2.8400984728442343e-7
6127 2.8400984728442343e-7
6128 2.8400984728442343e-7
6129 2.8415564533330614e-7
6130 2.8415564533330614e-7
6131 2.8415564533330614e-7
6132 2.8415564533330614e-7
6133 2.8415564533330614e-7
6134 2.8415564533330614e-7
6135 2.8415564533330614e-7
6136 2.8415564533330614e-7
6137 2.8415564533330614e-7
6138 2.8415564533330614e-7
6139 2.8415564533330614e-7
6140 2.8415564533330614e-7
6141 2.8415564533330614e-7
6142 2.8415564533330614e-7
6143 2.8415564533330614e-7
6144 2.8415564533330614e-7
6145 2.8446646799068254e-7
6146 2.8446646799068254e-7
6147 2.8446646799068254e-7
6148 2.8446646799068254e-7
6149 2.850592734660189e-7
6150 2.8571937067762984e-7
6151 2.8571937067762984e-7
6152 2.8571937067762984e-7
6153 2.8571937067762984e-7
6154 2.8571937067762984e-7
6155 2.8571937067762984e-7
6156 2.861070977399044e-7
6157 2.861070977399044e-7
6158 2.861070977399044e-7
6159 2.861070977399044e-7
6160 2.866117836228272e-7
6161 2.866117836228272e-7
6162 2.866117836228272e-7
6163 2.866117836228272e-7
6164 2.866117836228272e-7
6165 2.866117836228272e-7
6166 2.866117836228272e-7
6167 2.866117836228272e-7
6168 2.866117836228272e-7
6169 2.866117836228272e-7
6170 2.866117836228272e-7
6171 2.866117836228272e-7
6172 2.866117836228272e-7
6173 2.866117836228272e-7
6174 2.866117836228272e-7
6175 2.866117836228272e-7
6176 2.866117836228272e-7
6177 2.866117836228272e-7
6178 2.866117836228272e-7
6179 2.866117836228272e-7
6180 2.866117836228272e-7
6181 2.866117836228272e-7
6182 2.866117836228272e-7
6183 2.866117836228272e-7
6184 2.866117836228272e-7
6185 2.866117836228272e-7
6186 2.866117836228272e-7
6187 2.866117836228272e-7
6188 2.866117836228272e-7
6189 2.866117836228272e-7
6190 2.866117836228272e-7
6191 2.866117836228272e-7
6192 2.867639899137317e-7
6193 2.867639899137317e-7
6194 2.867639899137317e-7
6195 2.867639899137317e-7
6196 2.867639899137317e-7
6197 2.867639899137317e-7
6198 2.867639899137317e-7
6199 2.8684089370744796e-7
6200 2.8684089370744796e-7
6201 2.8700271327815795e-7
6202 2.8700271327815795e-7
6203 2.8700271327815795e-7
6204 2.8700271327815795e-7
6205 2.8700271327815795e-7
6206 2.8700271327815795e-7
6207 2.8726547014768886e-7
6208 2.8726547014768886e-7
6209 2.874801612293743e-7
6210 2.874801612293743e-7
6211 2.874801612293743e-7
6212 2.874801612293743e-7
6213 2.874801612293743e-7
6214 2.874801612293743e-7
6215 2.874801612293743e-7
6216 2.874801612293743e-7
6217 2.874801612293743e-7
6218 2.874801612293743e-7
6219 2.874801612293743e-7
6220 2.874801612293743e-7
6221 2.874801612293743e-7
6222 2.874801612293743e-7
6223 2.874801612293743e-7
6224 2.874801612293743e-7
6225 2.874801612293743e-7
6226 2.874801612293743e-7
6227 2.874801612293743e-7
6228 2.874801612293743e-7
6229 2.874801612293743e-7
6230 2.874801612293743e-7
6231 2.874801612293743e-7
6232 2.8790473828079705e-7
6233 2.8790473828079705e-7
6234 2.883116906803188e-7
6235 2.883116906803188e-7
6236 2.883116906803188e-7
6237 2.883116906803188e-7
6238 2.8832931410985603e-7
6239 2.8832931410985603e-7
6240 2.8832931410985603e-7
6241 2.8832931410985603e-7
6242 2.8832931410985603e-7
6243 2.8832931410985603e-7
6244 2.8832931410985603e-7
6245 2.8832931410985603e-7
6246 2.8832931410985603e-7
6247 2.8832931410985603e-7
6248 2.8832931410985603e-7
6249 2.8832931410985603e-7
6250 2.8832931410985603e-7
6251 2.8832931410985603e-7
6252 2.8832931410985603e-7
6253 2.8832931410985603e-7
6254 2.8832931410985603e-7
6255 2.8832931410985603e-7
6256 2.8832931410985603e-7
6257 2.8832931410985603e-7
6258 2.8832931410985603e-7
6259 2.8832931410985603e-7
6260 2.8832931410985603e-7
6261 2.8832931410985603e-7
6262 2.8832931410985603e-7
6263 2.8832931410985603e-7
6264 2.9064125503584057e-7
6265 2.9064125503584057e-7
6266 2.9064125503584057e-7
6267 2.9064125503584057e-7
6268 2.9064125503584057e-7
6269 2.9064125503584057e-7
6270 2.9064125503584057e-7
6271 2.9064125503584057e-7
6272 2.9064125503584057e-7
6273 2.9064125503584057e-7
6274 2.9064125503584057e-7
6275 2.9064125503584057e-7
6276 2.9064125503584057e-7
6277 2.9064125503584057e-7
6278 2.9064125503584057e-7
6279 2.9064125503584057e-7
6280 2.9064125503584057e-7
6281 2.9064125503584057e-7
6282 2.9064125503584057e-7
6283 2.9064125503584057e-7
6284 2.9064125503584057e-7
6285 2.9064125503584057e-7
6286 2.9064125503584057e-7
6287 2.9064125503584057e-7
6288 2.9064125503584057e-7
6289 2.9064125503584057e-7
6290 2.9064125503584057e-7
6291 2.908367201690969e-7
6292 2.908367201690969e-7
6293 2.9113312260117415e-7
6294 2.9113312260117415e-7
6295 2.9113312260117415e-7
6296 2.9113312260117415e-7
6297 2.919534374757851e-7
6298 2.919534374757851e-7
6299 2.919534374757851e-7
6300 2.919534374757851e-7
6301 2.9249016640236237e-7
6302 2.9249016640236237e-7
6303 2.931662845246187e-7
6304 2.931662845246187e-7
6305 2.931662845246187e-7
6306 2.931662845246187e-7
6307 2.931662845246187e-7
6308 2.931662845246187e-7
6309 2.931662845246187e-7
6310 2.931662845246187e-7
6311 2.931662845246187e-7
6312 2.9385201592668047e-7
6313 2.9385201592668047e-7
6314 2.9385201592668047e-7
6315 2.9385201592668047e-7
6316 2.9414040759784407e-7
6317 2.9414040759784407e-7
6318 2.9414040759784407e-7
6319 2.9414040759784407e-7
6320 2.9414040759784407e-7
6321 2.9414040759784407e-7
6322 2.9414040759784407e-7
6323 2.9414040759784407e-7
6324 2.9414040759784407e-7
6325 2.9414040759784407e-7
6326 2.9414040759784407e-7
6327 2.9414040759784407e-7
6328 2.9414040759784407e-7
6329 2.9414040759784407e-7
6330 2.9414040759784407e-7
6331 2.9414040759784407e-7
6332 2.947364168886004e-7
6333 2.947364168886004e-7
6334 2.947364168886004e-7
6335 2.947364168886004e-7
6336 2.947364168886004e-7
6337 2.947364168886004e-7
6338 2.947364168886004e-7
6339 2.947364168886004e-7
6340 2.947364168886004e-7
6341 2.947364168886004e-7
6342 2.9523629521484757e-7
6343 2.9523629521484757e-7
6344 2.9523629521484757e-7
6345 2.956160109050266e-7
6346 2.956160109050266e-7
6347 2.956160109050266e-7
6348 2.956160109050266e-7
6349 2.956160109050266e-7
6350 2.956160109050266e-7
6351 2.956160109050266e-7
6352 2.956160109050266e-7
6353 2.956160109050266e-7
6354 2.956160109050266e-7
6355 2.956160109050266e-7
6356 2.956160109050266e-7
6357 2.956160109050266e-7
6358 2.956160109050266e-7
6359 2.956160109050266e-7
6360 2.956160109050266e-7
6361 2.956160109050266e-7
6362 2.956160109050266e-7
6363 2.958130791683567e-7
6364 2.958130791683567e-7
6365 2.958130791683567e-7
6366 2.958130791683567e-7
6367 2.958130791683567e-7
6368 2.958130791683567e-7
6369 2.958130791683567e-7
6370 2.958130791683567e-7
6371 2.958130791683567e-7
6372 2.958130791683567e-7
6373 2.958130791683567e-7
6374 2.958130791683567e-7
6375 2.958130791683567e-7
6376 2.958130791683567e-7
6377 2.958130791683567e-7
6378 2.958130791683567e-7
6379 2.958130791683567e-7
6380 2.958130791683567e-7
6381 2.958130791683567e-7
6382 2.958130791683567e-7
6383 2.958130791683567e-7
6384 2.958130791683567e-7
6385 2.958130791683567e-7
6386 2.9650041247812845e-7
6387 2.9650041247812845e-7
6388 2.9650041247812845e-7
6389 2.9650041247812845e-7
6390 2.9650041247812845e-7
6391 2.9650041247812845e-7
6392 2.9650041247812845e-7
6393 2.9650041247812845e-7
6394 2.9650041247812845e-7
6395 2.9650041247812845e-7
6396 2.9721177868182297e-7
6397 2.9721177868182297e-7
6398 2.9721177868182297e-7
6399 2.9721177868182297e-7
6400 2.9721177868182297e-7
6401 2.97530612100113e-7
6402 2.97530612100113e-7
6403 2.97530612100113e-7
6404 2.97530612100113e-7
6405 2.97530612100113e-7
6406 2.97530612100113e-7
6407 2.97530612100113e-7
6408 2.97530612100113e-7
6409 2.9803529798303576e-7
6410 2.9803529798303576e-7
6411 2.9803529798303576e-7
6412 2.9803529798303576e-7
6413 2.9803529798303576e-7
6414 2.9803529798303576e-7
6415 2.9803529798303576e-7
6416 2.98190709311724e-7
6417 2.98190709311724e-7
6418 2.98190709311724e-7
6419 2.98190709311724e-7
6420 2.98190709311724e-7
6421 2.98190709311724e-7
6422 2.98190709311724e-7
6423 2.98190709311724e-7
6424 2.98190709311724e-7
6425 2.98190709311724e-7
6426 2.98190709311724e-7
6427 2.98190709311724e-7
6428 2.98190709311724e-7
6429 2.98190709311724e-7
6430 2.98190709311724e-7
6431 2.98190709311724e-7
6432 2.98190709311724e-7
6433 2.98190709311724e-7
6434 2.98190709311724e-7
6435 2.98190709311724e-7
6436 2.98190709311724e-7
6437 2.98190709311724e-7
6438 2.98190709311724e-7
6439 2.98190709311724e-7
6440 2.985143496755077e-7
6441 2.985143496755077e-7
6442 2.985143496755077e-7
6443 2.985143496755077e-7
6444 2.985143496755077e-7
6445 2.985143496755077e-7
6446 2.985143496755077e-7
6447 2.985143496755077e-7
6448 2.985143496755077e-7
6449 2.9890848497980407e-7
6450 2.9890848497980407e-7
6451 2.9890848497980407e-7
6452 2.9890848497980407e-7
6453 2.9890848497980407e-7
6454 2.9890848497980407e-7
6455 2.9890848497980407e-7
6456 2.9890848497980407e-7
6457 2.9890848497980407e-7
6458 2.9890848497980407e-7
6459 2.9931704050939955e-7
6460 2.9931704050939955e-7
6461 2.9931704050939955e-7
6462 2.9931704050939955e-7
6463 2.9931704050939955e-7
6464 3.000364174740077e-7
6465 3.000364174740077e-7
6466 3.000364174740077e-7
6467 3.000364174740077e-7
6468 3.000364174740077e-7
6469 3.000364174740077e-7
6470 3.000364174740077e-7
6471 3.000364174740077e-7
6472 3.000364174740077e-7
6473 3.000364174740077e-7
6474 3.000364174740077e-7
6475 3.000364174740077e-7
6476 3.000364174740077e-7
6477 3.000364174740077e-7
6478 3.000364174740077e-7
6479 3.000364174740077e-7
6480 3.000364174740077e-7
6481 3.0029276549033495e-7
6482 3.0029276549033495e-7
6483 3.0029276549033495e-7
6484 3.0029276549033495e-7
6485 3.0029276549033495e-7
6486 3.00811870987375e-7
6487 3.00811870987375e-7
6488 3.00811870987375e-7
6489 3.00811870987375e-7
6490 3.00811870987375e-7
6491 3.013630195280695e-7
6492 3.013630195280695e-7
6493 3.013630195280695e-7
6494 3.013630195280695e-7
6495 3.0232272359835953e-7
6496 3.0232272359835953e-7
6497 3.0232272359835953e-7
6498 3.0232272359835953e-7
6499 3.0232272359835953e-7
6500 3.0232272359835953e-7
6501 3.0232272359835953e-7
6502 3.0243006975038413e-7
6503 3.0243006975038413e-7
6504 3.0243006975038413e-7
6505 3.0243006975038413e-7
6506 3.0243006975038413e-7
6507 3.0243006975038413e-7
6508 3.024621134052205e-7
6509 3.024621134052205e-7
6510 3.024621134052205e-7
6511 3.024621134052205e-7
6512 3.024621134052205e-7
6513 3.026127190107788e-7
6514 3.026127190107788e-7
6515 3.026127190107788e-7
6516 3.026127190107788e-7
6517 3.026127190107788e-7
6518 3.026127190107788e-7
6519 3.026127190107788e-7
6520 3.026127190107788e-7
6521 3.026127190107788e-7
6522 3.026127190107788e-7
6523 3.026127190107788e-7
6524 3.044872664012971e-7
6525 3.044872664012971e-7
6526 3.044872664012971e-7
6527 3.044872664012971e-7
6528 3.044872664012971e-7
6529 3.044872664012971e-7
6530 3.044872664012971e-7
6531 3.044872664012971e-7
6532 3.044872664012971e-7
6533 3.044872664012971e-7
6534 3.044872664012971e-7
6535 3.044872664012971e-7
6536 3.044872664012971e-7
6537 3.044872664012971e-7
6538 3.044872664012971e-7
6539 3.044872664012971e-7
6540 3.044872664012971e-7
6541 3.044872664012971e-7
6542 3.044872664012971e-7
6543 3.044872664012971e-7
6544 3.044872664012971e-7
6545 3.044872664012971e-7
6546 3.044872664012971e-7
6547 3.044872664012971e-7
6548 3.044872664012971e-7
6549 3.044872664012971e-7
6550 3.044872664012971e-7
6551 3.044872664012971e-7
6552 3.044872664012971e-7
6553 3.044872664012971e-7
6554 3.044872664012971e-7
6555 3.053139895179298e-7
6556 3.053139895179298e-7
6557 3.053139895179298e-7
6558 3.053139895179298e-7
6559 3.053139895179298e-7
6560 3.053139895179298e-7
6561 3.0599491397449794e-7
6562 3.0599491397449794e-7
6563 3.0599491397449794e-7
6564 3.0599491397449794e-7
6565 3.0599491397449794e-7
6566 3.0599491397449794e-7
6567 3.0599491397449794e-7
6568 3.0599491397449794e-7
6569 3.0599491397449794e-7
6570 3.0599491397449794e-7
6571 3.0599491397449794e-7
6572 3.0599491397449794e-7
6573 3.0599491397449794e-7
6574 3.0656528846362156e-7
6575 3.0741284065875706e-7
6576 3.0741284065875706e-7
6577 3.0741284065875706e-7
6578 3.0741284065875706e-7
6579 3.0741284065875706e-7
6580 3.0741284065875706e-7
6581 3.0741284065875706e-7
6582 3.0741284065875706e-7
6583 3.0741284065875706e-7
6584 3.0741284065875706e-7
6585 3.0741284065875706e-7
6586 3.0741284065875706e-7
6587 3.0741284065875706e-7
6588 3.0741284065875706e-7
6589 3.0741284065875706e-7
6590 3.0741284065875706e-7
6591 3.0741284065875706e-7
6592 3.0741284065875706e-7
6593 3.0741284065875706e-7
6594 3.0741284065875706e-7
6595 3.0741284065875706e-7
6596 3.0741284065875706e-7
6597 3.0741284065875706e-7
6598 3.0741284065875706e-7
6599 3.0791272020736804e-7
6600 3.0791272020736804e-7
6601 3.0791272020736804e-7
6602 3.0791272020736804e-7
6603 3.0791272020736804e-7
6604 3.0791272020736804e-7
6605 3.0791272020736804e-7
6606 3.0791272020736804e-7
6607 3.083196732180717e-7
6608 3.083196732180717e-7
6609 3.083196732180717e-7
6610 3.083196732180717e-7
6611 3.083196732180717e-7
6612 3.083196732180717e-7
6613 3.083196732180717e-7
6614 3.083196732180717e-7
6615 3.083196732180717e-7
6616 3.083196732180717e-7
6617 3.083196732180717e-7
6618 3.083196732180717e-7
6619 3.083196732180717e-7
6620 3.083196732180717e-7
6621 3.08933307160729e-7
6622 3.08933307160729e-7
6623 3.08933307160729e-7
6624 3.08933307160729e-7
6625 3.08933307160729e-7
6626 3.08933307160729e-7
6627 3.08933307160729e-7
6628 3.08933307160729e-7
6629 3.08933307160729e-7
6630 3.08933307160729e-7
6631 3.08933307160729e-7
6632 3.08933307160729e-7
6633 3.096014145220717e-7
6634 3.096014145220717e-7
6635 3.096014145220717e-7
6636 3.096014145220717e-7
6637 3.0987218154133434e-7
6638 3.0987218154133434e-7
6639 3.0987218154133434e-7
6640 3.0987218154133434e-7
6641 3.0987218154133434e-7
6642 3.0987218154133434e-7
6643 3.0987218154133434e-7
6644 3.1045537373686523e-7
6645 3.1045537373686523e-7
6646 3.1045537373686523e-7
6647 3.1045537373686523e-7
6648 3.106540439079053e-7
6649 3.106540439079053e-7
6650 3.106540439079053e-7
6651 3.106540439079053e-7
6652 3.106540439079053e-7
6653 3.106540439079053e-7
6654 3.109456406168526e-7
6655 3.109456406168526e-7
6656 3.109456406168526e-7
6657 3.109456406168526e-7
6658 3.109456406168526e-7
6659 3.109456406168526e-7
6660 3.109456406168526e-7
6661 3.109456406168526e-7
6662 3.109456406168526e-7
6663 3.109456406168526e-7
6664 3.109456406168526e-7
6665 3.109456406168526e-7
6666 3.109456406168526e-7
6667 3.109456406168526e-7
6668 3.109456406168526e-7
6669 3.109456406168526e-7
6670 3.109456406168526e-7
6671 3.109456406168526e-7
6672 3.1140386261963983e-7
6673 3.1140386261963983e-7
6674 3.1140386261963983e-7
6675 3.1140386261963983e-7
6676 3.1140386261963983e-7
6677 3.1140386261963983e-7
6678 3.1140386261963983e-7
6679 3.1140386261963983e-7
6680 3.1140386261963983e-7
6681 3.1140386261963983e-7
6682 3.1140386261963983e-7
6683 3.1140386261963983e-7
6684 3.1140386261963983e-7
6685 3.1140386261963983e-7
6686 3.1140386261963983e-7
6687 3.1140386261963983e-7
6688 3.1140386261963983e-7
6689 3.1140386261963983e-7
6690 3.1140386261963983e-7
6691 3.1140386261963983e-7
6692 3.1140386261963983e-7
6693 3.1140386261963983e-7
6694 3.1140386261963983e-7
6695 3.1140386261963983e-7
6696 3.1140386261963983e-7
6697 3.1140386261963983e-7
6698 3.1140386261963983e-7
6699 3.1140386261963983e-7
6700 3.1140386261963983e-7
6701 3.119085485025626e-7
6702 3.119085485025626e-7
6703 3.1205434594026346e-7
6704 3.1205434594026346e-7
6705 3.1253980587475713e-7
6706 3.1253980587475713e-7
6707 3.1253980587475713e-7
6708 3.1253980587475713e-7
6709 3.1253980587475713e-7
6710 3.1276891718174167e-7
6711 3.1276891718174167e-7
6712 3.1276891718174167e-7
6713 3.1276891718174167e-7
6714 3.1276891718174167e-7
6715 3.1276891718174167e-7
6716 3.1276891718174167e-7
6717 3.1276891718174167e-7
6718 3.1276891718174167e-7
6719 3.1276891718174167e-7
6720 3.1276891718174167e-7
6721 3.1276891718174167e-7
6722 3.1276891718174167e-7
6723 3.1276891718174167e-7
6724 3.1276891718174167e-7
6725 3.1276891718174167e-7
6726 3.1276891718174167e-7
6727 3.1276891718174167e-7
6728 3.1276891718174167e-7
6729 3.1276891718174167e-7
6730 3.1276891718174167e-7
6731 3.1276891718174167e-7
6732 3.1276891718174167e-7
6733 3.1276891718174167e-7
6734 3.1411794961083435e-7
6735 3.1411794961083435e-7
6736 3.1411794961083435e-7
6737 3.1411794961083435e-7
6738 3.1411794961083435e-7
6739 3.1411794961083435e-7
6740 3.1411794961083435e-7
6741 3.1411794961083435e-7
6742 3.1411794961083435e-7
6743 3.1411794961083435e-7
6744 3.1411794961083435e-7
6745 3.1411794961083435e-7
6746 3.143054045943589e-7
6747 3.143054045943589e-7
6748 3.143054045943589e-7
6749 3.143054045943589e-7
6750 3.143054045943589e-7
6751 3.143054045943589e-7
6752 3.143054045943589e-7
6753 3.143054045943589e-7
6754 3.143054045943589e-7
6755 3.1484693985524795e-7
6756 3.1484693985524795e-7
6757 3.1484693985524795e-7
6758 3.1484693985524795e-7
6759 3.1484693985524795e-7
6760 3.1484693985524795e-7
6761 3.1484693985524795e-7
6762 3.155695218576398e-7
6763 3.155695218576398e-7
6764 3.155695218576398e-7
6765 3.155695218576398e-7
6766 3.155695218576398e-7
6767 3.155695218576398e-7
6768 3.155695218576398e-7
6769 3.155695218576398e-7
6770 3.155695218576398e-7
6771 3.155695218576398e-7
6772 3.155695218576398e-7
6773 3.155695218576398e-7
6774 3.155695218576398e-7
6775 3.155695218576398e-7
6776 3.155695218576398e-7
6777 3.155695218576398e-7
6778 3.155695218576398e-7
6779 3.155695218576398e-7
6780 3.155695218576398e-7
6781 3.155695218576398e-7
6782 3.155695218576398e-7
6783 3.155695218576398e-7
6784 3.155695218576398e-7
6785 3.155695218576398e-7
6786 3.155695218576398e-7
6787 3.155695218576398e-7
6788 3.155695218576398e-7
6789 3.155695218576398e-7
6790 3.155695218576398e-7
6791 3.155695218576398e-7
6792 3.155695218576398e-7
6793 3.1647475189806256e-7
6794 3.1647475189806256e-7
6795 3.1647475189806256e-7
6796 3.1647475189806256e-7
6797 3.166141417049235e-7
6798 3.166141417049235e-7
6799 3.166141417049235e-7
6800 3.166141417049235e-7
6801 3.166141417049235e-7
6802 3.166141417049235e-7
6803 3.166141417049235e-7
6804 3.166141417049235e-7
6805 3.171364510173835e-7
6806 3.171364510173835e-7
6807 3.171364510173835e-7
6808 3.171364510173835e-7
6809 3.171364510173835e-7
6810 3.171364510173835e-7
6811 3.171364510173835e-7
6812 3.171364510173835e-7
6813 3.171364510173835e-7
6814 3.171364510173835e-7
6815 3.171364510173835e-7
6816 3.171364510173835e-7
6817 3.171364510173835e-7
6818 3.171364510173835e-7
6819 3.171364510173835e-7
6820 3.171364510173835e-7
6821 3.171364510173835e-7
6822 3.171364510173835e-7
6823 3.171364510173835e-7
6824 3.171364510173835e-7
6825 3.171364510173835e-7
6826 3.171364510173835e-7
6827 3.171364510173835e-7
6828 3.171364510173835e-7
6829 3.171364510173835e-7
6830 3.171364510173835e-7
6831 3.174681015308989e-7
6832 3.174681015308989e-7
6833 3.174681015308989e-7
6834 3.174681015308989e-7
6835 3.174681015308989e-7
6836 3.174681015308989e-7
6837 3.174681015308989e-7
6838 3.174681015308989e-7
6839 3.174681015308989e-7
6840 3.174681015308989e-7
6841 3.1791671025388066e-7
6842 3.1791671025388066e-7
6843 3.1791671025388066e-7
6844 3.1791671025388066e-7
6845 3.1791671025388066e-7
6846 3.1791671025388066e-7
6847 3.1791671025388066e-7
6848 3.1791671025388066e-7
6849 3.1791671025388066e-7
6850 3.1791671025388066e-7
6851 3.1791671025388066e-7
6852 3.1791671025388066e-7
6853 3.1791671025388066e-7
6854 3.1791671025388066e-7
6855 3.1791671025388066e-7
6856 3.1791671025388066e-7
6857 3.1791671025388066e-7
6858 3.1791671025388066e-7
6859 3.1791671025388066e-7
6860 3.1791671025388066e-7
6861 3.1791671025388066e-7
6862 3.1791671025388066e-7
6863 3.1791671025388066e-7
6864 3.1791671025388066e-7
6865 3.1791671025388066e-7
6866 3.1791671025388066e-7
6867 3.1791671025388066e-7
6868 3.1791671025388066e-7
6869 3.1791671025388066e-7
6870 3.1791671025388066e-7
6871 3.1791671025388066e-7
6872 3.1791671025388066e-7
6873 3.1791671025388066e-7
6874 3.1791671025388066e-7
6875 3.1791671025388066e-7
6876 3.1791671025388066e-7
6877 3.1791671025388066e-7
6878 3.1791671025388066e-7
6879 3.1791671025388066e-7
6880 3.1791671025388066e-7
6881 3.1791671025388066e-7
6882 3.1791671025388066e-7
6883 3.1791671025388066e-7
6884 3.1791671025388066e-7
6885 3.1791671025388066e-7
6886 3.183877505742571e-7
6887 3.183877505742571e-7
6888 3.183877505742571e-7
6889 3.183877505742571e-7
6890 3.183877505742571e-7
6891 3.183877505742571e-7
6892 3.183877505742571e-7
6893 3.183877505742571e-7
6894 3.183877505742571e-7
6895 3.183877505742571e-7
6896 3.183877505742571e-7
6897 3.183877505742571e-7
6898 3.183877505742571e-7
6899 3.183877505742571e-7
6900 3.183877505742571e-7
6901 3.183877505742571e-7
6902 3.183877505742571e-7
6903 3.183877505742571e-7
6904 3.183877505742571e-7
6905 3.183877505742571e-7
6906 3.183877505742571e-7
6907 3.183877505742571e-7
6908 3.183877505742571e-7
6909 3.183877505742571e-7
6910 3.183877505742571e-7
6911 3.183877505742571e-7
6912 3.183877505742571e-7
6913 3.183877505742571e-7
6914 3.183877505742571e-7
6915 3.183877505742571e-7
6916 3.187995099192725e-7
6917 3.187995099192725e-7
6918 3.187995099192725e-7
6919 3.187995099192725e-7
6920 3.187995099192725e-7
6921 3.187995099192725e-7
6922 3.187995099192725e-7
6923 3.187995099192725e-7
6924 3.187995099192725e-7
6925 3.187995099192725e-7
6926 3.187995099192725e-7
6927 3.187995099192725e-7
6928 3.187995099192725e-7
6929 3.187995099192725e-7
6930 3.187995099192725e-7
6931 3.187995099192725e-7
6932 3.187995099192725e-7
6933 3.187995099192725e-7
6934 3.187995099192725e-7
6935 3.187995099192725e-7
6936 3.187995099192725e-7
6937 3.187995099192725e-7
6938 3.187995099192725e-7
6939 3.187995099192725e-7
6940 3.187995099192725e-7
6941 3.187995099192725e-7
6942 3.187995099192725e-7
6943 3.187995099192725e-7
6944 3.187995099192725e-7
6945 3.187995099192725e-7
6946 3.187995099192725e-7
6947 3.1911353639206886e-7
6948 3.1911353639206886e-7
6949 3.1911353639206886e-7
6950 3.1911353639206886e-7
6951 3.1911353639206886e-7
6952 3.1911353639206886e-7
6953 3.1911353639206886e-7
6954 3.1911353639206886e-7
6955 3.1911353639206886e-7
6956 3.1911353639206886e-7
6957 3.1911353639206886e-7
6958 3.1911353639206886e-7
6959 3.1911353639206886e-7
6960 3.1911353639206886e-7
6961 3.1911353639206886e-7
6962 3.1911353639206886e-7
6963 3.1990020570413346e-7
6964 3.1990020570413346e-7
6965 3.1990020570413346e-7
6966 3.1990020570413346e-7
6967 3.1990020570413346e-7
6968 3.1990020570413346e-7
6969 3.1990020570413346e-7
6970 3.1990020570413346e-7
6971 3.1990020570413346e-7
6972 3.1990020570413346e-7
6973 3.1990020570413346e-7
6974 3.1990020570413346e-7
6975 3.1990020570413346e-7
6976 3.1990020570413346e-7
6977 3.1990020570413346e-7
6978 3.1990020570413346e-7
6979 3.1990020570413346e-7
6980 3.1990020570413346e-7
6981 3.1990020570413346e-7
6982 3.2063560419056884e-7
6983 3.2063560419056884e-7
6984 3.2063560419056884e-7
6985 3.2063560419056884e-7
6986 3.2063560419056884e-7
6987 3.2063560419056884e-7
6988 3.2063560419056884e-7
6989 3.2063560419056884e-7
6990 3.212220002015197e-7
6991 3.212220002015197e-7
6992 3.212220002015197e-7
6993 3.212220002015197e-7
6994 3.212220002015197e-7
6995 3.216353614542451e-7
6996 3.216353614542451e-7
6997 3.216353614542451e-7
6998 3.216353614542451e-7
6999 3.216353614542451e-7
7000 3.216353614542451e-7
7001 3.216353614542451e-7
7002 3.216353614542451e-7
7003 3.216353614542451e-7
7004 3.216353614542451e-7
7005 3.2210640116343965e-7
7006 3.2210640116343965e-7
7007 3.2210640116343965e-7
7008 3.2210640116343965e-7
7009 3.2210640116343965e-7
7010 3.2210640116343965e-7
7011 3.2210640116343965e-7
7012 3.2210640116343965e-7
7013 3.226239047527697e-7
7014 3.2281296164400424e-7
7015 3.2281296164400424e-7
7016 3.228642312472697e-7
7017 3.228642312472697e-7
7018 3.228642312472697e-7
7019 3.228642312472697e-7
7020 3.228642312472697e-7
7021 3.228642312472697e-7
7022 3.228642312472697e-7
7023 3.230228463913778e-7
7024 3.230228463913778e-7
7025 3.230228463913778e-7
7026 3.230228463913778e-7
7027 3.230228463913778e-7
7028 3.230228463913778e-7
7029 3.230228463913778e-7
7030 3.230228463913778e-7
7031 3.230228463913778e-7
7032 3.230228463913778e-7
7033 3.230228463913778e-7
7034 3.230228463913778e-7
7035 3.230228463913778e-7
7036 3.230228463913778e-7
7037 3.230228463913778e-7
7038 3.230228463913778e-7
7039 3.230228463913778e-7
7040 3.230228463913778e-7
7041 3.230228463913778e-7
7042 3.230228463913778e-7
7043 3.230228463913778e-7
7044 3.230228463913778e-7
7045 3.230228463913778e-7
7046 3.230228463913778e-7
7047 3.230228463913778e-7
7048 3.230228463913778e-7
7049 3.230228463913778e-7
7050 3.230228463913778e-7
7051 3.230228463913778e-7
7052 3.230228463913778e-7
7053 3.230228463913778e-7
7054 3.230228463913778e-7
7055 3.230228463913778e-7
7056 3.230228463913778e-7
7057 3.230228463913778e-7
7058 3.230228463913778e-7
7059 3.230228463913778e-7
7060 3.230228463913778e-7
7061 3.230228463913778e-7
7062 3.230228463913778e-7
7063 3.230228463913778e-7
7064 3.230228463913778e-7
7065 3.230228463913778e-7
7066 3.230228463913778e-7
7067 3.230228463913778e-7
7068 3.230228463913778e-7
7069 3.230228463913778e-7
7070 3.230228463913778e-7
7071 3.230228463913778e-7
7072 3.230228463913778e-7
7073 3.230228463913778e-7
7074 3.230228463913778e-7
7075 3.230228463913778e-7
7076 3.230228463913778e-7
7077 3.230228463913778e-7
7078 3.230228463913778e-7
7079 3.230228463913778e-7
7080 3.230228463913778e-7
7081 3.230228463913778e-7
7082 3.230228463913778e-7
7083 3.230228463913778e-7
7084 3.2326637670129774e-7
7085 3.2326637670129774e-7
7086 3.2326637670129774e-7
7087 3.2326637670129774e-7
7088 3.2326637670129774e-7
7089 3.2326637670129774e-7
7090 3.2326637670129774e-7
7091 3.237133841277514e-7
7092 3.237133841277514e-7
7093 3.237133841277514e-7
7094 3.237133841277514e-7
7095 3.237133841277514e-7
7096 3.237133841277514e-7
7097 3.237133841277514e-7
7098 3.237133841277514e-7
7099 3.237133841277514e-7
7100 3.237133841277514e-7
7101 3.237133841277514e-7
7102 3.237133841277514e-7
7103 3.237133841277514e-7
7104 3.2447441924936516e-7
7105 3.2447441924936516e-7
7106 3.2447441924936516e-7
7107 3.2447441924936516e-7
7108 3.2447441924936516e-7
7109 3.2447441924936516e-7
7110 3.2447441924936516e-7
7111 3.2508004120874506e-7
7112 3.2508004120874506e-7
7113 3.2508004120874506e-7
7114 3.2508004120874506e-7
7115 3.254020790536369e-7
7116 3.254020790536369e-7
7117 3.254020790536369e-7
7118 3.254020790536369e-7
7119 3.254020790536369e-7
7120 3.254020790536369e-7
7121 3.254020790536369e-7
7122 3.255462751948096e-7
7123 3.255462751948096e-7
7124 3.255462751948096e-7
7125 3.255462751948096e-7
7126 3.255462751948096e-7
7127 3.260717895450533e-7
7128 3.260717895450533e-7
7129 3.260717895450533e-7
7130 3.260717895450533e-7
7131 3.260717895450533e-7
7132 3.260717895450533e-7
7133 3.260717895450533e-7
7134 3.262352110234732e-7
7135 3.262352110234732e-7
7136 3.262352110234732e-7
7137 3.262352110234732e-7
7138 3.262352110234732e-7
7139 3.262352110234732e-7
7140 3.262352110234732e-7
7141 3.262352110234732e-7
7142 3.262352110234732e-7
7143 3.262352110234732e-7
7144 3.262352110234732e-7
7145 3.262352110234732e-7
7146 3.262352110234732e-7
7147 3.2631371794726325e-7
7148 3.2631371794726325e-7
7149 3.2631371794726325e-7
7150 3.2631371794726325e-7
7151 3.2631371794726325e-7
7152 3.2631371794726325e-7
7153 3.2631371794726325e-7
7154 3.2631371794726325e-7
7155 3.2672066973560316e-7
7156 3.2672066973560316e-7
7157 3.2672066973560316e-7
7158 3.2672066973560316e-7
7159 3.2672066973560316e-7
7160 3.2672066973560316e-7
7161 3.2672066973560316e-7
7162 3.268184019966404e-7
7163 3.268184019966404e-7
7164 3.268184019966404e-7
7165 3.268184019966404e-7
7166 3.268184019966404e-7
7167 3.268184019966404e-7
7168 3.268184019966404e-7
7169 3.268184019966404e-7
7170 3.268184019966404e-7
7171 3.273343030670786e-7
7172 3.273343030670786e-7
7173 3.273343030670786e-7
7174 3.273343030670786e-7
7175 3.273343030670786e-7
7176 3.273343030670786e-7
7177 3.273343030670786e-7
7178 3.273343030670786e-7
7179 3.273343030670786e-7
7180 3.273343030670786e-7
7181 3.278453971920231e-7
7182 3.278453971920231e-7
7183 3.278453971920231e-7
7184 3.278453971920231e-7
7185 3.278453971920231e-7
7186 3.278453971920231e-7
7187 3.278453971920231e-7
7188 3.278453971920231e-7
7189 3.278453971920231e-7
7190 3.278453971920231e-7
7191 3.280408623252794e-7
7192 3.280408623252794e-7
7193 3.280408623252794e-7
7194 3.280408623252794e-7
7195 3.280408623252794e-7
7196 3.280408623252794e-7
7197 3.280408623252794e-7
7198 3.284590299123166e-7
7199 3.284590299123166e-7
7200 3.284590299123166e-7
7201 3.284590299123166e-7
7202 3.284590299123166e-7
7203 3.284590299123166e-7
7204 3.284590299123166e-7
7205 3.284590299123166e-7
7206 3.284590299123166e-7
7207 3.284590299123166e-7
7208 3.284590299123166e-7
7209 3.294844225888075e-7
7210 3.294844225888075e-7
7211 3.294844225888075e-7
7212 3.294844225888075e-7
7213 3.296622642925266e-7
7214 3.296622642925266e-7
7215 3.303431893602766e-7
7216 3.309920701620083e-7
7217 3.309920701620083e-7
7218 3.309920701620083e-7
7219 3.309920701620083e-7
7220 3.309920701620083e-7
7221 3.309920701620083e-7
7222 3.309920701620083e-7
7223 3.309920701620083e-7
7224 3.309920701620083e-7
7225 3.309920701620083e-7
7226 3.309920701620083e-7
7227 3.309920701620083e-7
7228 3.309920701620083e-7
7229 3.3142305545545285e-7
7230 3.3142305545545285e-7
7231 3.3142305545545285e-7
7232 3.3142305545545285e-7
7233 3.319950324634683e-7
7234 3.319950324634683e-7
7235 3.329034669304929e-7
7236 3.329034669304929e-7
7237 3.329034669304929e-7
7238 3.329034669304929e-7
7239 3.329034669304929e-7
7240 3.329034669304929e-7
7241 3.329034669304929e-7
7242 3.329034669304929e-7
7243 3.329034669304929e-7
7244 3.329034669304929e-7
7245 3.329034669304929e-7
7246 3.329034669304929e-7
7247 3.329034669304929e-7
7248 3.329034669304929e-7
7249 3.329034669304929e-7
7250 3.329034669304929e-7
7251 3.329034669304929e-7
7252 3.329034669304929e-7
7253 3.329034669304929e-7
7254 3.329034669304929e-7
7255 3.329034669304929e-7
7256 3.329034669304929e-7
7257 3.329034669304929e-7
7258 3.329034669304929e-7
7259 3.329034669304929e-7
7260 3.329034669304929e-7
7261 3.329034669304929e-7
7262 3.329034669304929e-7
7263 3.329034669304929e-7
7264 3.334514110445856e-7
7265 3.334514110445856e-7
7266 3.334514110445856e-7
7267 3.334514110445856e-7
7268 3.334514110445856e-7
7269 3.334514110445856e-7
7270 3.334514110445856e-7
7271 3.341403468732492e-7
7272 3.341403468732492e-7
7273 3.341403468732492e-7
7274 3.341403468732492e-7
7275 3.341403468732492e-7
7276 3.341403468732492e-7
7277 3.341403468732492e-7
7278 3.341403468732492e-7
7279 3.341403468732492e-7
7280 3.341403468732492e-7
7281 3.3428774682984187e-7
7282 3.3428774682984187e-7
7283 3.3428774682984187e-7
7284 3.3428774682984187e-7
7285 3.3428774682984187e-7
7286 3.3428774682984187e-7
7287 3.3428774682984187e-7
7288 3.3435183352833273e-7
7289 3.3435183352833273e-7
7290 3.3435183352833273e-7
7291 3.3435183352833273e-7
7292 3.3435183352833273e-7
7293 3.3435183352833273e-7
7294 3.3435183352833273e-7
7295 3.3435183352833273e-7
7296 3.348885636772737e-7
7297 3.348885636772737e-7
7298 3.348885636772737e-7
7299 3.348885636772737e-7
7300 3.348885636772737e-7
7301 3.348885636772737e-7
7302 3.348885636772737e-7
7303 3.348885636772737e-7
7304 3.348885636772737e-7
7305 3.348885636772737e-7
7306 3.348885636772737e-7
7307 3.348885636772737e-7
7308 3.348885636772737e-7
7309 3.348885636772737e-7
7310 3.348885636772737e-7
7311 3.348885636772737e-7
7312 3.354365084025483e-7
7313 3.354365084025483e-7
7314 3.354365084025483e-7
7315 3.354365084025483e-7
7316 3.359812480900392e-7
7317 3.359812480900392e-7
7318 3.359812480900392e-7
7319 3.359812480900392e-7
7320 3.3726459130174916e-7
7321 3.3726459130174916e-7
7322 3.3726459130174916e-7
7323 3.3726459130174916e-7
7324 3.3726459130174916e-7
7325 3.3726459130174916e-7
7326 3.3811054036681095e-7
7327 3.3811054036681095e-7
7328 3.3898693117899916e-7
7329 3.3898693117899916e-7
7330 3.3898693117899916e-7
7331 3.3898693117899916e-7
7332 3.3898693117899916e-7
7333 3.3898693117899916e-7
7334 3.3898693117899916e-7
7335 3.3898693117899916e-7
7336 3.3898693117899916e-7
7337 3.3898693117899916e-7
7338 3.3898693117899916e-7
7339 3.3898693117899916e-7
7340 3.3898693117899916e-7
7341 3.3898693117899916e-7
7342 3.3898693117899916e-7
7343 3.3898693117899916e-7
7344 3.3898693117899916e-7
7345 3.3898693117899916e-7
7346 3.3898693117899916e-7
7347 3.3898693117899916e-7
7348 3.3898693117899916e-7
7349 3.3898693117899916e-7
7350 3.3898693117899916e-7
7351 3.3898693117899916e-7
7352 3.3898693117899916e-7
7353 3.3898693117899916e-7
7354 3.3898693117899916e-7
7355 3.3898693117899916e-7
7356 3.3898693117899916e-7
7357 3.3898693117899916e-7
7358 3.3898693117899916e-7
7359 3.398408910049746e-7
7360 3.398408910049746e-7
7361 3.398408910049746e-7
7362 3.398408910049746e-7
7363 3.398408910049746e-7
7364 3.398408910049746e-7
7365 3.398408910049746e-7
7366 3.4081982102369367e-7
7367 3.4081982102369367e-7
7368 3.4081982102369367e-7
7369 3.4081982102369367e-7
7370 3.4081982102369367e-7
7371 3.4081982102369367e-7
7372 3.4081982102369367e-7
7373 3.4081982102369367e-7
7374 3.4081982102369367e-7
7375 3.4081982102369367e-7
7376 3.4081982102369367e-7
7377 3.4081982102369367e-7
7378 3.4081982102369367e-7
7379 3.4081982102369367e-7
7380 3.4081982102369367e-7
7381 3.4081982102369367e-7
7382 3.4081982102369367e-7
7383 3.4081982102369367e-7
7384 3.4081982102369367e-7
7385 3.4081982102369367e-7
7386 3.4081982102369367e-7
7387 3.4081982102369367e-7
7388 3.4081982102369367e-7
7389 3.4081982102369367e-7
7390 3.4081982102369367e-7
7391 3.4081982102369367e-7
7392 3.4081982102369367e-7
7393 3.4081982102369367e-7
7394 3.4081982102369367e-7
7395 3.4081982102369367e-7
7396 3.4081982102369367e-7
7397 3.4081982102369367e-7
7398 3.4081982102369367e-7
7399 3.4081982102369367e-7
7400 3.4081982102369367e-7
7401 3.4081982102369367e-7
7402 3.4081982102369367e-7
7403 3.4081982102369367e-7
7404 3.4081982102369367e-7
7405 3.4122196708890365e-7
7406 3.4122196708890365e-7
7407 3.4122196708890365e-7
7408 3.4122196708890365e-7
7409 3.4122196708890365e-7
7410 3.4122196708890365e-7
7411 3.4190129024894365e-7
7412 3.4190129024894365e-7
7413 3.4190129024894365e-7
7414 3.4190129024894365e-7
7415 3.4190129024894365e-7
7416 3.4190129024894365e-7
7417 3.4190129024894365e-7
7418 3.4190129024894365e-7
7419 3.4190129024894365e-7
7420 3.4190129024894365e-7
7421 3.4190129024894365e-7
7422 3.4190129024894365e-7
7423 3.4190129024894365e-7
7424 3.424203957459837e-7
7425 3.424203957459837e-7
7426 3.424203957459837e-7
7427 3.424203957459837e-7
7428 3.424203957459837e-7
7429 3.424203957459837e-7
7430 3.424203957459837e-7
7431 3.424203957459837e-7
7432 3.424203957459837e-7
7433 3.424203957459837e-7
7434 3.424203957459837e-7
7435 3.424203957459837e-7
7436 3.424203957459837e-7
7437 3.424203957459837e-7
7438 3.424203957459837e-7
7439 3.424203957459837e-7
7440 3.424203957459837e-7
7441 3.424203957459837e-7
7442 3.424203957459837e-7
7443 3.424203957459837e-7
7444 3.424203957459837e-7
7445 3.424203957459837e-7
7446 3.424203957459837e-7
7447 3.424203957459837e-7
7448 3.424203957459837e-7
7449 3.424203957459837e-7
7450 3.4295712467256093e-7
7451 3.4295712467256093e-7
7452 3.4295712467256093e-7
7453 3.4295712467256093e-7
7454 3.4295712467256093e-7
7455 3.4295712467256093e-7
7456 3.4295712467256093e-7
7457 3.4295712467256093e-7
7458 3.4295712467256093e-7
7459 3.4295712467256093e-7
7460 3.4295712467256093e-7
7461 3.4295712467256093e-7
7462 3.4295712467256093e-7
7463 3.4295712467256093e-7
7464 3.4295712467256093e-7
7465 3.4295712467256093e-7
7466 3.4295712467256093e-7
7467 3.4295712467256093e-7
7468 3.4295712467256093e-7
7469 3.4295712467256093e-7
7470 3.4295712467256093e-7
7471 3.4338490553940366e-7
7472 3.4338490553940366e-7
7473 3.4338490553940366e-7
7474 3.4338490553940366e-7
7475 3.4338490553940366e-7
7476 3.4338490553940366e-7
7477 3.4338490553940366e-7
7478 3.4338490553940366e-7
7479 3.4338490553940366e-7
7480 3.4338490553940366e-7
7481 3.4338490553940366e-7
7482 3.4338490553940366e-7
7483 3.4338490553940366e-7
7484 3.4338490553940366e-7
7485 3.4338490553940366e-7
7486 3.4338490553940366e-7
7487 3.4338490553940366e-7
7488 3.4338490553940366e-7
7489 3.4338490553940366e-7
7490 3.4338490553940366e-7
7491 3.4338490553940366e-7
7492 3.4338490553940366e-7
7493 3.4338490553940366e-7
7494 3.4338490553940366e-7
7495 3.4338490553940366e-7
7496 3.4338490553940366e-7
7497 3.4400975405839453e-7
7498 3.4641622404117826e-7
7499 3.4641622404117826e-7
7500 3.4641622404117826e-7
7501 3.4641622404117826e-7
7502 3.4641622404117826e-7
7503 3.4641622404117826e-7
7504 3.4641622404117826e-7
7505 3.4641622404117826e-7
7506 3.4641622404117826e-7
7507 3.4641622404117826e-7
7508 3.470058250899128e-7
7509 3.470058250899128e-7
7510 3.474768654102892e-7
7511 3.474768654102892e-7
7512 3.474768654102892e-7
7513 3.474768654102892e-7
7514 3.48138565140792e-7
7515 3.48138565140792e-7
7516 3.48138565140792e-7
7517 3.48138565140792e-7
7518 3.48138565140792e-7
7519 3.48138565140792e-7
7520 3.48138565140792e-7
7521 3.48138565140792e-7
7522 3.48138565140792e-7
7523 3.48138565140792e-7
7524 3.48138565140792e-7
7525 3.48138565140792e-7
7526 3.48138565140792e-7
7527 3.48138565140792e-7
7528 3.48138565140792e-7
7529 3.48138565140792e-7
7530 3.48138565140792e-7
7531 3.48138565140792e-7
7532 3.4855192700469927e-7
7533 3.4855192700469927e-7
7534 3.4855192700469927e-7
7535 3.4855192700469927e-7
7536 3.4855192700469927e-7
7537 3.4855192700469927e-7
7538 3.4855192700469927e-7
7539 3.4855192700469927e-7
7540 3.4855192700469927e-7
7541 3.495084266483875e-7
7542 3.495084266483875e-7
7543 3.495084266483875e-7
7544 3.495084266483875e-7
7545 3.500147144390202e-7
7546 3.500147144390202e-7
7547 3.500147144390202e-7
7548 3.500147144390202e-7
7549 3.500147144390202e-7
7550 3.500147144390202e-7
7551 3.500147144390202e-7
7552 3.500147144390202e-7
7553 3.500147144390202e-7
7554 3.500147144390202e-7
7555 3.500147144390202e-7
7556 3.500147144390202e-7
7557 3.5177871002854826e-7
7558 3.5177871002854826e-7
7559 3.532511101314928e-7
7560 3.532511101314928e-7
7561 3.532511101314928e-7
7562 3.532511101314928e-7
7563 3.532511101314928e-7
7564 3.532511101314928e-7
7565 3.532511101314928e-7
7566 3.532511101314928e-7
7567 3.532511101314928e-7
7568 3.532511101314928e-7
7569 3.532511101314928e-7
7570 3.532511101314928e-7
7571 3.5339049871599e-7
7572 3.5339049871599e-7
7573 3.5345778984108266e-7
7574 3.5345778984108266e-7
7575 3.540393795177217e-7
7576 3.540393795177217e-7
7577 3.540393795177217e-7
7578 3.540393795177217e-7
7579 3.549077589578144e-7
7580 3.549077589578144e-7
7581 3.549077589578144e-7
7582 3.549077589578144e-7
7583 3.549077589578144e-7
7584 3.5503753609605173e-7
7585 3.556159219572708e-7
7586 3.556159219572708e-7
7587 3.556159219572708e-7
7588 3.559107218704562e-7
7589 3.559107218704562e-7
7590 3.559107218704562e-7
7591 3.559107218704562e-7
7592 3.565371735195208e-7
7593 3.565371735195208e-7
7594 3.565371735195208e-7
7595 3.565371735195208e-7
7596 3.565371735195208e-7
7597 3.565371735195208e-7
7598 3.565371735195208e-7
7599 3.565371735195208e-7
7600 3.565371735195208e-7
7601 3.565371735195208e-7
7602 3.565371735195208e-7
7603 3.565371735195208e-7
7604 3.565371735195208e-7
7605 3.565371735195208e-7
7606 3.565371735195208e-7
7607 3.565371735195208e-7
7608 3.565371735195208e-7
7609 3.565371735195208e-7
7610 3.565371735195208e-7
7611 3.565371735195208e-7
7612 3.565371735195208e-7
7613 3.565371735195208e-7
7614 3.565371735195208e-7
7615 3.5672462850304534e-7
7616 3.5672462850304534e-7
7617 3.5672462850304534e-7
7618 3.5672462850304534e-7
7619 3.5672462850304534e-7
7620 3.5672462850304534e-7
7621 3.5672462850304534e-7
7622 3.571267745682553e-7
7623 3.571267745682553e-7
7624 3.571267745682553e-7
7625 3.571267745682553e-7
7626 3.573671004515734e-7
7627 3.573671004515734e-7
7628 3.573671004515734e-7
7629 3.573671004515734e-7
7630 3.573671004515734e-7
7631 3.573671004515734e-7
7632 3.573671004515734e-7
7633 3.582402868371598e-7
7634 3.582402868371598e-7
7635 3.587545853887062e-7
7636 3.587545853887062e-7
7637 3.587545853887062e-7
7638 3.587545853887062e-7
7639 3.587545853887062e-7
7640 3.587545853887062e-7
7641 3.587545853887062e-7
7642 3.587545853887062e-7
7643 3.589132005328143e-7
7644 3.589132005328143e-7
7645 3.589132005328143e-7
7646 3.589132005328143e-7
7647 3.589132005328143e-7
7648 3.589132005328143e-7
7649 3.589132005328143e-7
7650 3.589132005328143e-7
7651 3.589132005328143e-7
7652 3.589132005328143e-7
7653 3.589132005328143e-7
7654 3.589132005328143e-7
7655 3.589132005328143e-7
7656 3.589132005328143e-7
7657 3.589132005328143e-7
7658 3.589132005328143e-7
7659 3.589132005328143e-7
7660 3.589132005328143e-7
7661 3.589132005328143e-7
7662 3.589132005328143e-7
7663 3.589132005328143e-7
7664 3.589132005328143e-7
7665 3.589132005328143e-7
7666 3.589132005328143e-7
7667 3.589132005328143e-7
7668 3.589132005328143e-7
7669 3.589132005328143e-7
7670 3.589132005328143e-7
7671 3.589132005328143e-7
7672 3.589132005328143e-7
7673 3.589132005328143e-7
7674 3.589132005328143e-7
7675 3.5935219719835434e-7
7676 3.5935219719835434e-7
7677 3.5935219719835434e-7
7678 3.5935219719835434e-7
7679 3.5935219719835434e-7
7680 3.598584843778052e-7
7681 3.598584843778052e-7
7682 3.598584843778052e-7
7683 3.6031830951066615e-7
7684 3.6031830951066615e-7
7685 3.6031830951066615e-7
7686 3.6031830951066615e-7
7687 3.6031830951066615e-7
7688 3.6031830951066615e-7
7689 3.6031830951066615e-7
7690 3.6031830951066615e-7
7691 3.605650442471879e-7
7692 3.605650442471879e-7
7693 3.605650442471879e-7
7694 3.605650442471879e-7
7695 3.605650442471879e-7
7696 3.605650442471879e-7
7697 3.605650442471879e-7
7698 3.605650442471879e-7
7699 3.605650442471879e-7
7700 3.605650442471879e-7
7701 3.605650442471879e-7
7702 3.605650442471879e-7
7703 3.605650442471879e-7
7704 3.605650442471879e-7
7705 3.605650442471879e-7
7706 3.605650442471879e-7
7707 3.605650442471879e-7
7708 3.605650442471879e-7
7709 3.613485085214688e-7
7710 3.613485085214688e-7
7711 3.613485085214688e-7
7712 3.613485085214688e-7
7713 3.6392320692816613e-7
7714 3.6392320692816613e-7
7715 3.6392320692816613e-7
7716 3.6392320692816613e-7
7717 3.6392320692816613e-7
7718 3.6392320692816613e-7
7719 3.6392320692816613e-7
7720 3.6392320692816613e-7
7721 3.6392320692816613e-7
7722 3.6392320692816613e-7
7723 3.6392320692816613e-7
7724 3.6392320692816613e-7
7725 3.6392320692816613e-7
7726 3.6392320692816613e-7
7727 3.6392320692816613e-7
7728 3.6392320692816613e-7
7729 3.6392320692816613e-7
7730 3.6392320692816613e-7
7731 3.6392320692816613e-7
7732 3.6392320692816613e-7
7733 3.6392320692816613e-7
7734 3.6392320692816613e-7
7735 3.6392320692816613e-7
7736 3.6392320692816613e-7
7737 3.6392320692816613e-7
7738 3.6392320692816613e-7
7739 3.6392320692816613e-7
7740 3.6392320692816613e-7
7741 3.6392320692816613e-7
7742 3.6392320692816613e-7
7743 3.6392320692816613e-7
7744 3.6392320692816613e-7
7745 3.6429491185743156e-7
7746 3.6429491185743156e-7
7747 3.6429491185743156e-7
7748 3.6429491185743156e-7
7749 3.6429491185743156e-7
7750 3.6429491185743156e-7
7751 3.6429491185743156e-7
7752 3.6429491185743156e-7
7753 3.6429491185743156e-7
7754 3.6429491185743156e-7
7755 3.6429491185743156e-7
7756 3.6429491185743156e-7
7757 3.6429491185743156e-7
7758 3.6429491185743156e-7
7759 3.6429491185743156e-7
7760 3.6429491185743156e-7
7761 3.6429491185743156e-7
7762 3.6429491185743156e-7
7763 3.6429491185743156e-7
7764 3.6429491185743156e-7
7765 3.6429491185743156e-7
7766 3.6429491185743156e-7
7767 3.6429491185743156e-7
7768 3.6429491185743156e-7
7769 3.6429491185743156e-7
7770 3.6429491185743156e-7
7771 3.6429491185743156e-7
7772 3.6429491185743156e-7
7773 3.6429491185743156e-7
7774 3.6429491185743156e-7
7775 3.6429491185743156e-7
7776 3.6429491185743156e-7
7777 3.6429491185743156e-7
7778 3.6429491185743156e-7
7779 3.6429491185743156e-7
7780 3.6429491185743156e-7
7781 3.6429491185743156e-7
7782 3.6429491185743156e-7
7783 3.6429491185743156e-7
7784 3.6429491185743156e-7
7785 3.6429491185743156e-7
7786 3.6429491185743156e-7
7787 3.6429491185743156e-7
7788 3.6429491185743156e-7
7789 3.6429491185743156e-7
7790 3.6429491185743156e-7
7791 3.6429491185743156e-7
7792 3.6429491185743156e-7
7793 3.6429491185743156e-7
7794 3.651616900009962e-7
7795 3.651616900009962e-7
7796 3.651616900009962e-7
7797 3.651616900009962e-7
7798 3.651616900009962e-7
7799 3.651616900009962e-7
7800 3.657032252618852e-7
7801 3.657032252618852e-7
7802 3.657032252618852e-7
7803 3.657032252618852e-7
7804 3.657032252618852e-7
7805 3.658634435360671e-7
7806 3.658634435360671e-7
7807 3.658634435360671e-7
7808 3.658634435360671e-7
7809 3.658634435360671e-7
7810 3.6635210667479887e-7
7811 3.6635210667479887e-7
7812 3.6635210667479887e-7
7813 3.6635210667479887e-7
7814 3.6635210667479887e-7
7815 3.6635210667479887e-7
7816 3.6635210667479887e-7
7817 3.6635210667479887e-7
7818 3.6635210667479887e-7
7819 3.6635210667479887e-7
7820 3.6635210667479887e-7
7821 3.6635210667479887e-7
7822 3.6635210667479887e-7
7823 3.6635210667479887e-7
7824 3.6635210667479887e-7
7825 3.6690005140007347e-7
7826 3.6690005140007347e-7
7827 3.6690005140007347e-7
7828 3.6690005140007347e-7
7829 3.6758578280213525e-7
7830 3.6758578280213525e-7
7831 3.6758578280213525e-7
7832 3.6758578280213525e-7
7833 3.686768646960088e-7
7834 3.686768646960088e-7
7835 3.686768646960088e-7
7836 3.686768646960088e-7
7837 3.686768646960088e-7
7838 3.686768646960088e-7
7839 3.686768646960088e-7
7840 3.686768646960088e-7
7841 3.698656800732834e-7
7842 3.698656800732834e-7
7843 3.698656800732834e-7
7844 3.698656800732834e-7
7845 3.698656800732834e-7
7846 3.698656800732834e-7
7847 3.698656800732834e-7
7848 3.698656800732834e-7
7849 3.698656800732834e-7
7850 3.698656800732834e-7
7851 3.698656800732834e-7
7852 3.698656800732834e-7
7853 3.698656800732834e-7
7854 3.704568830297279e-7
7855 3.704568830297279e-7
7856 3.704568830297279e-7
7857 3.704568830297279e-7
7858 3.704568830297279e-7
7859 3.704568830297279e-7
7860 3.704568830297279e-7
7861 3.706395310677588e-7
7862 3.706395310677588e-7
7863 3.706395310677588e-7
7864 3.706395310677588e-7
7865 3.706395310677588e-7
7866 3.706395310677588e-7
7867 3.706395310677588e-7
7868 3.706395310677588e-7
7869 3.707997487307588e-7
7870 3.707997487307588e-7
7871 3.707997487307588e-7
7872 3.707997487307588e-7
7873 3.707997487307588e-7
7874 3.711506258038852e-7
7875 3.711506258038852e-7
7876 3.711506258038852e-7
7877 3.711506258038852e-7
7878 3.711506258038852e-7
7879 3.711506258038852e-7
7880 3.711506258038852e-7
7881 3.711506258038852e-7
7882 3.7213275963802427e-7
7883 3.7213275963802427e-7
7884 3.7213275963802427e-7
7885 3.7213275963802427e-7
7886 3.7213275963802427e-7
7887 3.7213275963802427e-7
7888 3.7213275963802427e-7
7889 3.7213275963802427e-7
7890 3.7213275963802427e-7
7891 3.7213275963802427e-7
7892 3.7213275963802427e-7
7893 3.7213275963802427e-7
7894 3.7213275963802427e-7
7895 3.7213275963802427e-7
7896 3.72456400001808e-7
7897 3.72456400001808e-7
7898 3.72895396667348e-7
7899 3.72895396667348e-7
7900 3.72895396667348e-7
7901 3.72895396667348e-7
7902 3.72895396667348e-7
7903 3.72895396667348e-7
7904 3.72895396667348e-7
7905 3.72895396667348e-7
7906 3.72895396667348e-7
7907 3.72895396667348e-7
7908 3.72895396667348e-7
7909 3.7311970164002076e-7
7910 3.7311970164002076e-7
7911 3.7311970164002076e-7
7912 3.7311970164002076e-7
7913 3.7311970164002076e-7
7914 3.7311970164002076e-7
7915 3.7311970164002076e-7
7916 3.7311970164002076e-7
7917 3.7311970164002076e-7
7918 3.7311970164002076e-7
7919 3.7311970164002076e-7
7920 3.7311970164002076e-7
7921 3.7311970164002076e-7
7922 3.7311970164002076e-7
7923 3.7311970164002076e-7
7924 3.743389581532399e-7
7925 3.743389581532399e-7
7926 3.743389581532399e-7
7927 3.743389581532399e-7
7928 3.743389581532399e-7
7929 3.743389581532399e-7
7930 3.743389581532399e-7
7931 3.747667396312645e-7
7932 3.747667396312645e-7
7933 3.752281660606535e-7
7934 3.752281660606535e-7
7935 3.752281660606535e-7
7936 3.752281660606535e-7
7937 3.752281660606535e-7
7938 3.752281660606535e-7
7939 3.752281660606535e-7
7940 3.752281660606535e-7
7941 3.752281660606535e-7
7942 3.752281660606535e-7
7943 3.752281660606535e-7
7944 3.752281660606535e-7
7945 3.752281660606535e-7
7946 3.752281660606535e-7
7947 3.752281660606535e-7
7948 3.7603566322885715e-7
7949 3.7603566322885715e-7
7950 3.7603566322885715e-7
7951 3.7603566322885715e-7
7952 3.7603566322885715e-7
7953 3.7603566322885715e-7
7954 3.7603566322885715e-7
7955 3.7603566322885715e-7
7956 3.7603566322885715e-7
7957 3.7603566322885715e-7
7958 3.7603566322885715e-7
7959 3.7603566322885715e-7
7960 3.7603566322885715e-7
7961 3.7603566322885715e-7
7962 3.7603566322885715e-7
7963 3.7603566322885715e-7
7964 3.7603566322885715e-7
7965 3.7603566322885715e-7
7966 3.7603566322885715e-7
7967 3.7603566322885715e-7
7968 3.7613660052767805e-7
7969 3.7613660052767805e-7
7970 3.7613660052767805e-7
7971 3.7613660052767805e-7
7972 3.7613660052767805e-7
7973 3.7613660052767805e-7
7974 3.76940892658098e-7
7975 3.76940892658098e-7
7976 3.76940892658098e-7
7977 3.76940892658098e-7
7978 3.76940892658098e-7
7979 3.76940892658098e-7
7980 3.76940892658098e-7
7981 3.76940892658098e-7
7982 3.76940892658098e-7
7983 3.76940892658098e-7
7984 3.76940892658098e-7
7985 3.76940892658098e-7
7986 3.76940892658098e-7
7987 3.76940892658098e-7
7988 3.76940892658098e-7
7989 3.76940892658098e-7
7990 3.76940892658098e-7
7991 3.76940892658098e-7
7992 3.76940892658098e-7
7993 3.76940892658098e-7
7994 3.76940892658098e-7
7995 3.76940892658098e-7
7996 3.76940892658098e-7
7997 3.76940892658098e-7
7998 3.76940892658098e-7
7999 3.76940892658098e-7
8000 3.76940892658098e-7
8001 3.76940892658098e-7
8002 3.76940892658098e-7
8003 3.76940892658098e-7
8004 3.76940892658098e-7
8005 3.76940892658098e-7
8006 3.76940892658098e-7
8007 3.76940892658098e-7
8008 3.76940892658098e-7
8009 3.775817639212799e-7
8010 3.775817639212799e-7
8011 3.775817639212799e-7
8012 3.775817639212799e-7
8013 3.775817639212799e-7
8014 3.775817639212799e-7
8015 3.775817639212799e-7
8016 3.775817639212799e-7
8017 3.775817639212799e-7
8018 3.775817639212799e-7
8019 3.775817639212799e-7
8020 3.775817639212799e-7
8021 3.775817639212799e-7
8022 3.775817639212799e-7
8023 3.775817639212799e-7
8024 3.775817639212799e-7
8025 3.775817639212799e-7
8026 3.775817639212799e-7
8027 3.775817639212799e-7
8028 3.775817639212799e-7
8029 3.775817639212799e-7
8030 3.775817639212799e-7
8031 3.775817639212799e-7
8032 3.779823080787799e-7
8033 3.779823080787799e-7
8034 3.779823080787799e-7
8035 3.7841809970653624e-7
8036 3.7841809970653624e-7
8037 3.7959409798858535e-7
8038 3.7959409798858535e-7
8039 3.7959409798858535e-7
8040 3.7959409798858535e-7
8041 3.7959409798858535e-7
8042 3.7959409798858535e-7
8043 3.7959409798858535e-7
8044 3.7959409798858535e-7
8045 3.7959409798858535e-7
8046 3.7959409798858535e-7
8047 3.7959409798858535e-7
8048 3.7959409798858535e-7
8049 3.7959409798858535e-7
8050 3.7959409798858535e-7
8051 3.7959409798858535e-7
8052 3.7959409798858535e-7
8053 3.7959409798858535e-7
8054 3.7959409798858535e-7
8055 3.7959409798858535e-7
8056 3.7959409798858535e-7
8057 3.7959409798858535e-7
8058 3.7959409798858535e-7
8059 3.7979437006733537e-7
8060 3.7979437006733537e-7
8061 3.7979437006733537e-7
8062 3.7979437006733537e-7
8063 3.7979437006733537e-7
8064 3.7979437006733537e-7
8065 3.7979437006733537e-7
8066 3.7979437006733537e-7
8067 3.7979437006733537e-7
8068 3.7979437006733537e-7
8069 3.7996099658353903e-7
8070 3.7996099658353903e-7
8071 3.7996099658353903e-7
8072 3.7996099658353903e-7
8073 3.7996099658353903e-7
8074 3.7996099658353903e-7
8075 3.7996099658353903e-7
8076 3.7996099658353903e-7
8077 3.7996099658353903e-7
8078 3.7996099658353903e-7
8079 3.7996099658353903e-7
8080 3.7996099658353903e-7
8081 3.7996099658353903e-7
8082 3.7996099658353903e-7
8083 3.7996099658353903e-7
8084 3.803855736349618e-7
8085 3.803855736349618e-7
8086 3.808293766348136e-7
8087 3.808293766348136e-7
8088 3.808293766348136e-7
8089 3.808293766348136e-7
8090 3.808293766348136e-7
8091 3.808293766348136e-7
8092 3.808293766348136e-7
8093 3.808293766348136e-7
8094 3.808293766348136e-7
8095 3.808293766348136e-7
8096 3.808293766348136e-7
8097 3.808293766348136e-7
8098 3.808293766348136e-7
8099 3.808293766348136e-7
8100 3.808293766348136e-7
8101 3.808293766348136e-7
8102 3.808293766348136e-7
8103 3.808293766348136e-7
8104 3.808293766348136e-7
8105 3.808293766348136e-7
8106 3.808293766348136e-7
8107 3.808293766348136e-7
8108 3.808293766348136e-7
8109 3.808293766348136e-7
8110 3.808293766348136e-7
8111 3.817650478111809e-7
8112 3.817650478111809e-7
8113 3.817650478111809e-7
8114 3.817650478111809e-7
8115 3.817650478111809e-7
8116 3.823482393955299e-7
8117 3.823482393955299e-7
8118 3.823482393955299e-7
8119 3.823482393955299e-7
8120 3.823482393955299e-7
8121 3.823482393955299e-7
8122 3.823482393955299e-7
8123 3.823482393955299e-7
8124 3.823482393955299e-7
8125 3.823482393955299e-7
8126 3.823482393955299e-7
8127 3.823482393955299e-7
8128 3.826109962650608e-7
8129 3.826109962650608e-7
8130 3.826109962650608e-7
8131 3.826109962650608e-7
8132 3.826109962650608e-7
8133 3.826109962650608e-7
8134 3.826109962650608e-7
8135 3.826109962650608e-7
8136 3.826109962650608e-7
8137 3.826109962650608e-7
8138 3.826109962650608e-7
8139 3.826109962650608e-7
8140 3.826109962650608e-7
8141 3.826109962650608e-7
8142 3.826109962650608e-7
8143 3.830644125447181e-7
8144 3.836572186312364e-7
8145 3.836572186312364e-7
8146 3.8383666224266545e-7
8147 3.8389434008795267e-7
8148 3.8389434008795267e-7
8149 3.8389434008795267e-7
8150 3.8414427925107624e-7
8151 3.8414427925107624e-7
8152 3.8414427925107624e-7
8153 3.8414427925107624e-7
8154 3.8414427925107624e-7
8155 3.8414427925107624e-7
8156 3.8463774994648353e-7
8157 3.8463774994648353e-7
8158 3.8463774994648353e-7
8159 3.8463774994648353e-7
8160 3.8463774994648353e-7
8161 3.854965167179526e-7
8162 3.854965167179526e-7
8163 3.859595456662335e-7
8164 3.8657958846209443e-7
8165 3.8657958846209443e-7
8166 3.8657958846209443e-7
8167 3.8657958846209443e-7
8168 3.8657958846209443e-7
8169 3.8717399584514076e-7
8170 3.8717399584514076e-7
8171 3.8717399584514076e-7
8172 3.8717399584514076e-7
8173 3.8717399584514076e-7
8174 3.8717399584514076e-7
8175 3.8746078560859444e-7
8176 3.8746078560859444e-7
8177 3.87891770902039e-7
8178 3.87891770902039e-7
8179 3.87891770902039e-7
8180 3.87891770902039e-7
8181 3.87891770902039e-7
8182 3.87891770902039e-7
8183 3.87891770902039e-7
8184 3.887777743828508e-7
8185 3.887777743828508e-7
8186 3.887777743828508e-7
8187 3.887777743828508e-7
8188 3.887777743828508e-7
8189 3.887777743828508e-7
8190 3.887777743828508e-7
8191 3.887777743828508e-7
8192 3.887777743828508e-7
8193 3.8915428503524615e-7
8194 3.8915428503524615e-7
8195 3.8915428503524615e-7
8196 3.8915428503524615e-7
8197 3.8915428503524615e-7
8198 3.8915428503524615e-7
8199 3.8915428503524615e-7
8200 3.8915428503524615e-7
8201 3.8915428503524615e-7
8202 3.8915428503524615e-7
8203 3.8915428503524615e-7
8204 3.8915428503524615e-7
8205 3.8967178801339434e-7
8206 3.8967178801339434e-7
8207 3.8967178801339434e-7
8208 3.8967178801339434e-7
8209 3.8967178801339434e-7
8210 3.8999542837717806e-7
8211 3.8999542837717806e-7
8212 3.8999542837717806e-7
8213 3.8999542837717806e-7
8214 3.8999542837717806e-7
8215 3.8999542837717806e-7
8216 3.8999542837717806e-7
8217 3.8999542837717806e-7
8218 3.8999542837717806e-7
8219 3.8999542837717806e-7
8220 3.8999542837717806e-7
8221 3.8999542837717806e-7
8222 3.8999542837717806e-7
8223 3.8999542837717806e-7
8224 3.8999542837717806e-7
8225 3.8999542837717806e-7
8226 3.8999542837717806e-7
8227 3.8999542837717806e-7
8228 3.8999542837717806e-7
8229 3.8999542837717806e-7
8230 3.8999542837717806e-7
8231 3.8999542837717806e-7
8232 3.8999542837717806e-7
8233 3.8999542837717806e-7
8234 3.8999542837717806e-7
8235 3.8999542837717806e-7
8236 3.8999542837717806e-7
8237 3.8999542837717806e-7
8238 3.8999542837717806e-7
8239 3.8999542837717806e-7
8240 3.8999542837717806e-7
8241 3.8999542837717806e-7
8242 3.8999542837717806e-7
8243 3.8999542837717806e-7
8244 3.8999542837717806e-7
8245 3.8999542837717806e-7
8246 3.8999542837717806e-7
8247 3.8999542837717806e-7
8248 3.8999542837717806e-7
8249 3.8999542837717806e-7
8250 3.8999542837717806e-7
8251 3.8999542837717806e-7
8252 3.8999542837717806e-7
8253 3.8999542837717806e-7
8254 3.8999542837717806e-7
8255 3.914726348144344e-7
8256 3.914726348144344e-7
8257 3.9154473227383885e-7
8258 3.9154473227383885e-7
8259 3.9154473227383885e-7
8260 3.9154473227383885e-7
8261 3.9154473227383885e-7
8262 3.9154473227383885e-7
8263 3.9154473227383885e-7
8264 3.9189560812460147e-7
8265 3.9189560812460147e-7
8266 3.9189560812460147e-7
8267 3.9189560812460147e-7
8268 3.9189560812460147e-7
8269 3.9189560812460147e-7
8270 3.9189560812460147e-7
8271 3.9189560812460147e-7
8272 3.920494175455797e-7
8273 3.920494175455797e-7
8274 3.9222085100727704e-7
8275 3.9222085100727704e-7
8276 3.9222085100727704e-7
8277 3.9222085100727704e-7
8278 3.9222085100727704e-7
8279 3.9222085100727704e-7
8280 3.9222085100727704e-7
8281 3.9222085100727704e-7
8282 3.9222085100727704e-7
8283 3.9222085100727704e-7
8284 3.9222085100727704e-7
8285 3.9222085100727704e-7
8286 3.9222085100727704e-7
8287 3.9222085100727704e-7
8288 3.9222085100727704e-7
8289 3.9222085100727704e-7
8290 3.9222085100727704e-7
8291 3.9222085100727704e-7
8292 3.9222085100727704e-7
8293 3.9222085100727704e-7
8294 3.9222085100727704e-7
8295 3.9222085100727704e-7
8296 3.9222085100727704e-7
8297 3.9222085100727704e-7
8298 3.9222085100727704e-7
8299 3.9222085100727704e-7
8300 3.9222085100727704e-7
8301 3.9222085100727704e-7
8302 3.9222085100727704e-7
8303 3.9222085100727704e-7
8304 3.9222085100727704e-7
8305 3.9222085100727704e-7
8306 3.9222085100727704e-7
8307 3.9222085100727704e-7
8308 3.9222085100727704e-7
8309 3.9222085100727704e-7
8310 3.9222085100727704e-7
8311 3.9222085100727704e-7
8312 3.9222085100727704e-7
8313 3.9222085100727704e-7
8314 3.9222085100727704e-7
8315 3.9222085100727704e-7
8316 3.9222085100727704e-7
8317 3.9222085100727704e-7
8318 3.9222085100727704e-7
8319 3.9222085100727704e-7
8320 3.9222085100727704e-7
8321 3.9222085100727704e-7
8322 3.9222085100727704e-7
8323 3.9222085100727704e-7
8324 3.9222085100727704e-7
8325 3.9222085100727704e-7
8326 3.9222085100727704e-7
8327 3.9222085100727704e-7
8328 3.9222085100727704e-7
8329 3.9222085100727704e-7
8330 3.9222085100727704e-7
8331 3.9222085100727704e-7
8332 3.9222085100727704e-7
8333 3.9222085100727704e-7
8334 3.9222085100727704e-7
8335 3.9222085100727704e-7
8336 3.9222085100727704e-7
8337 3.9222085100727704e-7
8338 3.9222085100727704e-7
8339 3.9222085100727704e-7
8340 3.9222085100727704e-7
8341 3.9222085100727704e-7
8342 3.9222085100727704e-7
8343 3.9222085100727704e-7
8344 3.9222085100727704e-7
8345 3.9222085100727704e-7
8346 3.9222085100727704e-7
8347 3.9222085100727704e-7
8348 3.9222085100727704e-7
8349 3.9277200015915346e-7
8350 3.9277200015915346e-7
8351 3.9277200015915346e-7
8352 3.9277200015915346e-7
8353 3.9277200015915346e-7
8354 3.9277200015915346e-7
8355 3.9277200015915346e-7
8356 3.9277200015915346e-7
8357 3.9277200015915346e-7
8358 3.9306039183031706e-7
8359 3.9306039183031706e-7
8360 3.9306039183031706e-7
8361 3.9355065748794066e-7
8362 3.9355065748794066e-7
8363 3.9355065748794066e-7
8364 3.9355065748794066e-7
8365 3.9355065748794066e-7
8366 3.937893814635488e-7
8367 3.937893814635488e-7
8368 3.937893814635488e-7
8369 3.937893814635488e-7
8370 3.937893814635488e-7
8371 3.940249010125551e-7
8372 3.940249010125551e-7
8373 3.940249010125551e-7
8374 3.940249010125551e-7
8375 3.940249010125551e-7
8376 3.940249010125551e-7
8377 3.940249010125551e-7
8378 3.940249010125551e-7
8379 3.940249010125551e-7
8380 3.940249010125551e-7
8381 3.940249010125551e-7
8382 3.940249010125551e-7
8383 3.940249010125551e-7
8384 3.940249010125551e-7
8385 3.9485643046349965e-7
8386 3.9485643046349965e-7
8387 3.9485643046349965e-7
8388 3.9485643046349965e-7
8389 3.9485643046349965e-7
8390 3.9485643046349965e-7
8391 3.9485643046349965e-7
8392 3.9485643046349965e-7
8393 3.9485643046349965e-7
8394 3.9485643046349965e-7
8395 3.9485643046349965e-7
8396 3.9485643046349965e-7
8397 3.9485643046349965e-7
8398 3.9485643046349965e-7
8399 3.9485643046349965e-7
8400 3.9485643046349965e-7
8401 3.9485643046349965e-7
8402 3.9485643046349965e-7
8403 3.9485643046349965e-7
8404 3.9485643046349965e-7
8405 3.9485643046349965e-7
8406 3.9485643046349965e-7
8407 3.9485643046349965e-7
8408 3.9485643046349965e-7
8409 3.9485643046349965e-7
8410 3.9485643046349965e-7
8411 3.9485643046349965e-7
8412 3.9485643046349965e-7
8413 3.9485643046349965e-7
8414 3.9485643046349965e-7
8415 3.9485643046349965e-7
8416 3.9485643046349965e-7
8417 3.9485643046349965e-7
8418 3.9546205364524334e-7
8419 3.9546205364524334e-7
8420 3.9546205364524334e-7
8421 3.9546205364524334e-7
8422 3.9546205364524334e-7
8423 3.9546205364524334e-7
8424 3.956735409115088e-7
8425 3.956735409115088e-7
8426 3.956735409115088e-7
8427 3.956735409115088e-7
8428 3.956735409115088e-7
8429 3.956735409115088e-7
8430 3.956735409115088e-7
8431 3.956735409115088e-7
8432 3.956735409115088e-7
8433 3.956735409115088e-7
8434 3.956735409115088e-7
8435 3.956735409115088e-7
8436 3.956735409115088e-7
8437 3.956735409115088e-7
8438 3.9583696300111064e-7
8439 3.9583696300111064e-7
8440 3.9583696300111064e-7
8441 3.9583696300111064e-7
8442 3.9583696300111064e-7
8443 3.9583696300111064e-7
8444 3.9583696300111064e-7
8445 3.9583696300111064e-7
8446 3.9583696300111064e-7
8447 3.9583696300111064e-7
8448 3.9583696300111064e-7
8449 3.9583696300111064e-7
8450 3.9583696300111064e-7
8451 3.9583696300111064e-7
8452 3.9583696300111064e-7
8453 3.9705141318001797e-7
8454 3.9705141318001797e-7
8455 3.9705141318001797e-7
8456 3.9705141318001797e-7
8457 3.9705141318001797e-7
8458 3.9705141318001797e-7
8459 3.9705141318001797e-7
8460 3.9705141318001797e-7
8461 3.9705141318001797e-7
8462 3.9705141318001797e-7
8463 3.9705141318001797e-7
8464 3.9705141318001797e-7
8465 3.9705141318001797e-7
8466 3.9705141318001797e-7
8467 3.9705141318001797e-7
8468 3.9705141318001797e-7
8469 3.9705141318001797e-7
8470 3.9705141318001797e-7
8471 3.9705141318001797e-7
8472 3.9705141318001797e-7
8473 3.9705141318001797e-7
8474 3.9705141318001797e-7
8475 3.9705141318001797e-7
8476 3.9705141318001797e-7
8477 3.9705141318001797e-7
8478 3.9895479979877076e-7
8479 3.9895479979877076e-7
8480 3.9895479979877076e-7
8481 3.9895479979877076e-7
8482 3.9895479979877076e-7
8483 3.9895479979877076e-7
8484 3.9981516908913173e-7
8485 3.9981516908913173e-7
8486 3.9981516908913173e-7
8487 3.998536209859899e-7
8488 3.998536209859899e-7
8489 3.998536209859899e-7
8490 3.998536209859899e-7
8491 3.998536209859899e-7
8492 4.0011798037441264e-7
8493 4.0011798037441264e-7
8494 4.0011798037441264e-7
8495 4.0011798037441264e-7
8496 4.0011798037441264e-7
8497 4.0011798037441264e-7
8498 4.0011798037441264e-7
8499 4.0011798037441264e-7
8500 4.0011798037441264e-7
8501 4.0011798037441264e-7
8502 4.0011798037441264e-7
8503 4.0011798037441264e-7
8504 4.0011798037441264e-7
8505 4.0011798037441264e-7
8506 4.0011798037441264e-7
8507 4.0011798037441264e-7
8508 4.00914261743919e-7
8509 4.00914261743919e-7
8510 4.00914261743919e-7
8511 4.00914261743919e-7
8512 4.00914261743919e-7
8513 4.00914261743919e-7
8514 4.00914261743919e-7
8515 4.00914261743919e-7
8516 4.00914261743919e-7
8517 4.00914261743919e-7
8518 4.00914261743919e-7
8519 4.00914261743919e-7
8520 4.00914261743919e-7
8521 4.00914261743919e-7
8522 4.00914261743919e-7
8523 4.00914261743919e-7
8524 4.00914261743919e-7
8525 4.00914261743919e-7
8526 4.00914261743919e-7
8527 4.00914261743919e-7
8528 4.00914261743919e-7
8529 4.00914261743919e-7
8530 4.00914261743919e-7
8531 4.00914261743919e-7
8532 4.00914261743919e-7
8533 4.00914261743919e-7
8534 4.00914261743919e-7
8535 4.0110652245057346e-7
8536 4.0110652245057346e-7
8537 4.0110652245057346e-7
8538 4.0110652245057346e-7
8539 4.01354860317169e-7
8540 4.0193805251269987e-7
8541 4.0193805251269987e-7
8542 4.0193805251269987e-7
8543 4.0257091240378623e-7
8544 4.0257091240378623e-7
8545 4.0257091240378623e-7
8546 4.0257091240378623e-7
8547 4.0257091240378623e-7
8548 4.0257091240378623e-7
8549 4.0257091240378623e-7
8550 4.0257091240378623e-7
8551 4.0257091240378623e-7
8552 4.0257091240378623e-7
8553 4.0257091240378623e-7
8554 4.0257091240378623e-7
8555 4.0257091240378623e-7
8556 4.0257091240378623e-7
8557 4.0257091240378623e-7
8558 4.0257091240378623e-7
8559 4.0257091240378623e-7
8560 4.0257091240378623e-7
8561 4.033992380393108e-7
8562 4.033992380393108e-7
8563 4.034216684143417e-7
8564 4.034216684143417e-7
8565 4.034216684143417e-7
8566 4.034216684143417e-7
8567 4.034216684143417e-7
8568 4.034216684143417e-7
8569 4.034216684143417e-7
8570 4.034216684143417e-7
8571 4.034216684143417e-7
8572 4.034216684143417e-7
8573 4.034216684143417e-7
8574 4.034216684143417e-7
8575 4.034216684143417e-7
8576 4.034216684143417e-7
8577 4.034216684143417e-7
8578 4.034216684143417e-7
8579 4.034216684143417e-7
8580 4.034216684143417e-7
8581 4.034216684143417e-7
8582 4.034216684143417e-7
8583 4.034216684143417e-7
8584 4.034216684143417e-7
8585 4.034216684143417e-7
8586 4.034216684143417e-7
8587 4.034216684143417e-7
8588 4.034216684143417e-7
8589 4.034216684143417e-7
8590 4.034216684143417e-7
8591 4.034216684143417e-7
8592 4.0371646832752706e-7
8593 4.0371646832752706e-7
8594 4.0514721149582973e-7
8595 4.0514721149582973e-7
8596 4.0514721149582973e-7
8597 4.0514721149582973e-7
8598 4.0514721149582973e-7
8599 4.0514721149582973e-7
8600 4.0514721149582973e-7
8601 4.0514721149582973e-7
8602 4.0514721149582973e-7
8603 4.0514721149582973e-7
8604 4.0514721149582973e-7
8605 4.057384138410924e-7
8606 4.057384138410924e-7
8607 4.057384138410924e-7
8608 4.057384138410924e-7
8609 4.057384138410924e-7
8610 4.057384138410924e-7
8611 4.057384138410924e-7
8612 4.057384138410924e-7
8613 4.057384138410924e-7
8614 4.057384138410924e-7
8615 4.061806149332342e-7
8616 4.061806149332342e-7
8617 4.061806149332342e-7
8618 4.061806149332342e-7
8619 4.061806149332342e-7
8620 4.061806149332342e-7
8621 4.061806149332342e-7
8622 4.061806149332342e-7
8623 4.061806149332342e-7
8624 4.061806149332342e-7
8625 4.061806149332342e-7
8626 4.061806149332342e-7
8627 4.061806149332342e-7
8628 4.061806149332342e-7
8629 4.061806149332342e-7
8630 4.061806149332342e-7
8631 4.061806149332342e-7
8632 4.061806149332342e-7
8633 4.061806149332342e-7
8634 4.061806149332342e-7
8635 4.061806149332342e-7
8636 4.061806149332342e-7
8637 4.061806149332342e-7
8638 4.061806149332342e-7
8639 4.067429786614442e-7
8640 4.067429786614442e-7
8641 4.067429786614442e-7
8642 4.067429786614442e-7
8643 4.067429786614442e-7
8644 4.067429786614442e-7
8645 4.067429786614442e-7
8646 4.067429786614442e-7
8647 4.067429786614442e-7
8648 4.067429786614442e-7
8649 4.067429786614442e-7
8650 4.067429786614442e-7
8651 4.067429786614442e-7
8652 4.067429786614442e-7
8653 4.067429786614442e-7
8654 4.067429786614442e-7
8655 4.067429786614442e-7
8656 4.067429786614442e-7
8657 4.067429786614442e-7
8658 4.067429786614442e-7
8659 4.067429786614442e-7
8660 4.067429786614442e-7
8661 4.067429786614442e-7
8662 4.067429786614442e-7
8663 4.067429786614442e-7
8664 4.067429786614442e-7
8665 4.067429786614442e-7
8666 4.067429786614442e-7
8667 4.067429786614442e-7
8668 4.067429786614442e-7
8669 4.074799796667715e-7
8670 4.074799796667715e-7
8671 4.0802471935426236e-7
8672 4.0802471935426236e-7
8673 4.0802471935426236e-7
8674 4.0802471935426236e-7
8675 4.0802471935426236e-7
8676 4.0802471935426236e-7
8677 4.0814968954700604e-7
8678 4.0814968954700604e-7
8679 4.0814968954700604e-7
8680 4.0814968954700604e-7
8681 4.0814968954700604e-7
8682 4.0814968954700604e-7
8683 4.0814968954700604e-7
8684 4.0814968954700604e-7
8685 4.0814968954700604e-7
8686 4.0814968954700604e-7
8687 4.0814968954700604e-7
8688 4.0814968954700604e-7
8689 4.0814968954700604e-7
8690 4.0814968954700604e-7
8691 4.0814968954700604e-7
8692 4.0814968954700604e-7
8693 4.084973621935306e-7
8694 4.084973621935306e-7
8695 4.084973621935306e-7
8696 4.084973621935306e-7
8697 4.084973621935306e-7
8698 4.087200646473115e-7
8699 4.087200646473115e-7
8700 4.087200646473115e-7
8701 4.087200646473115e-7
8702 4.087200646473115e-7
8703 4.087200646473115e-7
8704 4.087200646473115e-7
8705 4.087200646473115e-7
8706 4.087200646473115e-7
8707 4.087200646473115e-7
8708 4.087200646473115e-7
8709 4.087200646473115e-7
8710 4.087200646473115e-7
8711 4.087200646473115e-7
8712 4.087200646473115e-7
8713 4.087200646473115e-7
8714 4.087200646473115e-7
8715 4.087200646473115e-7
8716 4.087200646473115e-7
8717 4.087200646473115e-7
8718 4.087200646473115e-7
8719 4.087200646473115e-7
8720 4.087200646473115e-7
8721 4.087200646473115e-7
8722 4.087200646473115e-7
8723 4.087200646473115e-7
8724 4.087200646473115e-7
8725 4.087200646473115e-7
8726 4.087200646473115e-7
8727 4.087200646473115e-7
8728 4.087200646473115e-7
8729 4.087200646473115e-7
8730 4.087200646473115e-7
8731 4.087200646473115e-7
8732 4.087200646473115e-7
8733 4.087200646473115e-7
8734 4.087200646473115e-7
8735 4.087200646473115e-7
8736 4.0913502841892877e-7
8737 4.0913502841892877e-7
8738 4.0913502841892877e-7
8739 4.0959325103289785e-7
8740 4.0959325103289785e-7
8741 4.0959325103289785e-7
8742 4.0959325103289785e-7
8743 4.0959325103289785e-7
8744 4.0959325103289785e-7
8745 4.0959325103289785e-7
8746 4.0959325103289785e-7
8747 4.0959325103289785e-7
8748 4.0959325103289785e-7
8749 4.0959325103289785e-7
8750 4.0959325103289785e-7
8751 4.0959325103289785e-7
8752 4.0959325103289785e-7
8753 4.0959325103289785e-7
8754 4.0959325103289785e-7
8755 4.0959325103289785e-7
8756 4.0959325103289785e-7
8757 4.0959325103289785e-7
8758 4.0959325103289785e-7
8759 4.0959325103289785e-7
8760 4.0959325103289785e-7
8761 4.1026456282084237e-7
8762 4.1026456282084237e-7
8763 4.1026456282084237e-7
8764 4.1026456282084237e-7
8765 4.1045682352749686e-7
8766 4.1045682352749686e-7
8767 4.1045682352749686e-7
8768 4.1045682352749686e-7
8769 4.1045682352749686e-7
8770 4.1045682352749686e-7
8771 4.1045682352749686e-7
8772 4.1045682352749686e-7
8773 4.11193825144006e-7
8774 4.11193825144006e-7
8775 4.11193825144006e-7
8776 4.11193825144006e-7
8777 4.11193825144006e-7
8778 4.11193825144006e-7
8779 4.11193825144006e-7
8780 4.11193825144006e-7
8781 4.11193825144006e-7
8782 4.11193825144006e-7
8783 4.11193825144006e-7
8784 4.11193825144006e-7
8785 4.11193825144006e-7
8786 4.11193825144006e-7
8787 4.11193825144006e-7
8788 4.11193825144006e-7
8789 4.1179784580685784e-7
8790 4.1179784580685784e-7
8791 4.1179784580685784e-7
8792 4.1219678805664786e-7
8793 4.1219678805664786e-7
8794 4.1219678805664786e-7
8795 4.1219678805664786e-7
8796 4.1219678805664786e-7
8797 4.1219678805664786e-7
8798 4.1219678805664786e-7
8799 4.1219678805664786e-7
8800 4.1219678805664786e-7
8801 4.1219678805664786e-7
8802 4.1219678805664786e-7
8803 4.1219678805664786e-7
8804 4.1219678805664786e-7
8805 4.1219678805664786e-7
8806 4.1219678805664786e-7
8807 4.1219678805664786e-7
8808 4.1219678805664786e-7
8809 4.1219678805664786e-7
8810 4.1219678805664786e-7
8811 4.1219678805664786e-7
8812 4.1219678805664786e-7
8813 4.1219678805664786e-7
8814 4.1219678805664786e-7
8815 4.1219678805664786e-7
8816 4.1219678805664786e-7
8817 4.1219678805664786e-7
8818 4.1219678805664786e-7
8819 4.1219678805664786e-7
8820 4.1219678805664786e-7
8821 4.1219678805664786e-7
8822 4.1219678805664786e-7
8823 4.1219678805664786e-7
8824 4.1219678805664786e-7
8825 4.1219678805664786e-7
8826 4.1219678805664786e-7
8827 4.1219678805664786e-7
8828 4.1219678805664786e-7
8829 4.1219678805664786e-7
8830 4.1219678805664786e-7
8831 4.1219678805664786e-7
8832 4.1219678805664786e-7
8833 4.1219678805664786e-7
8834 4.1247396515147794e-7
8835 4.1247396515147794e-7
8836 4.1247396515147794e-7
8837 4.1247396515147794e-7
8838 4.1247396515147794e-7
8839 4.1247396515147794e-7
8840 4.1247396515147794e-7
8841 4.1247396515147794e-7
8842 4.1247396515147794e-7
8843 4.1247396515147794e-7
8844 4.1247396515147794e-7
8845 4.1247396515147794e-7
8846 4.1247396515147794e-7
8847 4.1247396515147794e-7
8848 4.1247396515147794e-7
8849 4.1247396515147794e-7
8850 4.1247396515147794e-7
8851 4.1247396515147794e-7
8852 4.1247396515147794e-7
8853 4.1247396515147794e-7
8854 4.1247396515147794e-7
8855 4.1247396515147794e-7
8856 4.1247396515147794e-7
8857 4.1247396515147794e-7
8858 4.1247396515147794e-7
8859 4.1247396515147794e-7
8860 4.1247396515147794e-7
8861 4.1247396515147794e-7
8862 4.1247396515147794e-7
8863 4.1247396515147794e-7
8864 4.1247396515147794e-7
8865 4.1247396515147794e-7
8866 4.1247396515147794e-7
8867 4.1247396515147794e-7
8868 4.1247396515147794e-7
8869 4.1247396515147794e-7
8870 4.1247396515147794e-7
8871 4.1247396515147794e-7
8872 4.1247396515147794e-7
8873 4.1247396515147794e-7
8874 4.1247396515147794e-7
8875 4.1247396515147794e-7
8876 4.1247396515147794e-7
8877 4.1247396515147794e-7
8878 4.1247396515147794e-7
8879 4.1247396515147794e-7
8880 4.1247396515147794e-7
8881 4.1247396515147794e-7
8882 4.1247396515147794e-7
8883 4.1247396515147794e-7
8884 4.1247396515147794e-7
8885 4.1247396515147794e-7
8886 4.1247396515147794e-7
8887 4.1247396515147794e-7
8888 4.1247396515147794e-7
8889 4.1247396515147794e-7
8890 4.1247396515147794e-7
8891 4.128328535966999e-7
8892 4.128328535966999e-7
8893 4.128328535966999e-7
8894 4.128328535966999e-7
8895 4.128328535966999e-7
8896 4.128328535966999e-7
8897 4.128328535966999e-7
8898 4.128328535966999e-7
8899 4.128328535966999e-7
8900 4.128328535966999e-7
8901 4.128328535966999e-7
8902 4.128328535966999e-7
8903 4.128328535966999e-7
8904 4.128328535966999e-7
8905 4.128328535966999e-7
8906 4.128328535966999e-7
8907 4.128328535966999e-7
8908 4.128328535966999e-7
8909 4.128328535966999e-7
8910 4.128328535966999e-7
8911 4.128328535966999e-7
8912 4.128328535966999e-7
8913 4.128328535966999e-7
8914 4.128328535966999e-7
8915 4.1330549582478627e-7
8916 4.1330549582478627e-7
8917 4.1330549582478627e-7
8918 4.1330549582478627e-7
8919 4.1330549582478627e-7
8920 4.1330549582478627e-7
8921 4.1330549582478627e-7
8922 4.1330549582478627e-7
8923 4.1330549582478627e-7
8924 4.1330549582478627e-7
8925 4.1330549582478627e-7
8926 4.1330549582478627e-7
8927 4.1330549582478627e-7
8928 4.1330549582478627e-7
8929 4.1330549582478627e-7
8930 4.1330549582478627e-7
8931 4.1330549582478627e-7
8932 4.1330549582478627e-7
8933 4.143453087265763e-7
8934 4.143453087265763e-7
8935 4.143453087265763e-7
8936 4.143453087265763e-7
8937 4.143453087265763e-7
8938 4.143453087265763e-7
8939 4.143453087265763e-7
8940 4.143453087265763e-7
8941 4.143453087265763e-7
8942 4.143453087265763e-7
8943 4.143453087265763e-7
8944 4.143453087265763e-7
8945 4.143453087265763e-7
8946 4.143453087265763e-7
8947 4.143453087265763e-7
8948 4.143453087265763e-7
8949 4.143453087265763e-7
8950 4.143453087265763e-7
8951 4.143453087265763e-7
8952 4.143453087265763e-7
8953 4.143453087265763e-7
8954 4.143453087265763e-7
8955 4.143453087265763e-7
8956 4.143453087265763e-7
8957 4.143453087265763e-7
8958 4.143453087265763e-7
8959 4.143453087265763e-7
8960 4.143453087265763e-7
8961 4.143453087265763e-7
8962 4.143453087265763e-7
8963 4.143453087265763e-7
8964 4.143453087265763e-7
8965 4.143453087265763e-7
8966 4.143453087265763e-7
8967 4.143453087265763e-7
8968 4.143453087265763e-7
8969 4.143453087265763e-7
8970 4.143453087265763e-7
8971 4.143453087265763e-7
8972 4.143453087265763e-7
8973 4.143453087265763e-7
8974 4.1457121560695903e-7
8975 4.1457121560695903e-7
8976 4.1457121560695903e-7
8977 4.1457121560695903e-7
8978 4.1457121560695903e-7
8979 4.1457121560695903e-7
8980 4.1457121560695903e-7
8981 4.1457121560695903e-7
8982 4.1457121560695903e-7
8983 4.1457121560695903e-7
8984 4.1457121560695903e-7
8985 4.1457121560695903e-7
8986 4.1457121560695903e-7
8987 4.1457121560695903e-7
8988 4.1457121560695903e-7
8989 4.1457121560695903e-7
8990 4.1457121560695903e-7
8991 4.1457121560695903e-7
8992 4.1457121560695903e-7
8993 4.1457121560695903e-7
8994 4.1457121560695903e-7
8995 4.1457121560695903e-7
8996 4.1457121560695903e-7
8997 4.1457121560695903e-7
8998 4.148179503434808e-7
8999 4.148179503434808e-7
9000 4.148179503434808e-7
9001 4.148179503434808e-7
9002 4.148179503434808e-7
9003 4.148179503434808e-7
9004 4.148179503434808e-7
9005 4.148179503434808e-7
9006 4.148179503434808e-7
9007 4.148179503434808e-7
9008 4.148179503434808e-7
9009 4.148179503434808e-7
9010 4.148179503434808e-7
9011 4.148179503434808e-7
9012 4.148179503434808e-7
9013 4.148179503434808e-7
9014 4.148179503434808e-7
9015 4.148179503434808e-7
9016 4.151848489384344e-7
9017 4.151848489384344e-7
9018 4.154796494628017e-7
9019 4.154796494628017e-7
9020 4.154796494628017e-7
9021 4.154796494628017e-7
9022 4.154796494628017e-7
9023 4.154796494628017e-7
9024 4.154796494628017e-7
9025 4.154796494628017e-7
9026 4.154796494628017e-7
9027 4.154796494628017e-7
9028 4.154796494628017e-7
9029 4.154796494628017e-7
9030 4.154796494628017e-7
9031 4.154796494628017e-7
9032 4.154796494628017e-7
9033 4.154796494628017e-7
9034 4.154796494628017e-7
9035 4.16415320639169e-7
9036 4.16415320639169e-7
9037 4.16415320639169e-7
9038 4.16415320639169e-7
9039 4.16415320639169e-7
9040 4.16415320639169e-7
9041 4.16415320639169e-7
9042 4.16415320639169e-7
9043 4.16415320639169e-7
9044 4.16415320639169e-7
9045 4.16415320639169e-7
9046 4.16415320639169e-7
9047 4.16415320639169e-7
9048 4.16415320639169e-7
9049 4.16415320639169e-7
9050 4.16415320639169e-7
9051 4.16415320639169e-7
9052 4.16415320639169e-7
9053 4.16415320639169e-7
9054 4.16415320639169e-7
9055 4.16415320639169e-7
9056 4.16415320639169e-7
9057 4.16415320639169e-7
9058 4.16415320639169e-7
9059 4.16415320639169e-7
9060 4.16415320639169e-7
9061 4.16415320639169e-7
9062 4.16415320639169e-7
9063 4.166828838430117e-7
9064 4.166828838430117e-7
9065 4.1694564193490637e-7
9066 4.1694564193490637e-7
9067 4.1694564193490637e-7
9068 4.1694564193490637e-7
9069 4.171843665216964e-7
9070 4.171843665216964e-7
9071 4.171843665216964e-7
9072 4.171843665216964e-7
9073 4.171843665216964e-7
9074 4.171843665216964e-7
9075 4.171843665216964e-7
9076 4.171843665216964e-7
9077 4.171843665216964e-7
9078 4.171843665216964e-7
9079 4.171843665216964e-7
9080 4.171843665216964e-7
9081 4.171843665216964e-7
9082 4.171843665216964e-7
9083 4.171843665216964e-7
9084 4.171843665216964e-7
9085 4.171843665216964e-7
9086 4.171843665216964e-7
9087 4.171843665216964e-7
9088 4.171843665216964e-7
9089 4.171843665216964e-7
9090 4.171843665216964e-7
9091 4.171843665216964e-7
9092 4.171843665216964e-7
9093 4.171843665216964e-7
9094 4.171843665216964e-7
9095 4.1759131953240006e-7
9096 4.1759131953240006e-7
9097 4.1759131953240006e-7
9098 4.1759131953240006e-7
9099 4.1759131953240006e-7
9100 4.1759131953240006e-7
9101 4.1759131953240006e-7
9102 4.1759131953240006e-7
9103 4.1759131953240006e-7
9104 4.1759131953240006e-7
9105 4.1759131953240006e-7
9106 4.1759131953240006e-7
9107 4.1759131953240006e-7
9108 4.1759131953240006e-7
9109 4.1759131953240006e-7
9110 4.1759131953240006e-7
9111 4.1759131953240006e-7
9112 4.1759131953240006e-7
9113 4.1759131953240006e-7
9114 4.1759131953240006e-7
9115 4.1759131953240006e-7
9116 4.1759131953240006e-7
9117 4.1759131953240006e-7
9118 4.1759131953240006e-7
9119 4.1759131953240006e-7
9120 4.1759131953240006e-7
9121 4.1759131953240006e-7
9122 4.1759131953240006e-7
9123 4.1759131953240006e-7
9124 4.1759131953240006e-7
9125 4.1759131953240006e-7
9126 4.1759131953240006e-7
9127 4.1759131953240006e-7
9128 4.1759131953240006e-7
9129 4.1759131953240006e-7
9130 4.1759131953240006e-7
9131 4.1759131953240006e-7
9132 4.1889068487711914e-7
9133 4.1889068487711914e-7
9134 4.1889068487711914e-7
9135 4.1889068487711914e-7
9136 4.1889068487711914e-7
9137 4.1889068487711914e-7
9138 4.1889068487711914e-7
9139 4.1889068487711914e-7
9140 4.2022369639556645e-7
9141 4.2022369639556645e-7
9142 4.2022369639556645e-7
9143 4.2022369639556645e-7
9144 4.2022369639556645e-7
9145 4.2022369639556645e-7
9146 4.205457342404583e-7
9147 4.205457342404583e-7
9148 4.205457342404583e-7
9149 4.205457342404583e-7
9150 4.205457342404583e-7
9151 4.205457342404583e-7
9152 4.205457342404583e-7
9153 4.205457342404583e-7
9154 4.205457342404583e-7
9155 4.205457342404583e-7
9156 4.205457342404583e-7
9157 4.205457342404583e-7
9158 4.205457342404583e-7
9159 4.213147789006219e-7
9160 4.213147789006219e-7
9161 4.213147789006219e-7
9162 4.213147789006219e-7
9163 4.213147789006219e-7
9164 4.213147789006219e-7
9165 4.213147789006219e-7
9166 4.213147789006219e-7
9167 4.213147789006219e-7
9168 4.213147789006219e-7
9169 4.213147789006219e-7
9170 4.218130565415229e-7
9171 4.218130565415229e-7
9172 4.218130565415229e-7
9173 4.2219757856601374e-7
9174 4.2219757856601374e-7
9175 4.2219757856601374e-7
9176 4.2253884174815276e-7
9177 4.2253884174815276e-7
9178 4.2253884174815276e-7
9179 4.2253884174815276e-7
9180 4.2253884174815276e-7
9181 4.2253884174815276e-7
9182 4.2253884174815276e-7
9183 4.2253884174815276e-7
9184 4.2253884174815276e-7
9185 4.2253884174815276e-7
9186 4.2253884174815276e-7
9187 4.2253884174815276e-7
9188 4.2253884174815276e-7
9189 4.2253884174815276e-7
9190 4.2253884174815276e-7
9191 4.2253884174815276e-7
9192 4.2253884174815276e-7
9193 4.23854229225881e-7
9194 4.23854229225881e-7
9195 4.23854229225881e-7
9196 4.23854229225881e-7
9197 4.23854229225881e-7
9198 4.23854229225881e-7
9199 4.23854229225881e-7
9200 4.23854229225881e-7
9201 4.23854229225881e-7
9202 4.23854229225881e-7
9203 4.23854229225881e-7
9204 4.23854229225881e-7
9205 4.23854229225881e-7
9206 4.23854229225881e-7
9207 4.23854229225881e-7
9208 4.23854229225881e-7
9209 4.23854229225881e-7
9210 4.23854229225881e-7
9211 4.23854229225881e-7
9212 4.23854229225881e-7
9213 4.23854229225881e-7
9214 4.23854229225881e-7
9215 4.23854229225881e-7
9216 4.242659885708964e-7
9217 4.242659885708964e-7
9218 4.242659885708964e-7
9219 4.2470178019865277e-7
9220 4.2470178019865277e-7
9221 4.2470178019865277e-7
9222 4.2470178019865277e-7
9223 4.2470178019865277e-7
9224 4.2470178019865277e-7
9225 4.2470178019865277e-7
9226 4.2496774088360363e-7
9227 4.2496774088360363e-7
9228 4.2496774088360363e-7
9229 4.2496774088360363e-7
9230 4.2496774088360363e-7
9231 4.2496774088360363e-7
9232 4.2496774088360363e-7
9233 4.2496774088360363e-7
9234 4.2496774088360363e-7
9235 4.2496774088360363e-7
9236 4.2519685219058817e-7
9237 4.2519685219058817e-7
9238 4.2519685219058817e-7
9239 4.2519685219058817e-7
9240 4.2519685219058817e-7
9241 4.2519685219058817e-7
9242 4.2519685219058817e-7
9243 4.2519685219058817e-7
9244 4.2519685219058817e-7
9245 4.2519685219058817e-7
9246 4.2519685219058817e-7
9247 4.2519685219058817e-7
9248 4.2519685219058817e-7
9249 4.2519685219058817e-7
9250 4.2519685219058817e-7
9251 4.2519685219058817e-7
9252 4.2519685219058817e-7
9253 4.2519685219058817e-7
9254 4.2519685219058817e-7
9255 4.2519685219058817e-7
9256 4.2519685219058817e-7
9257 4.2519685219058817e-7
9258 4.2519685219058817e-7
9259 4.2519685219058817e-7
9260 4.2519685219058817e-7
9261 4.2519685219058817e-7
9262 4.2519685219058817e-7
9263 4.2519685219058817e-7
9264 4.2519685219058817e-7
9265 4.2519685219058817e-7
9266 4.2519685219058817e-7
9267 4.2550927675567454e-7
9268 4.2550927675567454e-7
9269 4.2550927675567454e-7
9270 4.2550927675567454e-7
9271 4.2550927675567454e-7
9272 4.2550927675567454e-7
9273 4.2550927675567454e-7
9274 4.2582009880186907e-7
9275 4.2582009880186907e-7
9276 4.2582009880186907e-7
9277 4.2582009880186907e-7
9278 4.2582009880186907e-7
9279 4.2582009880186907e-7
9280 4.2582009880186907e-7
9281 4.2582009880186907e-7
9282 4.2582009880186907e-7
9283 4.2582009880186907e-7
9284 4.2582009880186907e-7
9285 4.2651223905713454e-7
9286 4.2651223905713454e-7
9287 4.2651223905713454e-7
9288 4.2651223905713454e-7
9289 4.2651223905713454e-7
9290 4.2651223905713454e-7
9291 4.2651223905713454e-7
9292 4.2651223905713454e-7
9293 4.2651223905713454e-7
9294 4.2651223905713454e-7
9295 4.2651223905713454e-7
9296 4.2651223905713454e-7
9297 4.2651223905713454e-7
9298 4.2651223905713454e-7
9299 4.2651223905713454e-7
9300 4.2651223905713454e-7
9301 4.2651223905713454e-7
9302 4.2651223905713454e-7
9303 4.2651223905713454e-7
9304 4.2651223905713454e-7
9305 4.2651223905713454e-7
9306 4.2651223905713454e-7
9307 4.2651223905713454e-7
9308 4.2651223905713454e-7
9309 4.2651223905713454e-7
9310 4.2651223905713454e-7
9311 4.2651223905713454e-7
9312 4.2651223905713454e-7
9313 4.2651223905713454e-7
9314 4.2651223905713454e-7
9315 4.2651223905713454e-7
9316 4.2651223905713454e-7
9317 4.2651223905713454e-7
9318 4.2651223905713454e-7
9319 4.2651223905713454e-7
9320 4.2651223905713454e-7
9321 4.2651223905713454e-7
9322 4.2651223905713454e-7
9323 4.2651223905713454e-7
9324 4.2651223905713454e-7
9325 4.2651223905713454e-7
9326 4.2651223905713454e-7
9327 4.2651223905713454e-7
9328 4.2651223905713454e-7
9329 4.2651223905713454e-7
9330 4.2651223905713454e-7
9331 4.2651223905713454e-7
9332 4.2651223905713454e-7
9333 4.2651223905713454e-7
9334 4.2651223905713454e-7
9335 4.2651223905713454e-7
9336 4.2651223905713454e-7
9337 4.2651223905713454e-7
9338 4.2651223905713454e-7
9339 4.2651223905713454e-7
9340 4.2651223905713454e-7
9341 4.2651223905713454e-7
9342 4.2651223905713454e-7
9343 4.2651223905713454e-7
9344 4.2651223905713454e-7
9345 4.2651223905713454e-7
9346 4.2651223905713454e-7
9347 4.2651223905713454e-7
9348 4.2651223905713454e-7
9349 4.2651223905713454e-7
9350 4.2651223905713454e-7
9351 4.2651223905713454e-7
9352 4.2651223905713454e-7
9353 4.2651223905713454e-7
9354 4.2651223905713454e-7
9355 4.2651223905713454e-7
9356 4.2651223905713454e-7
9357 4.2651223905713454e-7
9358 4.2651223905713454e-7
9359 4.2651223905713454e-7
9360 4.2651223905713454e-7
9361 4.2651223905713454e-7
9362 4.2651223905713454e-7
9363 4.2651223905713454e-7
9364 4.2651223905713454e-7
9365 4.2651223905713454e-7
9366 4.2651223905713454e-7
9367 4.2651223905713454e-7
9368 4.2651223905713454e-7
9369 4.2651223905713454e-7
9370 4.2651223905713454e-7
9371 4.2651223905713454e-7
9372 4.2651223905713454e-7
9373 4.2651223905713454e-7
9374 4.2651223905713454e-7
9375 4.2651223905713454e-7
9376 4.2651223905713454e-7
9377 4.2651223905713454e-7
9378 4.2651223905713454e-7
9379 4.2651223905713454e-7
9380 4.2651223905713454e-7
9381 4.2739183429592457e-7
9382 4.2739183429592457e-7
9383 4.2739183429592457e-7
9384 4.2739183429592457e-7
9385 4.2739183429592457e-7
9386 4.2739183429592457e-7
9387 4.2739183429592457e-7
9388 4.2760973102657553e-7
9389 4.2760973102657553e-7
9390 4.2760973102657553e-7
9391 4.2760973102657553e-7
9392 4.2760973102657553e-7
9393 4.2760973102657553e-7
9394 4.2760973102657553e-7
9395 4.2760973102657553e-7
9396 4.2760973102657553e-7
9397 4.2760973102657553e-7
9398 4.2760973102657553e-7
9399 4.2760973102657553e-7
9400 4.2760973102657553e-7
9401 4.2760973102657553e-7
9402 4.2760973102657553e-7
9403 4.2760973102657553e-7
9404 4.2760973102657553e-7
9405 4.2760973102657553e-7
9406 4.280375125046001e-7
9407 4.280375125046001e-7
9408 4.280375125046001e-7
9409 4.280375125046001e-7
9410 4.280375125046001e-7
9411 4.280375125046001e-7
9412 4.280375125046001e-7
9413 4.280375125046001e-7
9414 4.280375125046001e-7
9415 4.280375125046001e-7
9416 4.280375125046001e-7
9417 4.280375125046001e-7
9418 4.280375125046001e-7
9419 4.280375125046001e-7
9420 4.280375125046001e-7
9421 4.280375125046001e-7
9422 4.280375125046001e-7
9423 4.280375125046001e-7
9424 4.280375125046001e-7
9425 4.280375125046001e-7
9426 4.280375125046001e-7
9427 4.280375125046001e-7
9428 4.280375125046001e-7
9429 4.280375125046001e-7
9430 4.280375125046001e-7
9431 4.280375125046001e-7
9432 4.280375125046001e-7
9433 4.280375125046001e-7
9434 4.280375125046001e-7
9435 4.280375125046001e-7
9436 4.280375125046001e-7
9437 4.280375125046001e-7
9438 4.280375125046001e-7
9439 4.2906610899651095e-7
9440 4.2906610899651095e-7
9441 4.2906610899651095e-7
9442 4.2934168357244913e-7
9443 4.2934168357244913e-7
9444 4.2934168357244913e-7
9445 4.2934168357244913e-7
9446 4.2934168357244913e-7
9447 4.2934168357244913e-7
9448 4.2934168357244913e-7
9449 4.2934168357244913e-7
9450 4.2934168357244913e-7
9451 4.2948267528702005e-7
9452 4.2948267528702005e-7
9453 4.2948267528702005e-7
9454 4.29942500419881e-7
9455 4.29942500419881e-7
9456 4.29942500419881e-7
9457 4.29942500419881e-7
9458 4.29942500419881e-7
9459 4.29942500419881e-7
9460 4.29942500419881e-7
9461 4.29942500419881e-7
9462 4.29942500419881e-7
9463 4.3079005200383466e-7
9464 4.3079005200383466e-7
9465 4.3079005200383466e-7
9466 4.3079005200383466e-7
9467 4.3079005200383466e-7
9468 4.3079005200383466e-7
9469 4.3079005200383466e-7
9470 4.3079005200383466e-7
9471 4.3079005200383466e-7
9472 4.3079005200383466e-7
9473 4.3079005200383466e-7
9474 4.3079005200383466e-7
9475 4.3128993155244564e-7
9476 4.3128993155244564e-7
9477 4.3128993155244564e-7
9478 4.3128993155244564e-7
9479 4.3128993155244564e-7
9480 4.3128993155244564e-7
9481 4.3128993155244564e-7
9482 4.3128993155244564e-7
9483 4.3128993155244564e-7
9484 4.3128993155244564e-7
9485 4.3128993155244564e-7
9486 4.3128993155244564e-7
9487 4.3128993155244564e-7
9488 4.3128993155244564e-7
9489 4.3128993155244564e-7
9490 4.3128993155244564e-7
9491 4.3128993155244564e-7
9492 4.3128993155244564e-7
9493 4.318795326011802e-7
9494 4.318795326011802e-7
9495 4.3217753694096737e-7
9496 4.3217753694096737e-7
9497 4.3217753694096737e-7
9498 4.3271586838643646e-7
9499 4.3271586838643646e-7
9500 4.330955840766155e-7
9501 4.330955840766155e-7
9502 4.330955840766155e-7
9503 4.330955840766155e-7
9504 4.330955840766155e-7
9505 4.330955840766155e-7
9506 4.330955840766155e-7
9507 4.330955840766155e-7
9508 4.330955840766155e-7
9509 4.330955840766155e-7
9510 4.3371722878018643e-7
9511 4.3371722878018643e-7
9512 4.3371722878018643e-7
9513 4.3371722878018643e-7
9514 4.3371722878018643e-7
9515 4.3371722878018643e-7
9516 4.3371722878018643e-7
9517 4.3371722878018643e-7
9518 4.3371722878018643e-7
9519 4.3371722878018643e-7
9520 4.3371722878018643e-7
9521 4.3371722878018643e-7
9522 4.3371722878018643e-7
9523 4.3371722878018643e-7
9524 4.3371722878018643e-7
9525 4.3371722878018643e-7
9526 4.3371722878018643e-7
9527 4.343773259917974e-7
9528 4.343773259917974e-7
9529 4.343773259917974e-7
9530 4.343773259917974e-7
9531 4.343773259917974e-7
9532 4.343773259917974e-7
9533 4.343773259917974e-7
9534 4.343773259917974e-7
9535 4.343773259917974e-7
9536 4.343773259917974e-7
9537 4.343773259917974e-7
9538 4.343773259917974e-7
9539 4.343773259917974e-7
9540 4.343773259917974e-7
9541 4.343773259917974e-7
9542 4.343773259917974e-7
9543 4.343773259917974e-7
9544 4.343773259917974e-7
9545 4.343773259917974e-7
9546 4.343773259917974e-7
9547 4.343773259917974e-7
9548 4.343773259917974e-7
9549 4.343773259917974e-7
9550 4.343773259917974e-7
9551 4.343773259917974e-7
9552 4.343773259917974e-7
9553 4.346432872879301e-7
9554 4.346432872879301e-7
9555 4.346432872879301e-7
9556 4.346432872879301e-7
9557 4.346432872879301e-7
9558 4.3473781573354737e-7
9559 4.3473781573354737e-7
9560 4.3473781573354737e-7
9561 4.3473781573354737e-7
9562 4.3473781573354737e-7
9563 4.3473781573354737e-7
9564 4.3473781573354737e-7
9565 4.3473781573354737e-7
9566 4.3473781573354737e-7
9567 4.3473781573354737e-7
9568 4.3473781573354737e-7
9569 4.3473781573354737e-7
9570 4.3473781573354737e-7
9571 4.3473781573354737e-7
9572 4.3473781573354737e-7
9573 4.3473781573354737e-7
9574 4.3473781573354737e-7
9575 4.3505825105954736e-7
9576 4.3505825105954736e-7
9577 4.3505825105954736e-7
9578 4.3505825105954736e-7
9579 4.3505825105954736e-7
9580 4.3505825105954736e-7
9581 4.3505825105954736e-7
9582 4.3505825105954736e-7
9583 4.3505825105954736e-7
9584 4.3541874080129735e-7
9585 4.3541874080129735e-7
9586 4.3541874080129735e-7
9587 4.3541874080129735e-7
9588 4.3541874080129735e-7
9589 4.3541874080129735e-7
9590 4.3541874080129735e-7
9591 4.3541874080129735e-7
9592 4.3541874080129735e-7
9593 4.3541874080129735e-7
9594 4.3541874080129735e-7
9595 4.3541874080129735e-7
9596 4.3541874080129735e-7
9597 4.3541874080129735e-7
9598 4.3541874080129735e-7
9599 4.3541874080129735e-7
9600 4.355773565565874e-7
9601 4.355773565565874e-7
9602 4.355773565565874e-7
9603 4.355773565565874e-7
9604 4.355773565565874e-7
9605 4.355773565565874e-7
9606 4.355773565565874e-7
9607 4.359138134044146e-7
9608 4.359138134044146e-7
9609 4.359138134044146e-7
9610 4.359138134044146e-7
9611 4.359138134044146e-7
9612 4.359138134044146e-7
9613 4.3629352909459366e-7
9614 4.3629352909459366e-7
9615 4.3652424292047004e-7
9616 4.3652424292047004e-7
9617 4.3672451499922007e-7
9618 4.3672451499922007e-7
9619 4.385413827109055e-7
9620 4.3990803856953543e-7
9621 4.3990803856953543e-7
9622 4.3990803856953543e-7
9623 4.3990803856953543e-7
9624 4.3990803856953543e-7
9625 4.4011311698259725e-7
9626 4.4011311698259725e-7
9627 4.4011311698259725e-7
9628 4.4011311698259725e-7
9629 4.4011311698259725e-7
9630 4.407571920611991e-7
9631 4.407571920611991e-7
9632 4.407571920611991e-7
9633 4.407571920611991e-7
9634 4.407571920611991e-7
9635 4.412554697021001e-7
9636 4.412554697021001e-7
9637 4.412554697021001e-7
9638 4.412554697021001e-7
9639 4.4278715139158746e-7
9640 4.4278715139158746e-7
9641 4.4278715139158746e-7
9642 4.4336553725280655e-7
9643 4.4336553725280655e-7
9644 4.4336553725280655e-7
9645 4.4336553725280655e-7
9646 4.4336553725280655e-7
9647 4.4336553725280655e-7
9648 4.4336553725280655e-7
9649 4.4336553725280655e-7
9650 4.4336553725280655e-7
9651 4.4336553725280655e-7
9652 4.4336553725280655e-7
9653 4.4336553725280655e-7
9654 4.4336553725280655e-7
9655 4.4336553725280655e-7
9656 4.4336553725280655e-7
9657 4.4336553725280655e-7
9658 4.4336553725280655e-7
9659 4.4336553725280655e-7
9660 4.4336553725280655e-7
9661 4.4336553725280655e-7
9662 4.4336553725280655e-7
9663 4.4336553725280655e-7
9664 4.4336553725280655e-7
9665 4.4336553725280655e-7
9666 4.4336553725280655e-7
9667 4.4336553725280655e-7
9668 4.437212200490629e-7
9669 4.437212200490629e-7
9670 4.437212200490629e-7
9671 4.440080104236984e-7
9672 4.440080104236984e-7
9673 4.440080104236984e-7
9674 4.440080104236984e-7
9675 4.440080104236984e-7
9676 4.440080104236984e-7
9677 4.440080104236984e-7
9678 4.440080104236984e-7
9679 4.440080104236984e-7
9680 4.440080104236984e-7
9681 4.440080104236984e-7
9682 4.440080104236984e-7
9683 4.440080104236984e-7
9684 4.440080104236984e-7
9685 4.440080104236984e-7
9686 4.442259071543494e-7
9687 4.442259071543494e-7
9688 4.442259071543494e-7
9689 4.445655696511422e-7
9690 4.445655696511422e-7
9691 4.448155094254477e-7
9692 4.448155094254477e-7
9693 4.448155094254477e-7
9694 4.448155094254477e-7
9695 4.448155094254477e-7
9696 4.452464953300741e-7
9697 4.452464953300741e-7
9698 4.452464953300741e-7
9699 4.452464953300741e-7
9700 4.452464953300741e-7
9701 4.452464953300741e-7
9702 4.452464953300741e-7
9703 4.452464953300741e-7
9704 4.452464953300741e-7
9705 4.452464953300741e-7
9706 4.4528815226471596e-7
9707 4.4528815226471596e-7
9708 4.4528815226471596e-7
9709 4.4528815226471596e-7
9710 4.4528815226471596e-7
9711 4.4528815226471596e-7
9712 4.4528815226471596e-7
9713 4.4528815226471596e-7
9714 4.4528815226471596e-7
9715 4.4528815226471596e-7
9716 4.4528815226471596e-7
9717 4.4528815226471596e-7
9718 4.4528815226471596e-7
9719 4.4528815226471596e-7
9720 4.4528815226471596e-7
9721 4.4528815226471596e-7
9722 4.4528815226471596e-7
9723 4.4528815226471596e-7
9724 4.4528815226471596e-7
9725 4.4528815226471596e-7
9726 4.4528815226471596e-7
9727 4.4528815226471596e-7
9728 4.457175356504505e-7
9729 4.457175356504505e-7
9730 4.457175356504505e-7
9731 4.457175356504505e-7
9732 4.457175356504505e-7
9733 4.457175356504505e-7
9734 4.457175356504505e-7
9735 4.457175356504505e-7
9736 4.457175356504505e-7
9737 4.457175356504505e-7
9738 4.457175356504505e-7
9739 4.457175356504505e-7
9740 4.457175356504505e-7
9741 4.457175356504505e-7
9742 4.457175356504505e-7
9743 4.457175356504505e-7
9744 4.457175356504505e-7
9745 4.457175356504505e-7
9746 4.457175356504505e-7
9747 4.459610665715524e-7
9748 4.459610665715524e-7
9749 4.4645613917466964e-7
9750 4.47268443288367e-7
9751 4.47268443288367e-7
9752 4.47268443288367e-7
9753 4.47268443288367e-7
9754 4.47268443288367e-7
9755 4.47268443288367e-7
9756 4.47268443288367e-7
9757 4.47268443288367e-7
9758 4.47268443288367e-7
9759 4.47268443288367e-7
9760 4.47268443288367e-7
9761 4.478836785275524e-7
9762 4.4811759678003066e-7
9763 4.485085276577252e-7
9764 4.485085276577252e-7
9765 4.490740964237189e-7
9766 4.4922309828802155e-7
9767 4.4922309828802155e-7
9768 4.4922309828802155e-7
9769 4.4922309828802155e-7
9770 4.4979827911145696e-7
9771 4.4979827911145696e-7
9772 4.4979827911145696e-7
9773 4.499536904401452e-7
9774 4.499536904401452e-7
9775 4.499536904401452e-7
9776 4.499536904401452e-7
9777 4.499536904401452e-7
9778 4.499536904401452e-7
9779 4.499536904401452e-7
9780 4.5025329668764235e-7
9781 4.5025329668764235e-7
9782 4.5062179719030596e-7
9783 4.5062179719030596e-7
9784 4.5062179719030596e-7
9785 4.5062179719030596e-7
9786 4.5062179719030596e-7
9787 4.5062179719030596e-7
9788 4.5062179719030596e-7
9789 4.5062179719030596e-7
9790 4.5062179719030596e-7
9791 4.5062179719030596e-7
9792 4.5062179719030596e-7
9793 4.5062179719030596e-7
9794 4.5062179719030596e-7
9795 4.5062179719030596e-7
9796 4.5062179719030596e-7
9797 4.5083328445657143e-7
9798 4.5083328445657143e-7
9799 4.510639982824478e-7
9800 4.510639982824478e-7
9801 4.510639982824478e-7
9802 4.510639982824478e-7
9803 4.510639982824478e-7
9804 4.510639982824478e-7
9805 4.510639982824478e-7
9806 4.510639982824478e-7
9807 4.510639982824478e-7
9808 4.510639982824478e-7
9809 4.515959202635314e-7
9810 4.515959202635314e-7
9811 4.518763017849633e-7
9812 4.518763017849633e-7
9813 4.518763017849633e-7
9814 4.518763017849633e-7
9815 4.518763017849633e-7
9816 4.518763017849633e-7
9817 4.518763017849633e-7
9818 4.518763017849633e-7
9819 4.518763017849633e-7
9820 4.5207817577142325e-7
9821 4.5207817577142325e-7
9822 4.5207817577142325e-7
9823 4.5207817577142325e-7
9824 4.5207817577142325e-7
9825 4.5207817577142325e-7
9826 4.526870027685869e-7
9827 4.526870027685869e-7
9828 4.526870027685869e-7
9829 4.526870027685869e-7
9830 4.526870027685869e-7
9831 4.526870027685869e-7
9832 4.526870027685869e-7
9833 4.526870027685869e-7
9834 4.526870027685869e-7
9835 4.526870027685869e-7
9836 4.526870027685869e-7
9837 4.526870027685869e-7
9838 4.526870027685869e-7
9839 4.526870027685869e-7
9840 4.526870027685869e-7
9841 4.526870027685869e-7
9842 4.526870027685869e-7
9843 4.526870027685869e-7
9844 4.526870027685869e-7
9845 4.526870027685869e-7
9846 4.526870027685869e-7
9847 4.5321251711883056e-7
9848 4.5321251711883056e-7
9849 4.5321251711883056e-7
9850 4.5321251711883056e-7
9851 4.5321251711883056e-7
9852 4.538517858631206e-7
9853 4.538517858631206e-7
9854 4.538517858631206e-7
9855 4.538517858631206e-7
9856 4.538517858631206e-7
9857 4.538517858631206e-7
9858 4.538517858631206e-7
9859 4.538517858631206e-7
9860 4.548787816696852e-7
9861 4.548787816696852e-7
9862 4.548787816696852e-7
9863 4.548787816696852e-7
9864 4.548787816696852e-7
9865 4.548787816696852e-7
9866 4.554731890527315e-7
9867 4.554731890527315e-7
9868 4.5612527428106507e-7
9869 4.5612527428106507e-7
9870 4.5612527428106507e-7
9871 4.5612527428106507e-7
9872 4.5612527428106507e-7
9873 4.5612527428106507e-7
9874 4.5612527428106507e-7
9875 4.5612527428106507e-7
9876 4.5612527428106507e-7
9877 4.5612527428106507e-7
9878 4.563736115364787e-7
9879 4.563736115364787e-7
9880 4.563736115364787e-7
9881 4.563736115364787e-7
9882 4.563736115364787e-7
9883 4.563736115364787e-7
9884 4.563736115364787e-7
9885 4.563736115364787e-7
9886 4.563736115364787e-7
9887 4.563736115364787e-7
9888 4.563736115364787e-7
9889 4.563736115364787e-7
9890 4.563736115364787e-7
9891 4.563736115364787e-7
9892 4.563736115364787e-7
9893 4.563736115364787e-7
9894 4.563736115364787e-7
9895 4.563736115364787e-7
9896 4.563736115364787e-7
9897 4.563736115364787e-7
9898 4.563736115364787e-7
9899 4.563736115364787e-7
9900 4.563736115364787e-7
9901 4.563736115364787e-7
9902 4.563736115364787e-7
9903 4.563736115364787e-7
9904 4.563736115364787e-7
9905 4.563736115364787e-7
9906 4.565130007321578e-7
9907 4.565130007321578e-7
9908 4.565130007321578e-7
9909 4.565130007321578e-7
9910 4.565130007321578e-7
9911 4.565130007321578e-7
9912 4.573525415551978e-7
9913 4.573525415551978e-7
9914 4.5755121111505594e-7
9915 4.5755121111505594e-7
9916 4.5755121111505594e-7
9917 4.5755121111505594e-7
9918 4.5755121111505594e-7
9919 4.5755121111505594e-7
9920 4.5755121111505594e-7
9921 4.5755121111505594e-7
9922 4.5755121111505594e-7
9923 4.5755121111505594e-7
9924 4.5755121111505594e-7
9925 4.5755121111505594e-7
9926 4.5755121111505594e-7
9927 4.5755121111505594e-7
9928 4.5755121111505594e-7
9929 4.5755121111505594e-7
9930 4.5755121111505594e-7
9931 4.5755121111505594e-7
9932 4.5755121111505594e-7
9933 4.5755121111505594e-7
9934 4.5755121111505594e-7
9935 4.5755121111505594e-7
9936 4.5755121111505594e-7
9937 4.5755121111505594e-7
9938 4.5755121111505594e-7
9939 4.5755121111505594e-7
9940 4.5755121111505594e-7
9941 4.5755121111505594e-7
9942 4.5755121111505594e-7
9943 4.578075591313832e-7
9944 4.578075591313832e-7
9945 4.578075591313832e-7
9946 4.578075591313832e-7
9947 4.578075591313832e-7
9948 4.578075591313832e-7
9949 4.578075591313832e-7
9950 4.578075591313832e-7
9951 4.578075591313832e-7
9952 4.578075591313832e-7
9953 4.578075591313832e-7
9954 4.578075591313832e-7
9955 4.578075591313832e-7
9956 4.578075591313832e-7
9957 4.578075591313832e-7
9958 4.578075591313832e-7
9959 4.578075591313832e-7
9960 4.578075591313832e-7
9961 4.578075591313832e-7
9962 4.578075591313832e-7
9963 4.5838914880802226e-7
9964 4.5838914880802226e-7
9965 4.5838914880802226e-7
9966 4.5838914880802226e-7
9967 4.5838914880802226e-7
9968 4.5838914880802226e-7
9969 4.586054424085995e-7
9970 4.586054424085995e-7
9971 4.586054424085995e-7
9972 4.586054424085995e-7
9973 4.590348257943341e-7
9974 4.590348257943341e-7
9975 4.590348257943341e-7
9976 4.590348257943341e-7
9977 4.590348257943341e-7
9978 4.590348257943341e-7
9979 4.590348257943341e-7
9980 4.590348257943341e-7
9981 4.590348257943341e-7
9982 4.590348257943341e-7
9983 4.590348257943341e-7
9984 4.590348257943341e-7
9985 4.590348257943341e-7
9986 4.5956995281320136e-7
9987 4.5956995281320136e-7
9988 4.5956995281320136e-7
9989 4.5956995281320136e-7
9990 4.5956995281320136e-7
9991 4.5956995281320136e-7
9992 4.5956995281320136e-7
9993 4.5956995281320136e-7
9994 4.5956995281320136e-7
9995 4.5956995281320136e-7
9996 4.5956995281320136e-7
9997 4.5956995281320136e-7
9998 4.5956995281320136e-7
9999 4.5956995281320136e-7
10000 4.5956995281320136e-7
10001 4.5956995281320136e-7
