1 0
2 0
3 0
4 0
5 0
6 0
7 0
8 0
9 0
10 0
11 0
12 0
13 0
14 0
15 0
16 0
17 0
18 0
19 0
20 0
21 0
22 0
23 0
24 0
25 0
26 0
27 0
28 0
29 0
30 0
31 0
32 0
33 0
34 0
35 0
36 0
37 0
38 0
39 0
40 0
41 0
42 0
43 0
44 0
45 0
46 0
47 0
48 0
49 0
50 0
51 0
52 0
53 0
54 0
55 0
56 0
57 0
58 0
59 0
60 0
61 0
62 0
63 0
64 0
65 0
66 0
67 0
68 0
69 0
70 0
71 0
72 0
73 0
74 0
75 0
76 0
77 0
78 0
79 0
80 0
81 0
82 0
83 0
84 0
85 0
86 0
87 0
88 0
89 0
90 0
91 0
92 0
93 0
94 0
95 0
96 0
97 0
98 0
99 0
100 -8.491528804817427e-10
101 -8.491528804817427e-10
102 -8.491528804817427e-10
103 -8.491528804817427e-10
104 -8.491528804817427e-10
105 -8.491528804817427e-10
106 -8.491528804817427e-10
107 -8.491528804817427e-10
108 -8.491528804817427e-10
109 -8.491528804817427e-10
110 -8.491528804817427e-10
111 -8.491528804817427e-10
112 -8.491528804817427e-10
113 -8.491528804817427e-10
114 -8.491528804817427e-10
115 -8.491528804817427e-10
116 -8.491528804817427e-10
117 -3.332518100435409e-10
118 -3.332518100435409e-10
119 -3.332518100435409e-10
120 -3.332518100435409e-10
121 9.61306589181881e-10
122 9.61306589181881e-10
123 9.61306589181881e-10
124 9.61306589181881e-10
125 9.61306589181881e-10
126 9.61306589181881e-10
127 1.3426241870709265e-9
128 1.3426241870709265e-9
129 1.5861544969908711e-9
130 1.5861544969908711e-9
131 1.5861544969908711e-9
132 1.5861544969908711e-9
133 1.5861544969908711e-9
134 1.5861544969908711e-9
135 1.5861544969908711e-9
136 1.5861544969908711e-9
137 1.5861544969908711e-9
138 1.5861544969908711e-9
139 1.5861544969908711e-9
140 1.94664362755899e-9
141 1.94664362755899e-9
142 1.94664362755899e-9
143 3.1114254997289347e-9
144 3.1114254997289347e-9
145 3.367773516056182e-9
146 3.367773516056182e-9
147 3.367773516056182e-9
148 3.367773516056182e-9
149 4.14482893713343e-9
150 4.14482893713343e-9
151 6.378263550509833e-9
152 6.378263550509833e-9
153 6.378263550509833e-9
154 6.634612789200843e-9
155 6.634612789200843e-9
156 6.634612789200843e-9
157 7.107254406105338e-9
158 7.107254406105338e-9
159 7.107254406105338e-9
160 7.107254406105338e-9
161 7.107254406105338e-9
162 7.107254406105338e-9
163 7.107254406105338e-9
164 7.107254406105338e-9
165 7.107254406105338e-9
166 7.107254406105338e-9
167 7.107254406105338e-9
168 7.107254406105338e-9
169 7.107254406105338e-9
170 7.107254406105338e-9
171 7.107254406105338e-9
172 7.107254406105338e-9
173 7.107254406105338e-9
174 7.107254406105338e-9
175 7.107254406105338e-9
176 7.107254406105338e-9
177 7.107254406105338e-9
178 7.107254406105338e-9
179 7.107254406105338e-9
180 7.107254406105338e-9
181 7.107254406105338e-9
182 7.107254406105338e-9
183 7.107254406105338e-9
184 7.107254406105338e-9
185 7.107254406105338e-9
186 7.107254406105338e-9
187 7.107254406105338e-9
188 7.107254406105338e-9
189 7.107254406105338e-9
190 7.107254406105338e-9
191 7.107254406105338e-9
192 7.107254406105338e-9
193 7.107254406105338e-9
194 7.107254406105338e-9
195 7.107254406105338e-9
196 7.107254406105338e-9
197 7.107254406105338e-9
198 7.107254406105338e-9
199 7.107254406105338e-9
200 7.107254406105338e-9
201 7.509401082497191e-9
202 7.509401082497191e-9
203 7.509401082497191e-9
204 7.509401082497191e-9
205 7.70326430804354e-9
206 7.70326430804354e-9
207 7.70326430804354e-9
208 8.845615805182586e-9
209 8.845615805182586e-9
210 8.845615805182586e-9
211 8.845615805182586e-9
212 8.845615805182586e-9
213 9.407978922210677e-9
214 9.407978922210677e-9
215 9.407978922210677e-9
216 9.94791227538975e-9
217 9.94791227538975e-9
218 9.94791227538975e-9
219 9.94791227538975e-9
220 9.94791227538975e-9
221 9.94791227538975e-9
222 9.94791227538975e-9
223 9.94791227538975e-9
224 9.94791227538975e-9
225 9.94791227538975e-9
226 9.94791227538975e-9
227 9.94791227538975e-9
228 9.94791227538975e-9
229 9.94791227538975e-9
230 9.94791227538975e-9
231 9.94791227538975e-9
232 9.94791227538975e-9
233 9.94791227538975e-9
234 9.94791227538975e-9
235 9.94791227538975e-9
236 9.94791227538975e-9
237 9.94791227538975e-9
238 9.94791227538975e-9
239 9.94791227538975e-9
240 9.94791227538975e-9
241 9.94791227538975e-9
242 9.94791227538975e-9
243 9.94791227538975e-9
244 9.94791227538975e-9
245 9.94791227538975e-9
246 9.94791227538975e-9
247 9.94791227538975e-9
248 9.94791227538975e-9
249 9.94791227538975e-9
250 9.94791227538975e-9
251 9.94791227538975e-9
252 1.1604562324075144e-8
253 1.3616896391380621e-8
254 1.3616896391380621e-8
255 1.3616896391380621e-8
256 1.3616896391380621e-8
257 1.3616896391380621e-8
258 1.3616896391380621e-8
259 1.3616896391380621e-8
260 1.3616896391380621e-8
261 1.3616896391380621e-8
262 1.3616896391380621e-8
263 1.3616896391380621e-8
264 1.3616896391380621e-8
265 1.3616896391380621e-8
266 1.3616896391380621e-8
267 1.3616896391380621e-8
268 1.4361908768803373e-8
269 1.4361908768803373e-8
270 1.4361908768803373e-8
271 1.4361908768803373e-8
272 1.4930681350216996e-8
273 1.4930681350216996e-8
274 1.4930681350216996e-8
275 1.4930681350216996e-8
276 1.4198486679201546e-8
277 1.4198486679201546e-8
278 1.4908250975186098e-8
279 1.4908250975186098e-8
280 1.4908250975186098e-8
281 1.4642289679053373e-8
282 1.4642289679053373e-8
283 1.4642289679053373e-8
284 1.4642289679053373e-8
285 1.4642289679053373e-8
286 1.4184067676266153e-8
287 1.4184067676266153e-8
288 1.4184067676266153e-8
289 1.4184067676266153e-8
290 1.455577138316784e-8
291 1.455577138316784e-8
292 1.455577138316784e-8
293 1.455577138316784e-8
294 1.455577138316784e-8
295 1.455577138316784e-8
296 1.511493129595787e-8
297 1.511493129595787e-8
298 1.4890626934466997e-8
299 1.4890626934466997e-8
300 1.4890626934466997e-8
301 1.8388178811124302e-8
302 1.8388178811124302e-8
303 1.8388178811124302e-8
304 1.8388178811124302e-8
305 1.8388178811124302e-8
306 1.8388178811124302e-8
307 1.8388178811124302e-8
308 1.8388178811124302e-8
309 1.8388178811124302e-8
310 1.8388178811124302e-8
311 1.8388178811124302e-8
312 1.9822126406028798e-8
313 1.9822126406028798e-8
314 2.0374878076797056e-8
315 2.0998125299259835e-8
316 2.0676087454367982e-8
317 2.0676087454367982e-8
318 2.0676087454367982e-8
319 2.020504774517346e-8
320 2.020504774517346e-8
321 2.020504774517346e-8
322 2.020504774517346e-8
323 2.020504774517346e-8
324 2.020504774517346e-8
325 2.020504774517346e-8
326 2.020504774517346e-8
327 2.0551118483988066e-8
328 2.0551118483988066e-8
329 2.0551118483988066e-8
330 2.0551118483988066e-8
331 2.0551118483988066e-8
332 2.0551118483988066e-8
333 2.0551118483988066e-8
334 2.0551118483988066e-8
335 2.0551118483988066e-8
336 2.0551118483988066e-8
337 2.0551118483988066e-8
338 2.0551118483988066e-8
339 2.0551118483988066e-8
340 2.0551118483988066e-8
341 2.0551118483988066e-8
342 2.0551118483988066e-8
343 2.0551118483988066e-8
344 2.0551118483988066e-8
345 2.0551118483988066e-8
346 2.0551118483988066e-8
347 2.0551118483988066e-8
348 2.0551118483988066e-8
349 2.0551118483988066e-8
350 2.0551118483988066e-8
351 2.0551118483988066e-8
352 2.0551118483988066e-8
353 2.0551118483988066e-8
354 2.0551118483988066e-8
355 2.0551118483988066e-8
356 2.0551118483988066e-8
357 2.0551118483988066e-8
358 2.1613361149627112e-8
359 2.1613361149627112e-8
360 2.1613361149627112e-8
361 2.312741879839537e-8
362 2.312741879839537e-8
363 2.312741879839537e-8
364 2.312741879839537e-8
365 2.312741879839537e-8
366 2.312741879839537e-8
367 2.312741879839537e-8
368 2.312741879839537e-8
369 2.312741879839537e-8
370 2.312741879839537e-8
371 2.312741879839537e-8
372 2.312741879839537e-8
373 2.312741879839537e-8
374 2.312741879839537e-8
375 2.312741879839537e-8
376 2.312741879839537e-8
377 2.312741879839537e-8
378 2.312741879839537e-8
379 2.3451057939815313e-8
380 2.3451057939815313e-8
381 2.3451057939815313e-8
382 2.3451057939815313e-8
383 2.3451057939815313e-8
384 2.3451057939815313e-8
385 2.3451057939815313e-8
386 2.3451057939815313e-8
387 2.3451057939815313e-8
388 2.3864419192540736e-8
389 2.3864419192540736e-8
390 2.3864419192540736e-8
391 2.3864419192540736e-8
392 2.3864419192540736e-8
393 2.3864419192540736e-8
394 2.3864419192540736e-8
395 2.3864419192540736e-8
396 2.3864419192540736e-8
397 2.3864419192540736e-8
398 2.3864419192540736e-8
399 2.3864419192540736e-8
400 2.3864419192540736e-8
401 2.3864419192540736e-8
402 2.3864419192540736e-8
403 2.3864419192540736e-8
404 2.3864419192540736e-8
405 2.3864419192540736e-8
406 2.3864419192540736e-8
407 2.3430229472494386e-8
408 2.3430229472494386e-8
409 2.3430229472494386e-8
410 2.3221946021648882e-8
411 2.3221946021648882e-8
412 2.3221946021648882e-8
413 2.3221946021648882e-8
414 2.3221946021648882e-8
415 2.3221946021648882e-8
416 2.3221946021648882e-8
417 2.4309824100102533e-8
418 2.4309824100102533e-8
419 2.4309824100102533e-8
420 2.4309824100102533e-8
421 2.4309824100102533e-8
422 2.4309824100102533e-8
423 2.4309824100102533e-8
424 2.4891414387923458e-8
425 2.4391535450494385e-8
426 2.4391535450494385e-8
427 2.4993954205636237e-8
428 2.4993954205636237e-8
429 2.4993954205636237e-8
430 2.4993954205636237e-8
431 2.4993954205636237e-8
432 2.4993954205636237e-8
433 2.5497038180849017e-8
434 2.5497038180849017e-8
435 2.5497038180849017e-8
436 2.5497038180849017e-8
437 2.5497038180849017e-8
438 2.5497038180849017e-8
439 2.5497038180849017e-8
440 2.5497038180849017e-8
441 2.5497038180849017e-8
442 2.5497038180849017e-8
443 2.5497038180849017e-8
444 2.5497038180849017e-8
445 2.5497038180849017e-8
446 2.5497038180849017e-8
447 2.5497038180849017e-8
448 2.5497038180849017e-8
449 2.5817472284485257e-8
450 2.5817472284485257e-8
451 2.5817472284485257e-8
452 2.6807617490719808e-8
453 2.6807617490719808e-8
454 2.6807617490719808e-8
455 2.6807617490719808e-8
456 2.6807617490719808e-8
457 2.7071976879142558e-8
458 2.7071976879142558e-8
459 2.7071976879142558e-8
460 2.7071976879142558e-8
461 2.7071976879142558e-8
462 2.7071976879142558e-8
463 2.7071976879142558e-8
464 2.7071976879142558e-8
465 2.7071976879142558e-8
466 2.819990937334621e-8
467 2.819990937334621e-8
468 2.819990937334621e-8
469 2.819990937334621e-8
470 2.819990937334621e-8
471 2.819990937334621e-8
472 2.819990937334621e-8
473 2.819990937334621e-8
474 2.819990937334621e-8
475 2.819990937334621e-8
476 2.819990937334621e-8
477 2.819990937334621e-8
478 2.819990937334621e-8
479 3.0324395926988064e-8
480 3.0324395926988064e-8
481 3.173110681254986e-8
482 3.173110681254986e-8
483 3.173110681254986e-8
484 3.329803597229354e-8
485 3.329803597229354e-8
486 3.329803597229354e-8
487 3.329803597229354e-8
488 3.329803597229354e-8
489 3.329803597229354e-8
490 3.329803597229354e-8
491 3.329803597229354e-8
492 3.329803597229354e-8
493 3.329803597229354e-8
494 3.511009734966714e-8
495 3.511009734966714e-8
496 3.549461937415801e-8
497 3.549461937415801e-8
498 3.549461937415801e-8
499 3.549461937415801e-8
500 3.549461937415801e-8
501 3.549461937415801e-8
502 3.549461937415801e-8
503 3.549461937415801e-8
504 3.549461937415801e-8
505 3.549461937415801e-8
506 3.549461937415801e-8
507 3.549461937415801e-8
508 3.549461937415801e-8
509 3.549461937415801e-8
510 3.589195971623807e-8
511 3.589195971623807e-8
512 3.589195971623807e-8
513 3.589195971623807e-8
514 3.589195971623807e-8
515 3.589195971623807e-8
516 3.589195971623807e-8
517 3.6701058792151695e-8
518 3.6701058792151695e-8
519 3.6701058792151695e-8
520 3.6701058792151695e-8
521 3.6701058792151695e-8
522 3.6701058792151695e-8
523 3.6701058792151695e-8
524 3.6701058792151695e-8
525 3.6701058792151695e-8
526 3.6701058792151695e-8
527 3.6701058792151695e-8
528 3.6701058792151695e-8
529 3.6701058792151695e-8
530 3.6701058792151695e-8
531 3.6701058792151695e-8
532 3.6701058792151695e-8
533 3.6701058792151695e-8
534 3.6701058792151695e-8
535 3.697022573725001e-8
536 3.697022573725001e-8
537 3.697022573725001e-8
538 3.697022573725001e-8
539 3.697022573725001e-8
540 3.697022573725001e-8
541 3.697022573725001e-8
542 3.697022573725001e-8
543 3.697022573725001e-8
544 3.697022573725001e-8
545 3.697022573725001e-8
546 3.697022573725001e-8
547 3.784982158722191e-8
548 3.784982158722191e-8
549 3.892328005155829e-8
550 3.892328005155829e-8
551 3.892328005155829e-8
552 3.892328005155829e-8
553 3.892328005155829e-8
554 3.892328005155829e-8
555 3.892328005155829e-8
556 3.892328005155829e-8
557 3.892328005155829e-8
558 3.892328005155829e-8
559 3.892328005155829e-8
560 3.892328005155829e-8
561 3.892328005155829e-8
562 3.892328005155829e-8
563 3.892328005155829e-8
564 3.892328005155829e-8
565 3.892328005155829e-8
566 3.950166591277739e-8
567 3.950166591277739e-8
568 3.950166591277739e-8
569 3.950166591277739e-8
570 3.950166591277739e-8
571 3.950166591277739e-8
572 3.950166591277739e-8
573 3.950166591277739e-8
574 3.950166591277739e-8
575 4.0975667923431883e-8
576 4.0975667923431883e-8
577 4.0975667923431883e-8
578 4.0975667923431883e-8
579 4.0975667923431883e-8
580 4.0975667923431883e-8
581 4.0975667923431883e-8
582 4.0975667923431883e-8
583 4.1531623409620084e-8
584 4.1531623409620084e-8
585 4.1531623409620084e-8
586 4.1531623409620084e-8
587 4.1531623409620084e-8
588 4.1531623409620084e-8
589 4.1531623409620084e-8
590 4.1767143569808284e-8
591 4.1767143569808284e-8
592 4.1767143569808284e-8
593 4.1767143569808284e-8
594 4.1767143569808284e-8
595 4.1767143569808284e-8
596 4.1767143569808284e-8
597 4.1767143569808284e-8
598 4.1767143569808284e-8
599 4.1767143569808284e-8
600 4.1767143569808284e-8
601 4.1767143569808284e-8
602 4.1767143569808284e-8
603 4.1767143569808284e-8
604 4.1767143569808284e-8
605 4.1767143569808284e-8
606 4.1767143569808284e-8
607 4.1767143569808284e-8
608 4.1767143569808284e-8
609 4.3289212590672046e-8
610 4.3289212590672046e-8
611 4.3289212590672046e-8
612 4.3289212590672046e-8
613 4.3289212590672046e-8
614 4.3289212590672046e-8
615 4.3289212590672046e-8
616 4.3289212590672046e-8
617 4.3289212590672046e-8
618 4.3289212590672046e-8
619 4.3289212590672046e-8
620 4.3289212590672046e-8
621 4.3289212590672046e-8
622 4.3289212590672046e-8
623 4.3289212590672046e-8
624 4.3289212590672046e-8
625 4.3289212590672046e-8
626 4.3289212590672046e-8
627 4.406787053064115e-8
628 4.406787053064115e-8
629 4.406787053064115e-8
630 4.406787053064115e-8
631 4.406787053064115e-8
632 4.406787053064115e-8
633 4.49602828646566e-8
634 4.49602828646566e-8
635 4.49602828646566e-8
636 4.49602828646566e-8
637 4.49602828646566e-8
638 4.49602828646566e-8
639 4.49602828646566e-8
640 4.49602828646566e-8
641 4.561557313077387e-8
642 4.6048160331928364e-8
643 4.6048160331928364e-8
644 4.6048160331928364e-8
645 4.658328673961376e-8
646 4.658328673961376e-8
647 4.90922947065646e-8
648 4.885837706526825e-8
649 4.885837706526825e-8
650 4.885837706526825e-8
651 4.885837706526825e-8
652 4.885837706526825e-8
653 4.885837706526825e-8
654 4.885837706526825e-8
655 4.885837706526825e-8
656 4.885837706526825e-8
657 4.885837706526825e-8
658 4.885837706526825e-8
659 4.885837706526825e-8
660 4.885837706526825e-8
661 4.885837706526825e-8
662 4.885837706526825e-8
663 4.885837706526825e-8
664 4.885837706526825e-8
665 4.885837706526825e-8
666 4.885837706526825e-8
667 4.885837706526825e-8
668 4.885837706526825e-8
669 4.885837706526825e-8
670 4.885837706526825e-8
671 4.885837706526825e-8
672 4.885837706526825e-8
673 4.885837706526825e-8
674 4.885837706526825e-8
675 4.885837706526825e-8
676 4.885837706526825e-8
677 4.885837706526825e-8
678 4.885837706526825e-8
679 4.885837706526825e-8
680 4.885837706526825e-8
681 4.885837706526825e-8
682 5.0010343675758415e-8
683 5.0010343675758415e-8
684 5.0010343675758415e-8
685 5.0010343675758415e-8
686 5.0010343675758415e-8
687 5.0010343675758415e-8
688 5.0010343675758415e-8
689 5.0010343675758415e-8
690 5.0010343675758415e-8
691 5.0010343675758415e-8
692 5.073132315925841e-8
693 5.073132315925841e-8
694 5.073132315925841e-8
695 5.073132315925841e-8
696 5.073132315925841e-8
697 5.100369391977667e-8
698 5.100369391977667e-8
699 5.1658983574712064e-8
700 5.1658983574712064e-8
701 5.1658983574712064e-8
702 5.205632391679212e-8
703 5.205632391679212e-8
704 5.205632391679212e-8
705 5.205632391679212e-8
706 5.275166798747751e-8
707 5.275166798747751e-8
708 5.275166798747751e-8
709 5.275166798747751e-8
710 5.275166798747751e-8
711 5.275166798747751e-8
712 5.311215772922751e-8
713 5.311215772922751e-8
714 5.311215772922751e-8
715 5.311215772922751e-8
716 5.452527746799296e-8
717 5.452527746799296e-8
718 5.452527746799296e-8
719 5.452527746799296e-8
720 5.452527746799296e-8
721 5.452527746799296e-8
722 5.452527746799296e-8
723 5.452527746799296e-8
724 5.452527746799296e-8
725 5.4797647006147456e-8
726 5.4797647006147456e-8
727 5.4797647006147456e-8
728 5.4797647006147456e-8
729 5.5444926511351104e-8
730 5.522863229959197e-8
731 5.522863229959197e-8
732 5.522863229959197e-8
733 5.522863229959197e-8
734 5.522863229959197e-8
735 5.522863229959197e-8
736 5.522863229959197e-8
737 5.522863229959197e-8
738 5.522863229959197e-8
739 5.522863229959197e-8
740 5.522863229959197e-8
741 5.522863229959197e-8
742 5.522863229959197e-8
743 5.522863229959197e-8
744 5.522863229959197e-8
745 5.589033080773102e-8
746 5.589033080773102e-8
747 5.589033080773102e-8
748 5.589033080773102e-8
749 5.589033080773102e-8
750 5.589033080773102e-8
751 5.589033080773102e-8
752 5.589033080773102e-8
753 5.6233197731125685e-8
754 5.6233197731125685e-8
755 5.6233197731125685e-8
756 5.6233197731125685e-8
757 5.6233197731125685e-8
758 5.6233197731125685e-8
759 5.6233197731125685e-8
760 5.6233197731125685e-8
761 5.6233197731125685e-8
762 5.6233197731125685e-8
763 5.6233197731125685e-8
764 5.6233197731125685e-8
765 5.6233197731125685e-8
766 5.821509005130476e-8
767 5.821509005130476e-8
768 5.821509005130476e-8
769 5.821509005130476e-8
770 5.89440796845365e-8
771 5.89440796845365e-8
772 5.89440796845365e-8
773 5.89440796845365e-8
774 5.995505335809198e-8
775 5.995505335809198e-8
776 5.995505335809198e-8
777 5.995505335809198e-8
778 5.995505335809198e-8
779 5.995505335809198e-8
780 5.995505335809198e-8
781 5.995505335809198e-8
782 5.995505335809198e-8
783 5.995505335809198e-8
784 5.995505335809198e-8
785 5.995505335809198e-8
786 5.995505335809198e-8
787 5.995505335809198e-8
788 5.995505335809198e-8
789 5.995505335809198e-8
790 5.995505335809198e-8
791 6.052863288499928e-8
792 6.052863288499928e-8
793 6.052863288499928e-8
794 6.052863288499928e-8
795 6.052863288499928e-8
796 6.052863288499928e-8
797 6.052863288499928e-8
798 6.091475681720013e-8
799 6.091475681720013e-8
800 6.091475681720013e-8
801 6.224456268668188e-8
802 6.224456268668188e-8
803 6.224456268668188e-8
804 6.306647946900281e-8
805 6.306647946900281e-8
806 6.314979211592275e-8
807 6.314979211592275e-8
808 6.314979211592275e-8
809 6.314979211592275e-8
810 6.314979211592275e-8
811 6.314979211592275e-8
812 6.314979211592275e-8
813 6.314979211592275e-8
814 6.314979211592275e-8
815 6.314979211592275e-8
816 6.314979211592275e-8
817 6.375381216759269e-8
818 6.375381216759269e-8
819 6.375381216759269e-8
820 6.375381216759269e-8
821 6.375381216759269e-8
822 6.375381216759269e-8
823 6.375381216759269e-8
824 6.375381216759269e-8
825 6.375381216759269e-8
826 6.375381216759269e-8
827 6.375381216759269e-8
828 6.375381216759269e-8
829 6.375381216759269e-8
830 6.375381216759269e-8
831 6.375381216759269e-8
832 6.375381216759269e-8
833 6.375381216759269e-8
834 6.375381216759269e-8
835 6.388358930583004e-8
836 6.388358930583004e-8
837 6.388358930583004e-8
838 6.388358930583004e-8
839 6.506439331100911e-8
840 6.506439331100911e-8
841 6.506439331100911e-8
842 6.506439331100911e-8
843 6.506439331100911e-8
844 6.506439331100911e-8
845 6.506439331100911e-8
846 6.506439331100911e-8
847 6.506439331100911e-8
848 6.506439331100911e-8
849 6.506439331100911e-8
850 6.506439331100911e-8
851 6.506439331100911e-8
852 6.506439331100911e-8
853 6.506439331100911e-8
854 6.506439331100911e-8
855 6.506439331100911e-8
856 6.506439331100911e-8
857 6.506439331100911e-8
858 6.506439331100911e-8
859 6.506439331100911e-8
860 6.506439331100911e-8
861 6.506439331100911e-8
862 6.506439331100911e-8
863 6.644226496833636e-8
864 6.644226496833636e-8
865 6.644226496833636e-8
866 6.644226496833636e-8
867 6.644226496833636e-8
868 6.644226496833636e-8
869 6.67803231126917e-8
870 6.67803231126917e-8
871 6.67803231126917e-8
872 6.67803231126917e-8
873 6.703667112901895e-8
874 6.703667112901895e-8
875 6.703667112901895e-8
876 6.703667112901895e-8
877 6.703667112901895e-8
878 6.657043714295435e-8
879 6.657043714295435e-8
880 6.657043714295435e-8
881 6.74756671833771e-8
882 6.74756671833771e-8
883 6.753174312095435e-8
884 6.753174312095435e-8
885 6.753174312095435e-8
886 6.8219077041908e-8
887 6.8219077041908e-8
888 6.8219077041908e-8
889 6.8219077041908e-8
890 6.8219077041908e-8
891 6.8219077041908e-8
892 6.8219077041908e-8
893 6.8219077041908e-8
894 6.8219077041908e-8
895 6.8219077041908e-8
896 6.8219077041908e-8
897 6.8219077041908e-8
898 6.8219077041908e-8
899 6.8219077041908e-8
900 6.8219077041908e-8
901 6.8219077041908e-8
902 6.8219077041908e-8
903 6.8219077041908e-8
904 6.8219077041908e-8
905 6.8219077041908e-8
906 6.8219077041908e-8
907 6.829758335451614e-8
908 6.829758335451614e-8
909 6.829758335451614e-8
910 6.829758335451614e-8
911 6.86676869872535e-8
912 6.86676869872535e-8
913 6.86676869872535e-8
914 6.86676869872535e-8
915 6.86676869872535e-8
916 6.86676869872535e-8
917 6.86676869872535e-8
918 6.906662862586164e-8
919 6.906662862586164e-8
920 6.976357521543888e-8
921 6.976357521543888e-8
922 6.976357521543888e-8
923 6.976357521543888e-8
924 6.976357521543888e-8
925 6.976357521543888e-8
926 6.976357521543888e-8
927 6.976357521543888e-8
928 6.976357521543888e-8
929 6.976357521543888e-8
930 6.976357521543888e-8
931 6.976357521543888e-8
932 6.976357521543888e-8
933 6.976357521543888e-8
934 7.029229399228439e-8
935 7.029229399228439e-8
936 7.029229399228439e-8
937 7.029229399228439e-8
938 7.041245723953439e-8
939 7.041245723953439e-8
940 7.041245723953439e-8
941 7.041245723953439e-8
942 7.041245723953439e-8
943 7.041245723953439e-8
944 7.041245723953439e-8
945 7.041245723953439e-8
946 7.041245723953439e-8
947 7.041245723953439e-8
948 7.041245723953439e-8
949 7.041245723953439e-8
950 7.041245723953439e-8
951 7.041245723953439e-8
952 7.041245723953439e-8
953 7.041245723953439e-8
954 7.041245723953439e-8
955 7.041245723953439e-8
956 7.041245723953439e-8
957 7.041245723953439e-8
958 7.041245723953439e-8
959 7.041245723953439e-8
960 7.041245723953439e-8
961 7.041245723953439e-8
962 7.041245723953439e-8
963 7.041245723953439e-8
964 7.195054655986163e-8
965 7.195054655986163e-8
966 7.195054655986163e-8
967 7.195054655986163e-8
968 7.195054655986163e-8
969 7.228700340768888e-8
970 7.228700340768888e-8
971 7.228700340768888e-8
972 7.228700340768888e-8
973 7.228700340768888e-8
974 7.228700340768888e-8
975 7.228700340768888e-8
976 7.228700340768888e-8
977 7.228700340768888e-8
978 7.228700340768888e-8
979 7.228700340768888e-8
980 7.333803088581248e-8
981 7.333803088581248e-8
982 7.373537000552877e-8
983 7.373537000552877e-8
984 7.373537000552877e-8
985 7.373537000552877e-8
986 7.373537000552877e-8
987 7.373537000552877e-8
988 7.373537000552877e-8
989 7.373537000552877e-8
990 7.373537000552877e-8
991 7.373537000552877e-8
992 7.411188065792413e-8
993 7.411188065792413e-8
994 7.411188065792413e-8
995 7.411188065792413e-8
996 7.411188065792413e-8
997 7.411188065792413e-8
998 7.411188065792413e-8
999 7.411188065792413e-8
1000 7.480402091318957e-8
1001 7.748926806496767e-8
1002 7.748926806496767e-8
1003 7.748926806496767e-8
1004 7.748926806496767e-8
1005 7.748926806496767e-8
1006 7.748926806496767e-8
1007 7.748926806496767e-8
1008 7.795389953214042e-8
1009 7.795389953214042e-8
1010 7.875498784714041e-8
1011 7.875498784714041e-8
1012 8.072406307209406e-8
1013 8.012965568904772e-8
1014 8.012965568904772e-8
1015 8.131366412082862e-8
1016 8.131366412082862e-8
1017 8.131366412082862e-8
1018 8.171581079722048e-8
1019 8.171581079722048e-8
1020 8.171581079722048e-8
1021 8.171581079722048e-8
1022 8.171581079722048e-8
1023 8.171581079722048e-8
1024 8.171581079722048e-8
1025 8.171581079722048e-8
1026 8.171581079722048e-8
1027 8.201221322929772e-8
1028 8.201221322929772e-8
1029 8.201221322929772e-8
1030 8.201221322929772e-8
1031 8.201221322929772e-8
1032 8.201221322929772e-8
1033 8.201221322929772e-8
1034 8.201221322929772e-8
1035 8.201221322929772e-8
1036 8.201221322929772e-8
1037 8.201221322929772e-8
1038 8.340931144623593e-8
1039 8.340931144623593e-8
1040 8.340931144623593e-8
1041 8.340931144623593e-8
1042 8.340931144623593e-8
1043 8.340931144623593e-8
1044 8.340931144623593e-8
1045 8.340931144623593e-8
1046 8.340931144623593e-8
1047 8.377621126355334e-8
1048 8.377621126355334e-8
1049 8.377621126355334e-8
1050 8.377621126355334e-8
1051 8.377621126355334e-8
1052 8.377621126355334e-8
1053 8.377621126355334e-8
1054 8.377621126355334e-8
1055 8.377621126355334e-8
1056 8.377621126355334e-8
1057 8.377621126355334e-8
1058 8.377621126355334e-8
1059 8.377621126355334e-8
1060 8.377621126355334e-8
1061 8.377621126355334e-8
1062 8.377621126355334e-8
1063 8.377621126355334e-8
1064 8.377621126355334e-8
1065 8.377621126355334e-8
1066 8.377621126355334e-8
1067 8.377621126355334e-8
1068 8.377621126355334e-8
1069 8.377621126355334e-8
1070 8.377621126355334e-8
1071 8.377621126355334e-8
1072 8.377621126355334e-8
1073 8.377621126355334e-8
1074 8.377621126355334e-8
1075 8.377621126355334e-8
1076 8.377621126355334e-8
1077 8.377621126355334e-8
1078 8.377621126355334e-8
1079 8.377621126355334e-8
1080 8.377621126355334e-8
1081 8.377621126355334e-8
1082 8.377621126355334e-8
1083 8.377621126355334e-8
1084 8.377621126355334e-8
1085 8.377621126355334e-8
1086 8.377621126355334e-8
1087 8.377621126355334e-8
1088 8.377621126355334e-8
1089 8.377621126355334e-8
1090 8.422482120889885e-8
1091 8.422482120889885e-8
1092 8.521977397180896e-8
1093 8.521977397180896e-8
1094 8.521977397180896e-8
1095 8.521977397180896e-8
1096 8.521977397180896e-8
1097 8.521977397180896e-8
1098 8.521977397180896e-8
1099 8.521977397180896e-8
1100 8.521977397180896e-8
1101 8.521977397180896e-8
1102 8.521977397180896e-8
1103 8.521977397180896e-8
1104 8.521977397180896e-8
1105 8.521977397180896e-8
1106 8.521977397180896e-8
1107 8.521977397180896e-8
1108 8.601124839582161e-8
1109 8.601124839582161e-8
1110 8.601124839582161e-8
1111 8.601124839582161e-8
1112 8.601124839582161e-8
1113 8.949598256607161e-8
1114 8.949598256607161e-8
1115 8.949598256607161e-8
1116 9.099081365522892e-8
1117 9.099081365522892e-8
1118 9.099081365522892e-8
1119 9.099081365522892e-8
1120 9.217001575269803e-8
1121 9.217001575269803e-8
1122 9.217001575269803e-8
1123 9.217001575269803e-8
1124 9.217001575269803e-8
1125 9.217001575269803e-8
1126 9.217001575269803e-8
1127 9.217001575269803e-8
1128 9.217001575269803e-8
1129 9.217001575269803e-8
1130 9.217001575269803e-8
1131 9.217001575269803e-8
1132 9.217001575269803e-8
1133 9.238951439105898e-8
1134 9.238951439105898e-8
1135 9.238951439105898e-8
1136 9.238951439105898e-8
1137 9.316016095893258e-8
1138 9.316016095893258e-8
1139 9.316016095893258e-8
1140 9.316016095893258e-8
1141 9.316016095893258e-8
1142 9.403334673333708e-8
1143 9.403334673333708e-8
1144 9.403334673333708e-8
1145 9.403334673333708e-8
1146 9.403334673333708e-8
1147 9.48520584778743e-8
1148 9.473349774951616e-8
1149 9.473349774951616e-8
1150 9.473349774951616e-8
1151 9.473349774951616e-8
1152 9.473349774951616e-8
1153 9.473349774951616e-8
1154 9.473349774951616e-8
1155 9.473349774951616e-8
1156 9.473349774951616e-8
1157 9.473349774951616e-8
1158 9.473349774951616e-8
1159 9.473349774951616e-8
1160 9.473349774951616e-8
1161 9.473349774951616e-8
1162 9.473349774951616e-8
1163 9.473349774951616e-8
1164 9.473349774951616e-8
1165 9.462775411638344e-8
1166 9.462775411638344e-8
1167 9.444190165175071e-8
1168 9.444190165175071e-8
1169 9.444190165175071e-8
1170 9.444190165175071e-8
1171 9.535193802648526e-8
1172 9.535193802648526e-8
1173 9.535193802648526e-8
1174 9.535193802648526e-8
1175 9.535193802648526e-8
1176 9.535193802648526e-8
1177 9.535193802648526e-8
1178 9.535193802648526e-8
1179 9.535193802648526e-8
1180 9.535193802648526e-8
1181 9.535193802648526e-8
1182 9.535193802648526e-8
1183 9.535193802648526e-8
1184 9.535193802648526e-8
1185 9.535193802648526e-8
1186 9.690124314550984e-8
1187 9.690124314550984e-8
1188 9.690124314550984e-8
1189 9.690124314550984e-8
1190 9.690124314550984e-8
1191 9.690124314550984e-8
1192 9.690124314550984e-8
1193 9.690124314550984e-8
1194 9.690124314550984e-8
1195 9.690124314550984e-8
1196 9.690124314550984e-8
1197 9.690124314550984e-8
1198 9.690124314550984e-8
1199 9.690124314550984e-8
1200 9.690124314550984e-8
1201 9.690124314550984e-8
1202 9.690124314550984e-8
1203 9.690124314550984e-8
1204 9.690124314550984e-8
1205 9.690124314550984e-8
1206 9.690124314550984e-8
1207 9.690124314550984e-8
1208 9.690124314550984e-8
1209 9.690124314550984e-8
1210 9.690124314550984e-8
1211 9.690124314550984e-8
1212 9.690124314550984e-8
1213 9.690124314550984e-8
1214 9.690124314550984e-8
1215 9.690124314550984e-8
1216 9.690124314550984e-8
1217 9.774559091404355e-8
1218 9.774559091404355e-8
1219 9.774559091404355e-8
1220 9.774559091404355e-8
1221 9.774559091404355e-8
1222 9.824066412834271e-8
1223 9.824066412834271e-8
1224 9.873253230485817e-8
1225 9.873253230485817e-8
1226 9.873253230485817e-8
1227 9.873253230485817e-8
1228 9.873253230485817e-8
1229 9.873253230485817e-8
1230 9.873253230485817e-8
1231 9.873253230485817e-8
1232 9.873253230485817e-8
1233 9.873253230485817e-8
1234 9.873253230485817e-8
1235 9.873253230485817e-8
1236 9.873253230485817e-8
1237 9.873253230485817e-8
1238 9.873253230485817e-8
1239 9.964577249501266e-8
1240 9.964577249501266e-8
1241 1.0118065799991996e-7
1242 1.0118065799991996e-7
1243 1.0118065799991996e-7
1244 1.0118065799991996e-7
1245 1.0118065799991996e-7
1246 1.0118065799991996e-7
1247 1.0118065799991996e-7
1248 1.0118065799991996e-7
1249 1.0118065799991996e-7
1250 1.0118065799991996e-7
1251 1.0118065799991996e-7
1252 1.0118065799991996e-7
1253 1.0118065799991996e-7
1254 1.0118065799991996e-7
1255 1.0118065799991996e-7
1256 1.0118065799991996e-7
1257 1.0118065799991996e-7
1258 1.0118065799991996e-7
1259 1.0118065799991996e-7
1260 1.0118065799991996e-7
1261 1.0125596049710816e-7
1262 1.0125596049710816e-7
1263 1.0125596049710816e-7
1264 1.0125596049710816e-7
1265 1.0125596049710816e-7
1266 1.0125596049710816e-7
1267 1.0125596049710816e-7
1268 1.0202660828734551e-7
1269 1.0202660828734551e-7
1270 1.0202660828734551e-7
1271 1.0202660828734551e-7
1272 1.0202660828734551e-7
1273 1.0202660828734551e-7
1274 1.0202660828734551e-7
1275 1.0202660828734551e-7
1276 1.0202660828734551e-7
1277 1.0202660828734551e-7
1278 1.0202660828734551e-7
1279 1.0202660828734551e-7
1280 1.0202660828734551e-7
1281 1.0202660828734551e-7
1282 1.0202660828734551e-7
1283 1.0202660828734551e-7
1284 1.0202660828734551e-7
1285 1.0202660828734551e-7
1286 1.0202660828734551e-7
1287 1.0202660828734551e-7
1288 1.0202660828734551e-7
1289 1.0202660828734551e-7
1290 1.0267068397712922e-7
1291 1.0267068397712922e-7
1292 1.0267068397712922e-7
1293 1.0267068397712922e-7
1294 1.0267068397712922e-7
1295 1.0267068397712922e-7
1296 1.0267068397712922e-7
1297 1.0267068397712922e-7
1298 1.0267068397712922e-7
1299 1.0267068397712922e-7
1300 1.0267068397712922e-7
1301 1.0267068397712922e-7
1302 1.0267068397712922e-7
1303 1.0267068397712922e-7
1304 1.0267068397712922e-7
1305 1.0267068397712922e-7
1306 1.0267068397712922e-7
1307 1.0267068397712922e-7
1308 1.0267068397712922e-7
1309 1.0267068397712922e-7
1310 1.0267068397712922e-7
1311 1.0267068397712922e-7
1312 1.0267068397712922e-7
1313 1.0267068397712922e-7
1314 1.0374894938695927e-7
1315 1.0374894938695927e-7
1316 1.0374894938695927e-7
1317 1.0374894938695927e-7
1318 1.0374894938695927e-7
1319 1.0374894938695927e-7
1320 1.0374894938695927e-7
1321 1.0374894938695927e-7
1322 1.0374894938695927e-7
1323 1.0374894938695927e-7
1324 1.0410943912870928e-7
1325 1.0410943912870928e-7
1326 1.0410943912870928e-7
1327 1.0738749297818751e-7
1328 1.0738749297818751e-7
1329 1.0738749297818751e-7
1330 1.0738749297818751e-7
1331 1.0830874331807375e-7
1332 1.0961291438592277e-7
1333 1.0961291438592277e-7
1334 1.0961291438592277e-7
1335 1.1011599774995366e-7
1336 1.0946871824475e-7
1337 1.0946871824475e-7
1338 1.0842089458204635e-7
1339 1.0842089458204635e-7
1340 1.0842089458204635e-7
1341 1.0767748472351545e-7
1342 1.0767748472351545e-7
1343 1.0767748472351545e-7
1344 1.0767748472351545e-7
1345 1.0767748472351545e-7
1346 1.0767748472351545e-7
1347 1.0767748472351545e-7
1348 1.0767748472351545e-7
1349 1.0767748472351545e-7
1350 1.0767748472351545e-7
1351 1.0767748472351545e-7
1352 1.0767748472351545e-7
1353 1.0767748472351545e-7
1354 1.0767748472351545e-7
1355 1.0767748472351545e-7
1356 1.0767748472351545e-7
1357 1.0767748472351545e-7
1358 1.0767748472351545e-7
1359 1.0767748472351545e-7
1360 1.0767748472351545e-7
1361 1.0767748472351545e-7
1362 1.0767748472351545e-7
1363 1.0767748472351545e-7
1364 1.0767748472351545e-7
1365 1.0767748472351545e-7
1366 1.0767748472351545e-7
1367 1.0767748472351545e-7
1368 1.0767748472351545e-7
1369 1.0767748472351545e-7
1370 1.0767748472351545e-7
1371 1.0767748472351545e-7
1372 1.0767748472351545e-7
1373 1.0767748472351545e-7
1374 1.0767748472351545e-7
1375 1.0767748472351545e-7
1376 1.0767748472351545e-7
1377 1.0767748472351545e-7
1378 1.0767748472351545e-7
1379 1.0767748472351545e-7
1380 1.0767748472351545e-7
1381 1.0767748472351545e-7
1382 1.0767748472351545e-7
1383 1.0767748472351545e-7
1384 1.0767748472351545e-7
1385 1.0767748472351545e-7
1386 1.0767748472351545e-7
1387 1.0767748472351545e-7
1388 1.0767748472351545e-7
1389 1.0767748472351545e-7
1390 1.0767748472351545e-7
1391 1.0767748472351545e-7
1392 1.0811968459329354e-7
1393 1.0811968459329354e-7
1394 1.0811968459329354e-7
1395 1.0811968459329354e-7
1396 1.0811968459329354e-7
1397 1.0811968459329354e-7
1398 1.0811968459329354e-7
1399 1.0848658318824719e-7
1400 1.0809404979166081e-7
1401 1.0809404979166081e-7
1402 1.0809404979166081e-7
1403 1.0809404979166081e-7
1404 1.0809404979166081e-7
1405 1.0809404979166081e-7
1406 1.0809404979166081e-7
1407 1.0809404979166081e-7
1408 1.0809404979166081e-7
1409 1.0809404979166081e-7
1410 1.0809404979166081e-7
1411 1.0809404979166081e-7
1412 1.0809404979166081e-7
1413 1.0809404979166081e-7
1414 1.0809404979166081e-7
1415 1.0809404979166081e-7
1416 1.0809404979166081e-7
1417 1.0809404979166081e-7
1418 1.0809404979166081e-7
1419 1.0809404979166081e-7
1420 1.0809404979166081e-7
1421 1.0809404979166081e-7
1422 1.0809404979166081e-7
1423 1.0809404979166081e-7
1424 1.0809404979166081e-7
1425 1.0809404979166081e-7
1426 1.0809404979166081e-7
1427 1.0809404979166081e-7
1428 1.0755411643848174e-7
1429 1.0755411643848174e-7
1430 1.0755411643848174e-7
1431 1.0755411643848174e-7
1432 1.0755411643848174e-7
1433 1.0755411643848174e-7
1434 1.0755411643848174e-7
1435 1.0755411643848174e-7
1436 1.0755411643848174e-7
1437 1.0755411643848174e-7
1438 1.0755411643848174e-7
1439 1.0784090497957164e-7
1440 1.0784090497957164e-7
1441 1.0784090497957164e-7
1442 1.0784090497957164e-7
1443 1.0784090497957164e-7
1444 1.0784090497957164e-7
1445 1.0784090497957164e-7
1446 1.0842249465621069e-7
1447 1.0842249465621069e-7
1448 1.0842249465621069e-7
1449 1.0842249465621069e-7
1450 1.0889353497658709e-7
1451 1.0889353497658709e-7
1452 1.0927325005558428e-7
1453 1.0927325005558428e-7
1454 1.0927325005558428e-7
1455 1.0927325005558428e-7
1456 1.0927325005558428e-7
1457 1.0927325005558428e-7
1458 1.0927325005558428e-7
1459 1.0927325005558428e-7
1460 1.0927325005558428e-7
1461 1.0927325005558428e-7
1462 1.0927325005558428e-7
1463 1.0927325005558428e-7
1464 1.1081774884029707e-7
1465 1.1081774884029707e-7
1466 1.1081774884029707e-7
1467 1.1081774884029707e-7
1468 1.1302554926322264e-7
1469 1.1302554926322264e-7
1470 1.1302554926322264e-7
1471 1.134677503553645e-7
1472 1.134677503553645e-7
1473 1.134677503553645e-7
1474 1.134677503553645e-7
1475 1.134677503553645e-7
1476 1.134677503553645e-7
1477 1.134677503553645e-7
1478 1.134677503553645e-7
1479 1.134677503553645e-7
1480 1.134677503553645e-7
1481 1.1416309564841365e-7
1482 1.1416309564841365e-7
1483 1.1416309564841365e-7
1484 1.1416309564841365e-7
1485 1.1416309564841365e-7
1486 1.1416309564841365e-7
1487 1.1416309564841365e-7
1488 1.1416309564841365e-7
1489 1.1416309564841365e-7
1490 1.1416309564841365e-7
1491 1.1416309564841365e-7
1492 1.1416309564841365e-7
1493 1.1416309564841365e-7
1494 1.1416309564841365e-7
1495 1.146501574906173e-7
1496 1.146501574906173e-7
1497 1.146501574906173e-7
1498 1.146501574906173e-7
1499 1.146501574906173e-7
1500 1.1607288989800635e-7
1501 1.1607288989800635e-7
1502 1.176862817155218e-7
1503 1.176862817155218e-7
1504 1.176862817155218e-7
1505 1.176862817155218e-7
1506 1.176862817155218e-7
1507 1.176862817155218e-7
1508 1.176862817155218e-7
1509 1.176862817155218e-7
1510 1.1809163342969737e-7
1511 1.1809163342969737e-7
1512 1.1809163342969737e-7
1513 1.1809163342969737e-7
1514 1.1834798266838837e-7
1515 1.1834798266838837e-7
1516 1.1834798266838837e-7
1517 1.1904332673907377e-7
1518 1.1904332673907377e-7
1519 1.1904332673907377e-7
1520 1.1904332673907377e-7
1521 1.1904332673907377e-7
1522 1.1904332673907377e-7
1523 1.1904332673907377e-7
1524 1.1904332673907377e-7
1525 1.1904332673907377e-7
1526 1.1904332673907377e-7
1527 1.1904332673907377e-7
1528 1.1904332673907377e-7
1529 1.1979314545080831e-7
1530 1.1979314545080831e-7
1531 1.1979314545080831e-7
1532 1.1979314545080831e-7
1533 1.1979314545080831e-7
1534 1.1979314545080831e-7
1535 1.1979314545080831e-7
1536 1.1979314545080831e-7
1537 1.1979314545080831e-7
1538 1.1979314545080831e-7
1539 1.2084577544782375e-7
1540 1.2084577544782375e-7
1541 1.2084577544782375e-7
1542 1.2084577544782375e-7
1543 1.2084577544782375e-7
1544 1.2084577544782375e-7
1545 1.2084577544782375e-7
1546 1.2190962063235465e-7
1547 1.2190962063235465e-7
1548 1.2190962063235465e-7
1549 1.2190962063235465e-7
1550 1.2190962063235465e-7
1551 1.2190962063235465e-7
1552 1.2190962063235465e-7
1553 1.2190962063235465e-7
1554 1.2190962063235465e-7
1555 1.2190962063235465e-7
1556 1.2190962063235465e-7
1557 1.2190962063235465e-7
1558 1.2190962063235465e-7
1559 1.2190962063235465e-7
1560 1.2190962063235465e-7
1561 1.2190962063235465e-7
1562 1.2190962063235465e-7
1563 1.2190962063235465e-7
1564 1.2190962063235465e-7
1565 1.2190962063235465e-7
1566 1.2190962063235465e-7
1567 1.2190962063235465e-7
1568 1.2190962063235465e-7
1569 1.2190962063235465e-7
1570 1.2190962063235465e-7
1571 1.2190962063235465e-7
1572 1.2227812174620015e-7
1573 1.2227812174620015e-7
1574 1.2227812174620015e-7
1575 1.2227812174620015e-7
1576 1.2227812174620015e-7
1577 1.224992216810892e-7
1578 1.224992216810892e-7
1579 1.224992216810892e-7
1580 1.2494414294954918e-7
1581 1.2494414294954918e-7
1582 1.2494414294954918e-7
1583 1.2494414294954918e-7
1584 1.2584456665566013e-7
1585 1.2584456665566013e-7
1586 1.2584456665566013e-7
1587 1.2584456665566013e-7
1588 1.2584456665566013e-7
1589 1.2647582463903654e-7
1590 1.2647582463903654e-7
1591 1.2647582463903654e-7
1592 1.2753005715494385e-7
1593 1.2753005715494385e-7
1594 1.2753005715494385e-7
1595 1.2753005715494385e-7
1596 1.2753005715494385e-7
1597 1.2753005715494385e-7
1598 1.2784568614663204e-7
1599 1.2784568614663204e-7
1600 1.2833755432314748e-7
1601 1.2833755432314748e-7
1602 1.2833755432314748e-7
1603 1.2833755432314748e-7
1604 1.2833755432314748e-7
1605 1.2833755432314748e-7
1606 1.2833755432314748e-7
1607 1.2833755432314748e-7
1608 1.2833755432314748e-7
1609 1.2896400474984833e-7
1610 1.2896400474984833e-7
1611 1.2896400474984833e-7
1612 1.3009033350279636e-7
1613 1.3009033350279636e-7
1614 1.3009033350279636e-7
1615 1.3112534068145648e-7
1616 1.3112534068145648e-7
1617 1.3112534068145648e-7
1618 1.3112534068145648e-7
1619 1.3112534068145648e-7
1620 1.3112534068145648e-7
1621 1.3112534068145648e-7
1622 1.3112534068145648e-7
1623 1.3184952398037642e-7
1624 1.3184952398037642e-7
1625 1.3184952398037642e-7
1626 1.3184952398037642e-7
1627 1.3184952398037642e-7
1628 1.3184952398037642e-7
1629 1.3184952398037642e-7
1630 1.3184952398037642e-7
1631 1.3184952398037642e-7
1632 1.3184952398037642e-7
1633 1.3184952398037642e-7
1634 1.3284928185523457e-7
1635 1.3284928185523457e-7
1636 1.3284928185523457e-7
1637 1.3284928185523457e-7
1638 1.3284928185523457e-7
1639 1.3284928185523457e-7
1640 1.3284928185523457e-7
1641 1.3284928185523457e-7
1642 1.3284928185523457e-7
1643 1.3284928185523457e-7
1644 1.3284928185523457e-7
1645 1.3284928185523457e-7
1646 1.3284928185523457e-7
1647 1.3284928185523457e-7
1648 1.3329949309710817e-7
1649 1.3329949309710817e-7
1650 1.3329949309710817e-7
1651 1.3395478275204356e-7
1652 1.3395478275204356e-7
1653 1.3395478275204356e-7
1654 1.3395478275204356e-7
1655 1.3395478275204356e-7
1656 1.3395478275204356e-7
1657 1.346661489557381e-7
1658 1.346661489557381e-7
1659 1.346661489557381e-7
1660 1.346661489557381e-7
1661 1.353598917298954e-7
1662 1.353598917298954e-7
1663 1.353598917298954e-7
1664 1.353598917298954e-7
1665 1.353598917298954e-7
1666 1.3641092043038275e-7
1667 1.3641092043038275e-7
1668 1.3883180941610184e-7
1669 1.3883180941610184e-7
1670 1.3883180941610184e-7
1671 1.3883180941610184e-7
1672 1.3883180941610184e-7
1673 1.3883180941610184e-7
1674 1.3883180941610184e-7
1675 1.3883180941610184e-7
1676 1.3883180941610184e-7
1677 1.3925638646752458e-7
1678 1.3925638646752458e-7
1679 1.3925638646752458e-7
1680 1.3925638646752458e-7
1681 1.3925638646752458e-7
1682 1.3925638646752458e-7
1683 1.3925638646752458e-7
1684 1.3925638646752458e-7
1685 1.3925638646752458e-7
1686 1.3925638646752458e-7
1687 1.3925638646752458e-7
1688 1.3925638646752458e-7
1689 1.3925638646752458e-7
1690 1.3925638646752458e-7
1691 1.3925638646752458e-7
1692 1.3925638646752458e-7
1693 1.4193682728499087e-7
1694 1.4193682728499087e-7
1695 1.4257289160267907e-7
1696 1.4257289160267907e-7
1697 1.4257289160267907e-7
1698 1.4257289160267907e-7
1699 1.4257289160267907e-7
1700 1.4257289160267907e-7
1701 1.4257289160267907e-7
1702 1.4257289160267907e-7
1703 1.4257289160267907e-7
1704 1.4257289160267907e-7
1705 1.4257289160267907e-7
1706 1.4257289160267907e-7
1707 1.4257289160267907e-7
1708 1.4332751664872542e-7
1709 1.4332751664872542e-7
1710 1.4409976573549088e-7
1711 1.4409976573549088e-7
1712 1.4409976573549088e-7
1713 1.4477267943114538e-7
1714 1.4477267943114538e-7
1715 1.4477267943114538e-7
1716 1.4477267943114538e-7
1717 1.4477267943114538e-7
1718 1.4477267943114538e-7
1719 1.4477267943114538e-7
1720 1.4477267943114538e-7
1721 1.4520526663229987e-7
1722 1.4520526663229987e-7
1723 1.4520526663229987e-7
1724 1.4520526663229987e-7
1725 1.4566509176516082e-7
1726 1.4566509176516082e-7
1727 1.4566509176516082e-7
1728 1.4626751113148455e-7
1729 1.4626751113148455e-7
1730 1.4626751113148455e-7
1731 1.4626751113148455e-7
1732 1.4626751113148455e-7
1733 1.4626751113148455e-7
1734 1.4626751113148455e-7
1735 1.4626751113148455e-7
1736 1.4626751113148455e-7
1737 1.4626751113148455e-7
1738 1.4656551608245366e-7
1739 1.4656551608245366e-7
1740 1.4731373227529635e-7
1741 1.4731373227529635e-7
1742 1.4731373227529635e-7
1743 1.4731373227529635e-7
1744 1.4731373227529635e-7
1745 1.4731373227529635e-7
1746 1.4764378026991993e-7
1747 1.4764378026991993e-7
1748 1.4764378026991993e-7
1749 1.4764378026991993e-7
1750 1.4764378026991993e-7
1751 1.4764378026991993e-7
1752 1.4764378026991993e-7
1753 1.4764378026991993e-7
1754 1.4764378026991993e-7
1755 1.4764378026991993e-7
1756 1.4764378026991993e-7
1757 1.4764378026991993e-7
1758 1.4764378026991993e-7
1759 1.4764378026991993e-7
1760 1.4780399793291992e-7
1761 1.4780399793291992e-7
1762 1.4780399793291992e-7
1763 1.4868840011720364e-7
1764 1.4868840011720364e-7
1765 1.4868840011720364e-7
1766 1.4868840011720364e-7
1767 1.4868840011720364e-7
1768 1.4868840011720364e-7
1769 1.4868840011720364e-7
1770 1.4868840011720364e-7
1771 1.4868840011720364e-7
1772 1.4963688838879635e-7
1773 1.4963688838879635e-7
1774 1.4963688838879635e-7
1775 1.502040590625e-7
1776 1.5161237246695367e-7
1777 1.5161237246695367e-7
1778 1.5161237246695367e-7
1779 1.5161237246695367e-7
1780 1.5161237246695367e-7
1781 1.5198728243400283e-7
1782 1.5198728243400283e-7
1783 1.5230451272221914e-7
1784 1.5230451272221914e-7
1785 1.5230451272221914e-7
1786 1.5230451272221914e-7
1787 1.5230451272221914e-7
1788 1.5230451272221914e-7
1789 1.5304311624643823e-7
1790 1.5304311624643823e-7
1791 1.5304311624643823e-7
1792 1.5304311624643823e-7
1793 1.5338438065094103e-7
1794 1.5338438065094103e-7
1795 1.5325460473506744e-7
1796 1.5325460473506744e-7
1797 1.5325460473506744e-7
1798 1.5325460473506744e-7
1799 1.5325460473506744e-7
1800 1.5337476798231743e-7
1801 1.5337476798231743e-7
1802 1.5337476798231743e-7
1803 1.5337476798231743e-7
1804 1.5337476798231743e-7
1805 1.5337476798231743e-7
1806 1.5337476798231743e-7
1807 1.5337476798231743e-7
1808 1.5337476798231743e-7
1809 1.5418066263162923e-7
1810 1.5418066263162923e-7
1811 1.5418066263162923e-7
1812 1.5418066263162923e-7
1813 1.5418066263162923e-7
1814 1.5418066263162923e-7
1815 1.5418066263162923e-7
1816 1.5418066263162923e-7
1817 1.5418066263162923e-7
1818 1.5418066263162923e-7
1819 1.5418066263162923e-7
1820 1.5465010043311377e-7
1821 1.5465010043311377e-7
1822 1.5546721026994103e-7
1823 1.5546721026994103e-7
1824 1.5546721026994103e-7
1825 1.560199619407093e-7
1826 1.560199619407093e-7
1827 1.560199619407093e-7
1828 1.560199619407093e-7
1829 1.560199619407093e-7
1830 1.5681784644028936e-7
1831 1.5681784644028936e-7
1832 1.5681784644028936e-7
1833 1.5681784644028936e-7
1834 1.5681784644028936e-7
1835 1.5681784644028936e-7
1836 1.5681784644028936e-7
1837 1.5681784644028936e-7
1838 1.5681784644028936e-7
1839 1.57024527372243e-7
1840 1.57024527372243e-7
1841 1.5800986624416576e-7
1842 1.5800986624416576e-7
1843 1.5800986624416576e-7
1844 1.5800986624416576e-7
1845 1.5800986624416576e-7
1846 1.5800986624416576e-7
1847 1.5800986624416576e-7
1848 1.5800986624416576e-7
1849 1.5800986624416576e-7
1850 1.5895995825701406e-7
1851 1.5895995825701406e-7
1852 1.5895995825701406e-7
1853 1.5914901392588484e-7
1854 1.5914901392588484e-7
1855 1.5914901392588484e-7
1856 1.5962005424626126e-7
1857 1.5962005424626126e-7
1858 1.5962005424626126e-7
1859 1.5962005424626126e-7
1860 1.6028816221878582e-7
1861 1.6076080383569032e-7
1862 1.6076080383569032e-7
1863 1.6076080383569032e-7
1864 1.6076080383569032e-7
1865 1.6076080383569032e-7
1866 1.6076080383569032e-7
1867 1.6076080383569032e-7
1868 1.6076080383569032e-7
1869 1.6076080383569032e-7
1870 1.6137764159376758e-7
1871 1.6193519837648386e-7
1872 1.6193519837648386e-7
1873 1.6193519837648386e-7
1874 1.629862270769712e-7
1875 1.629862270769712e-7
1876 1.629862270769712e-7
1877 1.629862270769712e-7
1878 1.6454033853030758e-7
1879 1.6454033853030758e-7
1880 1.6454033853030758e-7
1881 1.6454033853030758e-7
1882 1.6454033853030758e-7
1883 1.6454033853030758e-7
1884 1.6454033853030758e-7
1885 1.6454033853030758e-7
1886 1.6454033853030758e-7
1887 1.6454033853030758e-7
1888 1.6514435858197753e-7
1889 1.6514435858197753e-7
1890 1.6514435858197753e-7
1891 1.6594224185919382e-7
1892 1.6594224185919382e-7
1893 1.6594224185919382e-7
1894 1.6594224185919382e-7
1895 1.6594224185919382e-7
1896 1.66299527174342e-7
1897 1.66299527174342e-7
1898 1.66299527174342e-7
1899 1.66299527174342e-7
1900 1.66299527174342e-7
1901 1.66299527174342e-7
1902 1.66299527174342e-7
1903 1.66299527174342e-7
1904 1.66299527174342e-7
1905 1.67140669905092e-7
1906 1.67140669905092e-7
1907 1.67140669905092e-7
1908 1.67140669905092e-7
1909 1.67140669905092e-7
1910 1.67140669905092e-7
1911 1.67140669905092e-7
1912 1.67140669905092e-7
1913 1.675219881141629e-7
1914 1.6720155278816292e-7
1915 1.6720155278816292e-7
1916 1.6678498710883566e-7
1917 1.6678498710883566e-7
1918 1.6678498710883566e-7
1919 1.6678498710883566e-7
1920 1.6678498710883566e-7
1921 1.6678498710883566e-7
1922 1.6678498710883566e-7
1923 1.671903388230112e-7
1924 1.671903388230112e-7
1925 1.671903388230112e-7
1926 1.671903388230112e-7
1927 1.671903388230112e-7
1928 1.671903388230112e-7
1929 1.6560899004915025e-7
1930 1.6621621513860392e-7
1931 1.6621621513860392e-7
1932 1.6621621513860392e-7
1933 1.6621621513860392e-7
1934 1.66794600999823e-7
1935 1.66794600999823e-7
1936 1.6622582841840937e-7
1937 1.6622582841840937e-7
1938 1.6597428673639393e-7
1939 1.6597428673639393e-7
1940 1.654183318613876e-7
1941 1.654183318613876e-7
1942 1.6531258822825487e-7
1943 1.6531258822825487e-7
1944 1.6531258822825487e-7
1945 1.6482712890494307e-7
1946 1.6482712890494307e-7
1947 1.6482712890494307e-7
1948 1.6482712890494307e-7
1949 1.6482712890494307e-7
1950 1.6482712890494307e-7
1951 1.6532700723119027e-7
1952 1.6532700723119027e-7
1953 1.6532700723119027e-7
1954 1.6532700723119027e-7
1955 1.6532700723119027e-7
1956 1.6532700723119027e-7
1957 1.6532700723119027e-7
1958 1.6532700723119027e-7
1959 1.6532700723119027e-7
1960 1.6532700723119027e-7
1961 1.6532700723119027e-7
1962 1.6532700723119027e-7
1963 1.6532700723119027e-7
1964 1.6532700723119027e-7
1965 1.6532700723119027e-7
1966 1.6543435277203297e-7
1967 1.6543435277203297e-7
1968 1.6543435277203297e-7
1969 1.6688432188876473e-7
1970 1.6688432188876473e-7
1971 1.6688432188876473e-7
1972 1.6688432188876473e-7
1973 1.6688432188876473e-7
1974 1.6688432188876473e-7
1975 1.6688432188876473e-7
1976 1.6688432188876473e-7
1977 1.6688432188876473e-7
1978 1.6688432188876473e-7
1979 1.6688432188876473e-7
1980 1.6688432188876473e-7
1981 1.6688432188876473e-7
1982 1.6688432188876473e-7
1983 1.6688432188876473e-7
1984 1.6688432188876473e-7
1985 1.6752359002187286e-7
1986 1.6752359002187286e-7
1987 1.6752359002187286e-7
1988 1.6752359002187286e-7
1989 1.6752359002187286e-7
1990 1.6752359002187286e-7
1991 1.6752359002187286e-7
1992 1.6752359002187286e-7
1993 1.6752359002187286e-7
1994 1.6752359002187286e-7
1995 1.6930521087448382e-7
1996 1.6930521087448382e-7
1997 1.6930521087448382e-7
1998 1.6930521087448382e-7
1999 1.7183344540104562e-7
2000 1.7183344540104562e-7
2001 1.726441463846692e-7
2002 1.726441463846692e-7
2003 1.726441463846692e-7
2004 1.7378810040070012e-7
2005 1.7378810040070012e-7
2006 1.7563380734062007e-7
2007 1.7563380734062007e-7
2008 1.7563380734062007e-7
2009 1.7563380734062007e-7
2010 1.7563380734062007e-7
2011 1.7563380734062007e-7
2012 1.7563380734062007e-7
2013 1.7706615363899647e-7
2014 1.7706615363899647e-7
2015 1.7706615363899647e-7
2016 1.7899677696709199e-7
2017 1.7899677696709199e-7
2018 1.80959443338842e-7
2019 1.80959443338842e-7
2020 1.81055574914533e-7
2021 1.81055574914533e-7
2022 1.8189832016417484e-7
2023 1.8189832016417484e-7
2024 1.8390905110140658e-7
2025 1.8390905110140658e-7
2026 1.8453390023157932e-7
2027 1.8453390023157932e-7
2028 1.8660391153299012e-7
2029 1.8660391153299012e-7
2030 1.8764853076909194e-7
2031 1.8764853076909194e-7
2032 1.8764853076909194e-7
2033 1.8764853076909194e-7
2034 1.8764853076909194e-7
2035 1.8764853076909194e-7
2036 1.8764853076909194e-7
2037 1.8764853076909194e-7
2038 1.8764853076909194e-7
2039 1.8764853076909194e-7
2040 1.8764853076909194e-7
2041 1.8764853076909194e-7
2042 1.8764853076909194e-7
2043 1.8764853076909194e-7
2044 1.8764853076909194e-7
2045 1.8872519366003015e-7
2046 1.8872519366003015e-7
2047 1.8872519366003015e-7
2048 1.8997168688259195e-7
2049 1.8997168688259195e-7
2050 1.8997168688259195e-7
2051 1.8997168688259195e-7
2052 1.8997168688259195e-7
2053 1.8997168688259195e-7
2054 1.8997168688259195e-7
2055 1.902584766460456e-7
2056 1.902584766460456e-7
2057 1.904667600968911e-7
2058 1.904667600968911e-7
2059 1.904667600968911e-7
2060 1.904667600968911e-7
2061 1.904667600968911e-7
2062 1.904667600968911e-7
2063 1.904667600968911e-7
2064 1.904667600968911e-7
2065 1.904667600968911e-7
2066 1.904667600968911e-7
2067 1.904667600968911e-7
2068 1.904667600968911e-7
2069 1.904667600968911e-7
2070 1.904667600968911e-7
2071 1.909762510917619e-7
2072 1.909762510917619e-7
2073 1.909762510917619e-7
2074 1.909762510917619e-7
2075 1.9201446208584194e-7
2076 1.9201446208584194e-7
2077 1.9201446208584194e-7
2078 1.9201446208584194e-7
2079 1.9201446208584194e-7
2080 1.9201446208584194e-7
2081 1.9201446208584194e-7
2082 1.9242782394974925e-7
2083 1.9242782394974925e-7
2084 1.9242782394974925e-7
2085 1.9242782394974925e-7
2086 1.9242782394974925e-7
2087 1.9242782394974925e-7
2088 1.9242782394974925e-7
2089 1.9242782394974925e-7
2090 1.9242782394974925e-7
2091 1.9242782394974925e-7
2092 1.9242782394974925e-7
2093 1.9242782394974925e-7
2094 1.9242782394974925e-7
2095 1.9242782394974925e-7
2096 1.9242782394974925e-7
2097 1.9242782394974925e-7
2098 1.9242782394974925e-7
2099 1.9242782394974925e-7
2100 1.9242782394974925e-7
2101 1.9242782394974925e-7
2102 1.9242782394974925e-7
2103 1.9242782394974925e-7
2104 1.9242782394974925e-7
2105 1.9242782394974925e-7
2106 1.9242782394974925e-7
2107 1.9242782394974925e-7
2108 1.9270339730332368e-7
2109 1.9270339730332368e-7
2110 1.9270339730332368e-7
2111 1.9270339730332368e-7
2112 1.9270339730332368e-7
2113 1.9270339730332368e-7
2114 1.9270339730332368e-7
2115 1.9270339730332368e-7
2116 1.9270339730332368e-7
2117 1.9270339730332368e-7
2118 1.9270339730332368e-7
2119 1.9270339730332368e-7
2120 1.9270339730332368e-7
2121 1.9270339730332368e-7
2122 1.9270339730332368e-7
2123 1.9270339730332368e-7
2124 1.9270339730332368e-7
2125 1.9270339730332368e-7
2126 1.9270339730332368e-7
2127 1.9270339730332368e-7
2128 1.9270339730332368e-7
2129 1.9270339730332368e-7
2130 1.9270339730332368e-7
2131 1.9270339730332368e-7
2132 1.9270339730332368e-7
2133 1.9270339730332368e-7
2134 1.9270339730332368e-7
2135 1.9290847571638547e-7
2136 1.9290847571638547e-7
2137 1.9419021702038548e-7
2138 1.9419021702038548e-7
2139 1.9419021702038548e-7
2140 1.9419021702038548e-7
2141 1.9419021702038548e-7
2142 1.9419021702038548e-7
2143 1.9419021702038548e-7
2144 1.9419021702038548e-7
2145 1.9419021702038548e-7
2146 1.9419021702038548e-7
2147 1.9419021702038548e-7
2148 1.9419021702038548e-7
2149 1.9419021702038548e-7
2150 1.9419021702038548e-7
2151 1.9419021702038548e-7
2152 1.9419021702038548e-7
2153 1.9553284181863827e-7
2154 1.9553284181863827e-7
2155 1.9553284181863827e-7
2156 1.9553284181863827e-7
2157 1.9553284181863827e-7
2158 1.9785760045103012e-7
2159 1.9785760045103012e-7
2160 1.9854653689087563e-7
2161 1.9854653689087563e-7
2162 1.9882852032001748e-7
2163 1.9882852032001748e-7
2164 2.0011987429264108e-7
2165 2.0011987429264108e-7
2166 2.0011987429264108e-7
2167 2.0083764934953925e-7
2168 2.0168039337681734e-7
2169 2.0168039337681734e-7
2170 2.0168039337681734e-7
2171 2.0168039337681734e-7
2172 2.0168039337681734e-7
2173 2.0247347031972182e-7
2174 2.030566631264346e-7
2175 2.030566631264346e-7
2176 2.030566631264346e-7
2177 2.030566631264346e-7
2178 2.030566631264346e-7
2179 2.030566631264346e-7
2180 2.041397336482127e-7
2181 2.041397336482127e-7
2182 2.042422728547436e-7
2183 2.042422728547436e-7
2184 2.042422728547436e-7
2185 2.0612162657957366e-7
2186 2.0680255286968742e-7
2187 2.0680255286968742e-7
2188 2.0769336329599288e-7
2189 2.0769336329599288e-7
2190 2.0854411930654837e-7
2191 2.0854411930654837e-7
2192 2.0984028083584752e-7
2193 2.0984028083584752e-7
2194 2.0984028083584752e-7
2195 2.0984028083584752e-7
2196 2.0984028083584752e-7
2197 2.0984028083584752e-7
2198 2.1092976143319303e-7
2199 2.1092976143319303e-7
2200 2.1118290563410034e-7
2201 2.1118290563410034e-7
2202 2.1219067365869022e-7
2203 2.1219067365869022e-7
2204 2.132961751666811e-7
2205 2.132961751666811e-7
2206 2.132961751666811e-7
2207 2.132961751666811e-7
2208 2.132961751666811e-7
2209 2.132961751666811e-7
2210 2.132961751666811e-7
2211 2.132961751666811e-7
2212 2.132961751666811e-7
2213 2.132961751666811e-7
2214 2.1399953060946202e-7
2215 2.1399953060946202e-7
2216 2.1399953060946202e-7
2217 2.1503133275033842e-7
2218 2.1503133275033842e-7
2219 2.1503133275033842e-7
2220 2.1671201630412844e-7
2221 2.1671201630412844e-7
2222 2.173160363557984e-7
2223 2.173160363557984e-7
2224 2.185577232440484e-7
2225 2.185577232440484e-7
2226 2.185577232440484e-7
2227 2.185577232440484e-7
2228 2.185577232440484e-7
2229 2.188557281950175e-7
2230 2.2048674405325207e-7
2231 2.2112761470525207e-7
2232 2.2112761470525207e-7
2233 2.2112761470525207e-7
2234 2.2112761470525207e-7
2235 2.2119170201492482e-7
2236 2.2119170201492482e-7
2237 2.2119170201492482e-7
2238 2.2180052840090657e-7
2239 2.2180052840090657e-7
2240 2.2180052840090657e-7
2241 2.2180052840090657e-7
2242 2.228435457292984e-7
2243 2.2310630259882931e-7
2244 2.2310630259882931e-7
2245 2.2310630259882931e-7
2246 2.2310630259882931e-7
2247 2.2310630259882931e-7
2248 2.2310630259882931e-7
2249 2.2310630259882931e-7
2250 2.239025845795175e-7
2251 2.239025845795175e-7
2252 2.239025845795175e-7
2253 2.239025845795175e-7
2254 2.239025845795175e-7
2255 2.239025845795175e-7
2256 2.2483985766359476e-7
2257 2.2483985766359476e-7
2258 2.2483985766359476e-7
2259 2.2422141799780755e-7
2260 2.2422141799780755e-7
2261 2.2422141799780755e-7
2262 2.2422141799780755e-7
2263 2.2422141799780755e-7
2264 2.2422141799780755e-7
2265 2.2422141799780755e-7
2266 2.2422141799780755e-7
2267 2.2422141799780755e-7
2268 2.2422141799780755e-7
2269 2.246636190899494e-7
2270 2.246636190899494e-7
2271 2.2506576576634126e-7
2272 2.2506576576634126e-7
2273 2.2547752511135672e-7
2274 2.2547752511135672e-7
2275 2.2703323847240307e-7
2276 2.2703323847240307e-7
2277 2.2812111777322047e-7
2278 2.2812111777322047e-7
2279 2.2812111777322047e-7
2280 2.2812111777322047e-7
2281 2.2812111777322047e-7
2282 2.2812111777322047e-7
2283 2.2812111777322047e-7
2284 2.2812111777322047e-7
2285 2.2812111777322047e-7
2286 2.2812111777322047e-7
2287 2.2812111777322047e-7
2288 2.2884690359103228e-7
2289 2.2884690359103228e-7
2290 2.2884690359103228e-7
2291 2.2884690359103228e-7
2292 2.2884690359103228e-7
2293 2.2884690359103228e-7
2294 2.2884690359103228e-7
2295 2.2884690359103228e-7
2296 2.2884690359103228e-7
2297 2.2900712125403227e-7
2298 2.2900712125403227e-7
2299 2.2900712125403227e-7
2300 2.2900712125403227e-7
2301 2.2900712125403227e-7
2302 2.2900712125403227e-7
2303 2.2900712125403227e-7
2304 2.2900712125403227e-7
2305 2.2900712125403227e-7
2306 2.3004533224811231e-7
2307 2.3004533224811231e-7
2308 2.3004533224811231e-7
2309 2.3004533224811231e-7
2310 2.3004533224811231e-7
2311 2.3054841561214322e-7
2312 2.3101785341362777e-7
2313 2.3101785341362777e-7
2314 2.3101785341362777e-7
2315 2.3197755687273592e-7
2316 2.3197755687273592e-7
2317 2.3197755687273592e-7
2318 2.3197755687273592e-7
2319 2.3197755687273592e-7
2320 2.3197755687273592e-7
2321 2.3197755687273592e-7
2322 2.3197755687273592e-7
2323 2.3197755687273592e-7
2324 2.3197755687273592e-7
2325 2.3197755687273592e-7
2326 2.3197755687273592e-7
2327 2.3197755687273592e-7
2328 2.3197755687273592e-7
2329 2.3197755687273592e-7
2330 2.3197755687273592e-7
2331 2.3197755687273592e-7
2332 2.3197755687273592e-7
2333 2.3197755687273592e-7
2334 2.3197755687273592e-7
2335 2.3197755687273592e-7
2336 2.3197755687273592e-7
2337 2.3197755687273592e-7
2338 2.3197755687273592e-7
2339 2.3197755687273592e-7
2340 2.3197755687273592e-7
2341 2.3197755687273592e-7
2342 2.3197755687273592e-7
2343 2.3197755687273592e-7
2344 2.3197755687273592e-7
2345 2.3197755687273592e-7
2346 2.3197755687273592e-7
2347 2.3197755687273592e-7
2348 2.3197755687273592e-7
2349 2.3197755687273592e-7
2350 2.3197755687273592e-7
2351 2.3197755687273592e-7
2352 2.3197755687273592e-7
2353 2.3197755687273592e-7
2354 2.3197755687273592e-7
2355 2.3197755687273592e-7
2356 2.3197755687273592e-7
2357 2.3197755687273592e-7
2358 2.3197755687273592e-7
2359 2.3197755687273592e-7
2360 2.3197755687273592e-7
2361 2.3197755687273592e-7
2362 2.3197755687273592e-7
2363 2.3197755687273592e-7
2364 2.3197755687273592e-7
2365 2.3197755687273592e-7
2366 2.3261362119042412e-7
2367 2.3261362119042412e-7
2368 2.3261362119042412e-7
2369 2.3261362119042412e-7
2370 2.3261362119042412e-7
2371 2.3261362119042412e-7
2372 2.3261362119042412e-7
2373 2.3261362119042412e-7
2374 2.3261362119042412e-7
2375 2.3261362119042412e-7
2376 2.3261362119042412e-7
2377 2.3261362119042412e-7
2378 2.3261362119042412e-7
2379 2.3261362119042412e-7
2380 2.3261362119042412e-7
2381 2.3261362119042412e-7
2382 2.3261362119042412e-7
2383 2.3261362119042412e-7
2384 2.3261362119042412e-7
2385 2.3261362119042412e-7
2386 2.3286516287243956e-7
2387 2.3286516287243956e-7
2388 2.3286516287243956e-7
2389 2.3286516287243956e-7
2390 2.3286516287243956e-7
2391 2.3286516287243956e-7
2392 2.3286516287243956e-7
2393 2.3473009637197046e-7
2394 2.3473009637197046e-7
2395 2.3496721782868675e-7
2396 2.3496721782868675e-7
2397 2.3496721782868675e-7
2398 2.3496721782868675e-7
2399 2.3496721782868675e-7
2400 2.3557764673356034e-7
2401 2.3557764673356034e-7
2402 2.3557764673356034e-7
2403 2.3557764673356034e-7
2404 2.3557764673356034e-7
2405 2.3611277375242761e-7
2406 2.3611277375242761e-7
2407 2.3678408492919024e-7
2408 2.3678408492919024e-7
2409 2.3748583785307928e-7
2410 2.3748583785307928e-7
2411 2.3748583785307928e-7
2412 2.3748583785307928e-7
2413 2.3748583785307928e-7
2414 2.3748583785307928e-7
2415 2.3748583785307928e-7
2416 2.3784152126051748e-7
2417 2.3825808693984474e-7
2418 2.3825808693984474e-7
2419 2.401326337191811e-7
2420 2.401326337191811e-7
2421 2.401326337191811e-7
2422 2.401326337191811e-7
2423 2.401326337191811e-7
2424 2.401326337191811e-7
2425 2.401326337191811e-7
2426 2.401326337191811e-7
2427 2.401326337191811e-7
2428 2.401326337191811e-7
2429 2.401326337191811e-7
2430 2.401326337191811e-7
2431 2.401326337191811e-7
2432 2.406277069334803e-7
2433 2.406277069334803e-7
2434 2.4157619520507296e-7
2435 2.4157619520507296e-7
2436 2.4158741161495213e-7
2437 2.4158741161495213e-7
2438 2.4158741161495213e-7
2439 2.4158741161495213e-7
2440 2.428643471958222e-7
2441 2.428643471958222e-7
2442 2.428643471958222e-7
2443 2.428643471958222e-7
2444 2.428643471958222e-7
2445 2.428643471958222e-7
2446 2.428643471958222e-7
2447 2.428643471958222e-7
2448 2.428643471958222e-7
2449 2.428643471958222e-7
2450 2.428643471958222e-7
2451 2.428643471958222e-7
2452 2.428643471958222e-7
2453 2.428643471958222e-7
2454 2.428643471958222e-7
2455 2.428643471958222e-7
2456 2.428643471958222e-7
2457 2.428643471958222e-7
2458 2.428643471958222e-7
2459 2.428643471958222e-7
2460 2.428643471958222e-7
2461 2.428643471958222e-7
2462 2.428643471958222e-7
2463 2.428643471958222e-7
2464 2.428643471958222e-7
2465 2.428643471958222e-7
2466 2.428643471958222e-7
2467 2.437006835922604e-7
2468 2.437006835922604e-7
2469 2.437006835922604e-7
2470 2.437006835922604e-7
2471 2.437006835922604e-7
2472 2.437006835922604e-7
2473 2.437006835922604e-7
2474 2.437006835922604e-7
2475 2.437006835922604e-7
2476 2.437006835922604e-7
2477 2.437006835922604e-7
2478 2.441460884998222e-7
2479 2.4448414908890505e-7
2480 2.4448414908890505e-7
2481 2.4448414908890505e-7
2482 2.4448414908890505e-7
2483 2.4448414908890505e-7
2484 2.4448414908890505e-7
2485 2.4448414908890505e-7
2486 2.4448414908890505e-7
2487 2.4502248053437414e-7
2488 2.4502248053437414e-7
2489 2.4502248053437414e-7
2490 2.4502248053437414e-7
2491 2.4502248053437414e-7
2492 2.4502248053437414e-7
2493 2.4502248053437414e-7
2494 2.4502248053437414e-7
2495 2.4502248053437414e-7
2496 2.4502248053437414e-7
2497 2.4502248053437414e-7
2498 2.4502248053437414e-7
2499 2.4632985602882497e-7
2500 2.4632985602882497e-7
2501 2.4632985602882497e-7
2502 2.4632985602882497e-7
2503 2.4632985602882497e-7
2504 2.4632985602882497e-7
2505 2.4632985602882497e-7
2506 2.4632985602882497e-7
2507 2.4632985602882497e-7
2508 2.470796747405595e-7
2509 2.470796747405595e-7
2510 2.470796747405595e-7
2511 2.470796747405595e-7
2512 2.479416459386305e-7
2513 2.479416459386305e-7
2514 2.479416459386305e-7
2515 2.479416459386305e-7
2516 2.479416459386305e-7
2517 2.479416459386305e-7
2518 2.479416459386305e-7
2519 2.479416459386305e-7
2520 2.479416459386305e-7
2521 2.479416459386305e-7
2522 2.479416459386305e-7
2523 2.479416459386305e-7
2524 2.479416459386305e-7
2525 2.479416459386305e-7
2526 2.479416459386305e-7
2527 2.479416459386305e-7
2528 2.479416459386305e-7
2529 2.479416459386305e-7
2530 2.479416459386305e-7
2531 2.479416459386305e-7
2532 2.479416459386305e-7
2533 2.479416459386305e-7
2534 2.479416459386305e-7
2535 2.479416459386305e-7
2536 2.479416459386305e-7
2537 2.479416459386305e-7
2538 2.479416459386305e-7
2539 2.479416459386305e-7
2540 2.479416459386305e-7
2541 2.479416459386305e-7
2542 2.479416459386305e-7
2543 2.479416459386305e-7
2544 2.479416459386305e-7
2545 2.479416459386305e-7
2546 2.479416459386305e-7
2547 2.479416459386305e-7
2548 2.479416459386305e-7
2549 2.479416459386305e-7
2550 2.479416459386305e-7
2551 2.479416459386305e-7
2552 2.4943006695222036e-7
2553 2.4943006695222036e-7
2554 2.4943006695222036e-7
2555 2.506124734762913e-7
2556 2.506124734762913e-7
2557 2.506124734762913e-7
2558 2.506124734762913e-7
2559 2.506124734762913e-7
2560 2.506124734762913e-7
2561 2.506124734762913e-7
2562 2.506124734762913e-7
2563 2.506124734762913e-7
2564 2.506124734762913e-7
2565 2.506124734762913e-7
2566 2.506124734762913e-7
2567 2.506124734762913e-7
2568 2.506124734762913e-7
2569 2.506124734762913e-7
2570 2.506124734762913e-7
2571 2.5130461373155677e-7
2572 2.5130461373155677e-7
2573 2.5130461373155677e-7
2574 2.514728427666523e-7
2575 2.514728427666523e-7
2576 2.514728427666523e-7
2577 2.514728427666523e-7
2578 2.514728427666523e-7
2579 2.514728427666523e-7
2580 2.514728427666523e-7
2581 2.514728427666523e-7
2582 2.514728427666523e-7
2583 2.514728427666523e-7
2584 2.514728427666523e-7
2585 2.514728427666523e-7
2586 2.514728427666523e-7
2587 2.514728427666523e-7
2588 2.514728427666523e-7
2589 2.514728427666523e-7
2590 2.514728427666523e-7
2591 2.514728427666523e-7
2592 2.514728427666523e-7
2593 2.514728427666523e-7
2594 2.514728427666523e-7
2595 2.514728427666523e-7
2596 2.514728427666523e-7
2597 2.514728427666523e-7
2598 2.514728427666523e-7
2599 2.514728427666523e-7
2600 2.514728427666523e-7
2601 2.514728427666523e-7
2602 2.514728427666523e-7
2603 2.514728427666523e-7
2604 2.514728427666523e-7
2605 2.514728427666523e-7
2606 2.514728427666523e-7
2607 2.514728427666523e-7
2608 2.521265311250596e-7
2609 2.521265311250596e-7
2610 2.5316954845345145e-7
2611 2.5316954845345145e-7
2612 2.5316954845345145e-7
2613 2.5316954845345145e-7
2614 2.5316954845345145e-7
2615 2.542045544097478e-7
2616 2.542045544097478e-7
2617 2.542045544097478e-7
2618 2.542045544097478e-7
2619 2.542045544097478e-7
2620 2.542045544097478e-7
2621 2.542045544097478e-7
2622 2.542045544097478e-7
2623 2.542045544097478e-7
2624 2.542045544097478e-7
2625 2.542045544097478e-7
2626 2.542045544097478e-7
2627 2.542045544097478e-7
2628 2.542045544097478e-7
2629 2.542045544097478e-7
2630 2.542045544097478e-7
2631 2.542045544097478e-7
2632 2.542045544097478e-7
2633 2.545073656950287e-7
2634 2.545073656950287e-7
2635 2.545073656950287e-7
2636 2.545073656950287e-7
2637 2.552764109663742e-7
2638 2.552764109663742e-7
2639 2.552764109663742e-7
2640 2.552764109663742e-7
2641 2.552764109663742e-7
2642 2.552764109663742e-7
2643 2.552764109663742e-7
2644 2.552764109663742e-7
2645 2.552764109663742e-7
2646 2.5601982204726886e-7
2647 2.5601982204726886e-7
2648 2.560630808896207e-7
2649 2.560630808896207e-7
2650 2.560630808896207e-7
2651 2.560630808896207e-7
2652 2.560630808896207e-7
2653 2.5547187732199426e-7
2654 2.5547187732199426e-7
2655 2.5547187732199426e-7
2656 2.5547187732199426e-7
2657 2.5547187732199426e-7
2658 2.5547187732199426e-7
2659 2.5547187732199426e-7
2660 2.5547187732199426e-7
2661 2.5547187732199426e-7
2662 2.5563369628152234e-7
2663 2.5563369628152234e-7
2664 2.5563369628152234e-7
2665 2.5563369628152234e-7
2666 2.5563369628152234e-7
2667 2.5563369628152234e-7
2668 2.5563369628152234e-7
2669 2.5563369628152234e-7
2670 2.5563369628152234e-7
2671 2.5563369628152234e-7
2672 2.563066111995406e-7
2673 2.563066111995406e-7
2674 2.563066111995406e-7
2675 2.563066111995406e-7
2676 2.563066111995406e-7
2677 2.563066111995406e-7
2678 2.57162172933226e-7
2679 2.57162172933226e-7
2680 2.57162172933226e-7
2681 2.57162172933226e-7
2682 2.57162172933226e-7
2683 2.57162172933226e-7
2684 2.57162172933226e-7
2685 2.5748581207464596e-7
2686 2.5748581207464596e-7
2687 2.5748581207464596e-7
2688 2.5748581207464596e-7
2689 2.5748581207464596e-7
2690 2.5748581207464596e-7
2691 2.5748581207464596e-7
2692 2.5748581207464596e-7
2693 2.5748581207464596e-7
2694 2.5748581207464596e-7
2695 2.5748581207464596e-7
2696 2.5766846011267685e-7
2697 2.5766846011267685e-7
2698 2.5766846011267685e-7
2699 2.5766846011267685e-7
2700 2.5766846011267685e-7
2701 2.5766846011267685e-7
2702 2.5766846011267685e-7
2703 2.5940521960404417e-7
2704 2.5940521960404417e-7
2705 2.5940521960404417e-7
2706 2.5940521960404417e-7
2707 2.5940521960404417e-7
2708 2.5940521960404417e-7
2709 2.6042099961191145e-7
2710 2.6042099961191145e-7
2711 2.6042099961191145e-7
2712 2.6042099961191145e-7
2713 2.606276805438651e-7
2714 2.606276805438651e-7
2715 2.606276805438651e-7
2716 2.606276805438651e-7
2717 2.606276805438651e-7
2718 2.606276805438651e-7
2719 2.606276805438651e-7
2720 2.613486600273651e-7
2721 2.613486600273651e-7
2722 2.613486600273651e-7
2723 2.613486600273651e-7
2724 2.613486600273651e-7
2725 2.613486600273651e-7
2726 2.613486600273651e-7
2727 2.613486600273651e-7
2728 2.613486600273651e-7
2729 2.613486600273651e-7
2730 2.613486600273651e-7
2731 2.613486600273651e-7
2732 2.613486600273651e-7
2733 2.613486600273651e-7
2734 2.615617498125224e-7
2735 2.617924636383988e-7
2736 2.617924636383988e-7
2737 2.6310144287410524e-7
2738 2.6310144287410524e-7
2739 2.6310144287410524e-7
2740 2.6310144287410524e-7
2741 2.6346673895016703e-7
2742 2.6346673895016703e-7
2743 2.6346673895016703e-7
2744 2.6346673895016703e-7
2745 2.6449213223783977e-7
2746 2.6519388516172884e-7
2747 2.6579470139797886e-7
2748 2.6742411534850344e-7
2749 2.6742411534850344e-7
2750 2.6742411534850344e-7
2751 2.6797205946259613e-7
2752 2.6797205946259613e-7
2753 2.6797205946259613e-7
2754 2.6797205946259613e-7
2755 2.6797205946259613e-7
2756 2.6797205946259613e-7
2757 2.6797205946259613e-7
2758 2.6797205946259613e-7
2759 2.6797205946259613e-7
2760 2.6872508198975064e-7
2761 2.6872508198975064e-7
2762 2.6872508198975064e-7
2763 2.6872508198975064e-7
2764 2.6872508198975064e-7
2765 2.6872508198975064e-7
2766 2.7114917540207157e-7
2767 2.7114917540207157e-7
2768 2.7114917540207157e-7
2769 2.7114917540207157e-7
2770 2.7114917540207157e-7
2771 2.7114917540207157e-7
2772 2.7114917540207157e-7
2773 2.7114917540207157e-7
2774 2.7114917540207157e-7
2775 2.7114917540207157e-7
2776 2.7114917540207157e-7
2777 2.7114917540207157e-7
2778 2.7114917540207157e-7
2779 2.7114917540207157e-7
2780 2.7114917540207157e-7
2781 2.7114917540207157e-7
2782 2.7114917540207157e-7
2783 2.7114917540207157e-7
2784 2.7114917540207157e-7
2785 2.7114917540207157e-7
2786 2.7114917540207157e-7
2787 2.7114917540207157e-7
2788 2.7114917540207157e-7
2789 2.7114917540207157e-7
2790 2.7114917540207157e-7
2791 2.7114917540207157e-7
2792 2.7114917540207157e-7
2793 2.7114917540207157e-7
2794 2.7114917540207157e-7
2795 2.7114917540207157e-7
2796 2.7114917540207157e-7
2797 2.7114917540207157e-7
2798 2.7114917540207157e-7
2799 2.713125968804915e-7
2800 2.713125968804915e-7
2801 2.713125968804915e-7
2802 2.713125968804915e-7
2803 2.713125968804915e-7
2804 2.713125968804915e-7
2805 2.7196788775779065e-7
2806 2.7196788775779065e-7
2807 2.7196788775779065e-7
2808 2.726680393851516e-7
2809 2.726680393851516e-7
2810 2.726680393851516e-7
2811 2.726680393851516e-7
2812 2.729516253331853e-7
2813 2.729516253331853e-7
2814 2.729516253331853e-7
2815 2.729516253331853e-7
2816 2.729516253331853e-7
2817 2.746883842133707e-7
2818 2.744176165829262e-7
2819 2.744176165829262e-7
2820 2.744176165829262e-7
2821 2.744176165829262e-7
2822 2.7491909742806524e-7
2823 2.7491909742806524e-7
2824 2.7491909742806524e-7
2825 2.7491909742806524e-7
2826 2.762713348949416e-7
2827 2.762713348949416e-7
2828 2.758083053354788e-7
2829 2.758083053354788e-7
2830 2.758083053354788e-7
2831 2.758083053354788e-7
2832 2.758083053354788e-7
2833 2.7690419478602796e-7
2834 2.7690419478602796e-7
2835 2.7690419478602796e-7
2836 2.7690419478602796e-7
2837 2.7690419478602796e-7
2838 2.7713490861190434e-7
2839 2.7713490861190434e-7
2840 2.7713490861190434e-7
2841 2.7713490861190434e-7
2842 2.7713490861190434e-7
2843 2.7713490861190434e-7
2844 2.7713490861190434e-7
2845 2.7713490861190434e-7
2846 2.7713490861190434e-7
2847 2.7713490861190434e-7
2848 2.7713490861190434e-7
2849 2.7713490861190434e-7
2850 2.7713490861190434e-7
2851 2.7713490861190434e-7
2852 2.7713490861190434e-7
2853 2.7713490861190434e-7
2854 2.7713490861190434e-7
2855 2.7713490861190434e-7
2856 2.7713490861190434e-7
2857 2.7713490861190434e-7
2858 2.7713490861190434e-7
2859 2.7713490861190434e-7
2860 2.7713490861190434e-7
2861 2.7756108818221895e-7
2862 2.7756108818221895e-7
2863 2.7756108818221895e-7
2864 2.7756108818221895e-7
2865 2.7756108818221895e-7
2866 2.7756108818221895e-7
2867 2.7756108818221895e-7
2868 2.7756108818221895e-7
2869 2.7796163233971895e-7
2870 2.7796163233971895e-7
2871 2.7796163233971895e-7
2872 2.7796163233971895e-7
2873 2.7796163233971895e-7
2874 2.7796163233971895e-7
2875 2.7796163233971895e-7
2876 2.7796163233971895e-7
2877 2.7796163233971895e-7
2878 2.7796163233971895e-7
2879 2.7796163233971895e-7
2880 2.7796163233971895e-7
2881 2.7796163233971895e-7
2882 2.781042247396361e-7
2883 2.781042247396361e-7
2884 2.781042247396361e-7
2885 2.7883161246515787e-7
2886 2.7883161246515787e-7
2887 2.7883161246515787e-7
2888 2.7883161246515787e-7
2889 2.7883161246515787e-7
2890 2.7883161246515787e-7
2891 2.794180096984725e-7
2892 2.794180096984725e-7
2893 2.794180096984725e-7
2894 2.794180096984725e-7
2895 2.794180096984725e-7
2896 2.794180096984725e-7
2897 2.794180096984725e-7
2898 2.794180096984725e-7
2899 2.794180096984725e-7
2900 2.80371304304377e-7
2901 2.80371304304377e-7
2902 2.810986926410806e-7
2903 2.810986926410806e-7
2904 2.810986926410806e-7
2905 2.834314620343861e-7
2906 2.834314620343861e-7
2907 2.834314620343861e-7
2908 2.834314620343861e-7
2909 2.834314620343861e-7
2910 2.834314620343861e-7
2911 2.834314620343861e-7
2912 2.834314620343861e-7
2913 2.8407874153958976e-7
2914 2.8407874153958976e-7
2915 2.8407874153958976e-7
2916 2.848782273356979e-7
2917 2.855319156941052e-7
2918 2.855319156941052e-7
2919 2.855319156941052e-7
2920 2.855319156941052e-7
2921 2.855319156941052e-7
2922 2.855319156941052e-7
2923 2.855319156941052e-7
2924 2.85940470001337e-7
2925 2.85940470001337e-7
2926 2.85940470001337e-7
2927 2.8708602531389595e-7
2928 2.8708602531389595e-7
2929 2.8708602531389595e-7
2930 2.90487446837226e-7
2931 2.90487446837226e-7
2932 2.90487446837226e-7
2933 2.90487446837226e-7
2934 2.90487446837226e-7
2935 2.90487446837226e-7
2936 2.90487446837226e-7
2937 2.90487446837226e-7
2938 2.90487446837226e-7
2939 2.90487446837226e-7
2940 2.9147759204346053e-7
2941 2.9147759204346053e-7
2942 2.9147759204346053e-7
2943 2.9147759204346053e-7
2944 2.9147759204346053e-7
2945 2.920543753857878e-7
2946 2.920543753857878e-7
2947 2.921264734563742e-7
2948 2.930140794560778e-7
2949 2.930140794560778e-7
2950 2.930140794560778e-7
2951 2.930140794560778e-7
2952 2.930140794560778e-7
2953 2.930140794560778e-7
2954 2.930140794560778e-7
2955 2.930140794560778e-7
2956 2.930140794560778e-7
2957 2.930140794560778e-7
2958 2.9443841499354064e-7
2959 2.9443841499354064e-7
2960 2.9443841499354064e-7
2961 2.9443841499354064e-7
2962 2.9443841499354064e-7
2963 2.9443841499354064e-7
2964 2.9443841499354064e-7
2965 2.9443841499354064e-7
2966 2.949943692573651e-7
2967 2.949943692573651e-7
2968 2.949943692573651e-7
2969 2.949943692573651e-7
2970 2.949943692573651e-7
2971 2.949943692573651e-7
2972 2.961239042704606e-7
2973 2.968849381697106e-7
2974 2.967823983519978e-7
2975 2.967823983519978e-7
2976 2.967823983519978e-7
2977 2.967823983519978e-7
2978 2.967823983519978e-7
2979 2.9729669690354415e-7
2980 2.9729669690354415e-7
2981 2.9729669690354415e-7
2982 2.9729669690354415e-7
2983 2.9729669690354415e-7
2984 2.9824518517513684e-7
2985 2.9824518517513684e-7
2986 2.9824518517513684e-7
2987 2.9824518517513684e-7
2988 2.9824518517513684e-7
2989 2.9824518517513684e-7
2990 2.9881876347968035e-7
2991 2.9881876347968035e-7
2992 2.9881876347968035e-7
2993 2.9881876347968035e-7
2994 2.9881876347968035e-7
2995 2.9881876347968035e-7
2996 2.9881876347968035e-7
2997 2.9881876347968035e-7
2998 2.9881876347968035e-7
2999 2.9881876347968035e-7
3000 2.9881876347968035e-7
3001 2.9881876347968035e-7
3002 2.9881876347968035e-7
3003 2.9881876347968035e-7
3004 2.9881876347968035e-7
3005 2.9881876347968035e-7
3006 2.9881876347968035e-7
3007 2.9881876347968035e-7
3008 2.9881876347968035e-7
3009 2.9881876347968035e-7
3010 2.9881876347968035e-7
3011 2.9881876347968035e-7
3012 2.9881876347968035e-7
3013 2.9881876347968035e-7
3014 2.9881876347968035e-7
3015 2.9881876347968035e-7
3016 2.9881876347968035e-7
3017 2.995285289980287e-7
3018 3.0234835962235596e-7
3019 3.0234835962235596e-7
3020 3.0234835962235596e-7
3021 3.0234835962235596e-7
3022 3.0234835962235596e-7
3023 3.0234835962235596e-7
3024 3.0234835962235596e-7
3025 3.0234835962235596e-7
3026 3.0275851767084333e-7
3027 3.0275851767084333e-7
3028 3.0275851767084333e-7
3029 3.031286200812169e-7
3030 3.031286200812169e-7
3031 3.031286200812169e-7
3032 3.049326706976769e-7
3033 3.049326706976769e-7
3034 3.049326706976769e-7
3035 3.049326706976769e-7
3036 3.049326706976769e-7
3037 3.049326706976769e-7
3038 3.049326706976769e-7
3039 3.049326706976769e-7
3040 3.049326706976769e-7
3041 3.056360261404578e-7
3042 3.056360261404578e-7
3043 3.056360261404578e-7
3044 3.056360261404578e-7
3045 3.056360261404578e-7
3046 3.060493880043651e-7
3047 3.060493880043651e-7
3048 3.060493880043651e-7
3049 3.060493880043651e-7
3050 3.060493880043651e-7
3051 3.060493880043651e-7
3052 3.064627498682724e-7
3053 3.064627498682724e-7
3054 3.064627498682724e-7
3055 3.064627498682724e-7
3056 3.064627498682724e-7
3057 3.064627498682724e-7
3058 3.064627498682724e-7
3059 3.064627498682724e-7
3060 3.064627498682724e-7
3061 3.064627498682724e-7
3062 3.064627498682724e-7
3063 3.064627498682724e-7
3064 3.064627498682724e-7
3065 3.064627498682724e-7
3066 3.064627498682724e-7
3067 3.064627498682724e-7
3068 3.064627498682724e-7
3069 3.064627498682724e-7
3070 3.064627498682724e-7
3071 3.064627498682724e-7
3072 3.064627498682724e-7
3073 3.064627498682724e-7
3074 3.064627498682724e-7
3075 3.064627498682724e-7
3076 3.064627498682724e-7
3077 3.064627498682724e-7
3078 3.064627498682724e-7
3079 3.064627498682724e-7
3080 3.064627498682724e-7
3081 3.064627498682724e-7
3082 3.064627498682724e-7
3083 3.064627498682724e-7
3084 3.064627498682724e-7
3085 3.064627498682724e-7
3086 3.064627498682724e-7
3087 3.064627498682724e-7
3088 3.064627498682724e-7
3089 3.070379306917078e-7
3090 3.070379306917078e-7
3091 3.070379306917078e-7
3092 3.0953732537885316e-7
3093 3.0953732537885316e-7
3094 3.0953732537885316e-7
3095 3.0953732537885316e-7
3096 3.094508076941495e-7
3097 3.094508076941495e-7
3098 3.094508076941495e-7
3099 3.0997792395210316e-7
3100 3.0997792395210316e-7
3101 3.0997792395210316e-7
3102 3.0997792395210316e-7
3103 3.0997792395210316e-7
3104 3.0997792395210316e-7
3105 3.1059636422907226e-7
3106 3.1059636422907226e-7
3107 3.1059636422907226e-7
3108 3.1059636422907226e-7
3109 3.1059636422907226e-7
3110 3.1059636422907226e-7
3111 3.1059636422907226e-7
3112 3.1059636422907226e-7
3113 3.1135259179401045e-7
3114 3.1135259179401045e-7
3115 3.1135259179401045e-7
3116 3.1135259179401045e-7
3117 3.1135259179401045e-7
3118 3.1135259179401045e-7
3119 3.1135259179401045e-7
3120 3.1238920026919863e-7
3121 3.1238920026919863e-7
3122 3.1238920026919863e-7
3123 3.1238920026919863e-7
3124 3.1238920026919863e-7
3125 3.1238920026919863e-7
3126 3.1238920026919863e-7
3127 3.1238920026919863e-7
3128 3.1238920026919863e-7
3129 3.1238920026919863e-7
3130 3.1238920026919863e-7
3131 3.1238920026919863e-7
3132 3.1238920026919863e-7
3133 3.1238920026919863e-7
3134 3.1238920026919863e-7
3135 3.117755663265413e-7
3136 3.117755663265413e-7
3137 3.117755663265413e-7
3138 3.117755663265413e-7
3139 3.117755663265413e-7
3140 3.117755663265413e-7
3141 3.117755663265413e-7
3142 3.117755663265413e-7
3143 3.117755663265413e-7
3144 3.117755663265413e-7
3145 3.117755663265413e-7
3146 3.117755663265413e-7
3147 3.117755663265413e-7
3148 3.117755663265413e-7
3149 3.123539521877604e-7
3150 3.123539521877604e-7
3151 3.123539521877604e-7
3152 3.123539521877604e-7
3153 3.123539521877604e-7
3154 3.1290029500532505e-7
3155 3.1290029500532505e-7
3156 3.1290029500532505e-7
3157 3.1290029500532505e-7
3158 3.1560957627338963e-7
3159 3.1560957627338963e-7
3160 3.1560957627338963e-7
3161 3.1560957627338963e-7
3162 3.1560957627338963e-7
3163 3.1560957627338963e-7
3164 3.1560957627338963e-7
3165 3.1560957627338963e-7
3166 3.1560957627338963e-7
3167 3.1560957627338963e-7
3168 3.1560957627338963e-7
3169 3.1560957627338963e-7
3170 3.1560957627338963e-7
3171 3.1560957627338963e-7
3172 3.167471214362169e-7
3173 3.167471214362169e-7
3174 3.167471214362169e-7
3175 3.167471214362169e-7
3176 3.167471214362169e-7
3177 3.1714446177829694e-7
3178 3.1714446177829694e-7
3179 3.1714446177829694e-7
3180 3.1714446177829694e-7
3181 3.1714446177829694e-7
3182 3.1714446177829694e-7
3183 3.1714446177829694e-7
3184 3.1714446177829694e-7
3185 3.1714446177829694e-7
3186 3.1714446177829694e-7
3187 3.1714446177829694e-7
3188 3.1714446177829694e-7
3189 3.1714446177829694e-7
3190 3.1714446177829694e-7
3191 3.1714446177829694e-7
3192 3.1714446177829694e-7
3193 3.1714446177829694e-7
3194 3.173879920882169e-7
3195 3.173879920882169e-7
3196 3.173879920882169e-7
3197 3.177244489360441e-7
3198 3.177244489360441e-7
3199 3.177244489360441e-7
3200 3.177244489360441e-7
3201 3.177244489360441e-7
3202 3.177244489360441e-7
3203 3.177244489360441e-7
3204 3.177244489360441e-7
3205 3.177244489360441e-7
3206 3.177244489360441e-7
3207 3.18203500628516e-7
3208 3.18203500628516e-7
3209 3.18608849897964e-7
3210 3.18608849897964e-7
3211 3.18608849897964e-7
3212 3.18608849897964e-7
3213 3.18608849897964e-7
3214 3.199723013299921e-7
3215 3.199723013299921e-7
3216 3.202046164523966e-7
3217 3.202046164523966e-7
3218 3.202046164523966e-7
3219 3.202046164523966e-7
3220 3.202046164523966e-7
3221 3.202046164523966e-7
3222 3.202046164523966e-7
3223 3.202046164523966e-7
3224 3.202046164523966e-7
3225 3.202046164523966e-7
3226 3.20736539044662e-7
3227 3.20736539044662e-7
3228 3.2149917546280386e-7
3229 3.2149917546280386e-7
3230 3.2149917546280386e-7
3231 3.2149917546280386e-7
3232 3.2149917546280386e-7
3233 3.2149917546280386e-7
3234 3.2149917546280386e-7
3235 3.2149917546280386e-7
3236 3.2149917546280386e-7
3237 3.2149917546280386e-7
3238 3.2149917546280386e-7
3239 3.2149917546280386e-7
3240 3.2149917546280386e-7
3241 3.2149917546280386e-7
3242 3.2149917546280386e-7
3243 3.2149917546280386e-7
3244 3.2149917546280386e-7
3245 3.223082751498994e-7
3246 3.223082751498994e-7
3247 3.223082751498994e-7
3248 3.223082751498994e-7
3249 3.223082751498994e-7
3250 3.223082751498994e-7
3251 3.223082751498994e-7
3252 3.234602405380258e-7
3253 3.234602405380258e-7
3254 3.234602405380258e-7
3255 3.238479669891185e-7
3256 3.238479669891185e-7
3257 3.238479669891185e-7
3258 3.238479669891185e-7
3259 3.238479669891185e-7
3260 3.238479669891185e-7
3261 3.2435906050288114e-7
3262 3.2435906050288114e-7
3263 3.2435906050288114e-7
3264 3.2435906050288114e-7
3265 3.2435906050288114e-7
3266 3.2435906050288114e-7
3267 3.2435906050288114e-7
3268 3.2435906050288114e-7
3269 3.2435906050288114e-7
3270 3.248108742636466e-7
3271 3.248108742636466e-7
3272 3.248108742636466e-7
3273 3.248108742636466e-7
3274 3.248108742636466e-7
3275 3.248108742636466e-7
3276 3.251297082931185e-7
3277 3.251297082931185e-7
3278 3.251297082931185e-7
3279 3.251297082931185e-7
3280 3.251297082931185e-7
3281 3.251297082931185e-7
3282 3.251297082931185e-7
3283 3.251297082931185e-7
3284 3.257129017110132e-7
3285 3.257129017110132e-7
3286 3.257129017110132e-7
3287 3.257129017110132e-7
3288 3.257129017110132e-7
3289 3.257129017110132e-7
3290 3.2618714584680955e-7
3291 3.2586350609420774e-7
3292 3.2586350609420774e-7
3293 3.2586350609420774e-7
3294 3.2586350609420774e-7
3295 3.2586350609420774e-7
3296 3.2586350609420774e-7
3297 3.2586350609420774e-7
3298 3.2586350609420774e-7
3299 3.2586350609420774e-7
3300 3.2586350609420774e-7
3301 3.2586350609420774e-7
3302 3.2586350609420774e-7
3303 3.2586350609420774e-7
3304 3.2586350609420774e-7
3305 3.2586350609420774e-7
3306 3.2586350609420774e-7
3307 3.2586350609420774e-7
3308 3.2586350609420774e-7
3309 3.2586350609420774e-7
3310 3.2586350609420774e-7
3311 3.2586350609420774e-7
3312 3.2586350609420774e-7
3313 3.2586350609420774e-7
3314 3.2586350609420774e-7
3315 3.2586350609420774e-7
3316 3.26381008461174e-7
3317 3.26381008461174e-7
3318 3.26381008461174e-7
3319 3.26381008461174e-7
3320 3.2673989568403217e-7
3321 3.2673989568403217e-7
3322 3.2673989568403217e-7
3323 3.2673989568403217e-7
3324 3.2673989568403217e-7
3325 3.2673989568403217e-7
3326 3.271532563255757e-7
3327 3.302358450417976e-7
3328 3.302358450417976e-7
3329 3.3046015001447036e-7
3330 3.3046015001447036e-7
3331 3.3046015001447036e-7
3332 3.3046015001447036e-7
3333 3.3046015001447036e-7
3334 3.308190378485104e-7
3335 3.308190378485104e-7
3336 3.308190378485104e-7
3337 3.3166338439468034e-7
3338 3.3166338439468034e-7
3339 3.3166338439468034e-7
3340 3.3166338439468034e-7
3341 3.3166338439468034e-7
3342 3.3166338439468034e-7
3343 3.3166338439468034e-7
3344 3.3166338439468034e-7
3345 3.32228953160674e-7
3346 3.32228953160674e-7
3347 3.32228953160674e-7
3348 3.32228953160674e-7
3349 3.32228953160674e-7
3350 3.32228953160674e-7
3351 3.32228953160674e-7
3352 3.32228953160674e-7
3353 3.32228953160674e-7
3354 3.32228953160674e-7
3355 3.32228953160674e-7
3356 3.32228953160674e-7
3357 3.32228953160674e-7
3358 3.32228953160674e-7
3359 3.32228953160674e-7
3360 3.32228953160674e-7
3361 3.32228953160674e-7
3362 3.32228953160674e-7
3363 3.32228953160674e-7
3364 3.32228953160674e-7
3365 3.32228953160674e-7
3366 3.32228953160674e-7
3367 3.32228953160674e-7
3368 3.32228953160674e-7
3369 3.32228953160674e-7
3370 3.32228953160674e-7
3371 3.332767768233777e-7
3372 3.332767768233777e-7
3373 3.332767768233777e-7
3374 3.332767768233777e-7
3375 3.332767768233777e-7
3376 3.3397692783955677e-7
3377 3.3397692783955677e-7
3378 3.3397692783955677e-7
3379 3.3397692783955677e-7
3380 3.3397692783955677e-7
3381 3.3397692783955677e-7
3382 3.3397692783955677e-7
3383 3.3397692783955677e-7
3384 3.3397692783955677e-7
3385 3.3397692783955677e-7
3386 3.3420924296196127e-7
3387 3.3420924296196127e-7
3388 3.3420924296196127e-7
3389 3.3420924296196127e-7
3390 3.3420924296196127e-7
3391 3.3420924296196127e-7
3392 3.3533397102956307e-7
3393 3.3533397102956307e-7
3394 3.3614467201318666e-7
3395 3.3641223521702936e-7
3396 3.3641223521702936e-7
3397 3.3695537421917403e-7
3398 3.3695537421917403e-7
3399 3.3695537421917403e-7
3400 3.374632639175167e-7
3401 3.3772762330593946e-7
3402 3.3772762330593946e-7
3403 3.3857357359336504e-7
3404 3.3857357359336504e-7
3405 3.3918240120171054e-7
3406 3.3918240120171054e-7
3407 3.396870870846333e-7
3408 3.396870870846333e-7
3409 3.396870870846333e-7
3410 3.396870870846333e-7
3411 3.396870870846333e-7
3412 3.396870870846333e-7
3413 3.396870870846333e-7
3414 3.401068578017443e-7
3415 3.401997843396516e-7
3416 3.401997843396516e-7
3417 3.401997843396516e-7
3418 3.401997843396516e-7
3419 3.406756309943398e-7
3420 3.406756309943398e-7
3421 3.406756309943398e-7
3422 3.406756309943398e-7
3423 3.424588537546607e-7
3424 3.424588537546607e-7
3425 3.424588537546607e-7
3426 3.424588537546607e-7
3427 3.424588537546607e-7
3428 3.4298597001261435e-7
3429 3.4298597001261435e-7
3430 3.4298597001261435e-7
3431 3.4298597001261435e-7
3432 3.452594590417408e-7
3433 3.452594590417408e-7
3434 3.452594590417408e-7
3435 3.452594590417408e-7
3436 3.452594590417408e-7
3437 3.452594590417408e-7
3438 3.452594590417408e-7
3439 3.452594590417408e-7
3440 3.452594590417408e-7
3441 3.460333106473981e-7
3442 3.460333106473981e-7
3443 3.460333106473981e-7
3444 3.460333106473981e-7
3445 3.460333106473981e-7
3446 3.467334616635772e-7
3447 3.467334616635772e-7
3448 3.467334616635772e-7
3449 3.467334616635772e-7
3450 3.467334616635772e-7
3451 3.467334616635772e-7
3452 3.467334616635772e-7
3453 3.467334616635772e-7
3454 3.467334616635772e-7
3455 3.467334616635772e-7
3456 3.467334616635772e-7
3457 3.467334616635772e-7
3458 3.467334616635772e-7
3459 3.467334616635772e-7
3460 3.467334616635772e-7
3461 3.467334616635772e-7
3462 3.467334616635772e-7
3463 3.467334616635772e-7
3464 3.467334616635772e-7
3465 3.467334616635772e-7
3466 3.467334616635772e-7
3467 3.467334616635772e-7
3468 3.467334616635772e-7
3469 3.467334616635772e-7
3470 3.467334616635772e-7
3471 3.467334616635772e-7
3472 3.467334616635772e-7
3473 3.467334616635772e-7
3474 3.467334616635772e-7
3475 3.467334616635772e-7
3476 3.467334616635772e-7
3477 3.467334616635772e-7
3478 3.467334616635772e-7
3479 3.467334616635772e-7
3480 3.467334616635772e-7
3481 3.467334616635772e-7
3482 3.467334616635772e-7
3483 3.467334616635772e-7
3484 3.467334616635772e-7
3485 3.467334616635772e-7
3486 3.467334616635772e-7
3487 3.467334616635772e-7
3488 3.467334616635772e-7
3489 3.467334616635772e-7
3490 3.467334616635772e-7
3491 3.467334616635772e-7
3492 3.467334616635772e-7
3493 3.467334616635772e-7
3494 3.467334616635772e-7
3495 3.472125109113216e-7
3496 3.472125109113216e-7
3497 3.4774923983789883e-7
3498 3.4774923983789883e-7
3499 3.4774923983789883e-7
3500 3.4774923983789883e-7
3501 3.482763560958525e-7
3502 3.482763560958525e-7
3503 3.4832922821800977e-7
3504 3.4832922821800977e-7
3505 3.4832922821800977e-7
3506 3.4832922821800977e-7
3507 3.4832922821800977e-7
3508 3.486608787315252e-7
3509 3.486608787315252e-7
3510 3.489684963511179e-7
3511 3.489684963511179e-7
3512 3.489684963511179e-7
3513 3.497375416224634e-7
3514 3.497375416224634e-7
3515 3.497375416224634e-7
3516 3.497375416224634e-7
3517 3.497375416224634e-7
3518 3.5038962807316075e-7
3519 3.5038962807316075e-7
3520 3.5038962807316075e-7
3521 3.5038962807316075e-7
3522 3.5038962807316075e-7
3523 3.5038962807316075e-7
3524 3.5038962807316075e-7
3525 3.5038962807316075e-7
3526 3.5038962807316075e-7
3527 3.5038962807316075e-7
3528 3.5038962807316075e-7
3529 3.5038962807316075e-7
3530 3.507308912552998e-7
3531 3.507308912552998e-7
3532 3.507308912552998e-7
3533 3.507308912552998e-7
3534 3.507308912552998e-7
3535 3.507308912552998e-7
3536 3.507308912552998e-7
3537 3.507308912552998e-7
3538 3.51083370847318e-7
3539 3.51083370847318e-7
3540 3.51083370847318e-7
3541 3.51083370847318e-7
3542 3.51083370847318e-7
3543 3.51083370847318e-7
3544 3.51083370847318e-7
3545 3.51083370847318e-7
3546 3.51083370847318e-7
3547 3.51083370847318e-7
3548 3.51083370847318e-7
3549 3.51083370847318e-7
3550 3.51083370847318e-7
3551 3.51083370847318e-7
3552 3.51083370847318e-7
3553 3.51083370847318e-7
3554 3.51083370847318e-7
3555 3.51083370847318e-7
3556 3.51083370847318e-7
3557 3.51083370847318e-7
3558 3.51083370847318e-7
3559 3.51083370847318e-7
3560 3.51083370847318e-7
3561 3.51083370847318e-7
3562 3.51083370847318e-7
3563 3.51083370847318e-7
3564 3.51083370847318e-7
3565 3.51083370847318e-7
3566 3.51083370847318e-7
3567 3.51083370847318e-7
3568 3.51083370847318e-7
3569 3.51083370847318e-7
3570 3.51083370847318e-7
3571 3.51083370847318e-7
3572 3.51083370847318e-7
3573 3.51083370847318e-7
3574 3.51083370847318e-7
3575 3.51083370847318e-7
3576 3.51083370847318e-7
3577 3.525221259988981e-7
3578 3.525221259988981e-7
3579 3.525221259988981e-7
3580 3.536260268215427e-7
3581 3.536260268215427e-7
3582 3.536260268215427e-7
3583 3.536260268215427e-7
3584 3.536260268215427e-7
3585 3.536260268215427e-7
3586 3.536260268215427e-7
3587 3.5400734441943174e-7
3588 3.5400734441943174e-7
3589 3.5400734441943174e-7
3590 3.544191037644472e-7
3591 3.544191037644472e-7
3592 3.5460175180247807e-7
3593 3.553083116718608e-7
3594 3.553083116718608e-7
3595 3.564666846908271e-7
3596 3.564666846908271e-7
3597 3.564666846908271e-7
3598 3.564666846908271e-7
3599 3.564666846908271e-7
3600 3.564666846908271e-7
3601 3.564666846908271e-7
3602 3.570274465113271e-7
3603 3.570274465113271e-7
3604 3.570274465113271e-7
3605 3.570274465113271e-7
3606 3.570274465113271e-7
3607 3.570274465113271e-7
3608 3.570274465113271e-7
3609 3.570274465113271e-7
3610 3.570274465113271e-7
3611 3.570274465113271e-7
3612 3.570274465113271e-7
3613 3.570274465113271e-7
3614 3.570274465113271e-7
3615 3.570274465113271e-7
3616 3.570274465113271e-7
3617 3.570274465113271e-7
3618 3.570274465113271e-7
3619 3.570274465113271e-7
3620 3.570274465113271e-7
3621 3.570274465113271e-7
3622 3.570274465113271e-7
3623 3.570274465113271e-7
3624 3.570274465113271e-7
3625 3.570274465113271e-7
3626 3.570274465113271e-7
3627 3.570274465113271e-7
3628 3.570274465113271e-7
3629 3.570274465113271e-7
3630 3.577227918043763e-7
3631 3.577227918043763e-7
3632 3.577227918043763e-7
3633 3.577227918043763e-7
3634 3.577227918043763e-7
3635 3.577227918043763e-7
3636 3.581681967119381e-7
3637 3.581681967119381e-7
3638 3.581681967119381e-7
3639 3.581681967119381e-7
3640 3.58390899165719e-7
3641 3.58390899165719e-7
3642 3.58390899165719e-7
3643 3.58390899165719e-7
3644 3.58390899165719e-7
3645 3.58390899165719e-7
3646 3.58390899165719e-7
3647 3.58390899165719e-7
3648 3.58390899165719e-7
3649 3.58390899165719e-7
3650 3.58390899165719e-7
3651 3.58390899165719e-7
3652 3.58390899165719e-7
3653 3.58390899165719e-7
3654 3.58390899165719e-7
3655 3.58390899165719e-7
3656 3.58390899165719e-7
3657 3.58390899165719e-7
3658 3.58390899165719e-7
3659 3.58390899165719e-7
3660 3.58390899165719e-7
3661 3.58390899165719e-7
3662 3.58390899165719e-7
3663 3.589420483175954e-7
3664 3.589420483175954e-7
3665 3.589420483175954e-7
3666 3.589420483175954e-7
3667 3.61475089178469e-7
3668 3.619829788768117e-7
3669 3.619829788768117e-7
3670 3.619829788768117e-7
3671 3.619829788768117e-7
3672 3.619829788768117e-7
3673 3.619829788768117e-7
3674 3.619829788768117e-7
3675 3.619829788768117e-7
3676 3.6265909761024986e-7
3677 3.6265909761024986e-7
3678 3.6265909761024986e-7
3679 3.6265909761024986e-7
3680 3.6265909761024986e-7
3681 3.6265909761024986e-7
3682 3.6317820249610803e-7
3683 3.6317820249610803e-7
3684 3.6317820249610803e-7
3685 3.636011770286389e-7
3686 3.636011770286389e-7
3687 3.636011770286389e-7
3688 3.6398730157202165e-7
3689 3.6398730157202165e-7
3690 3.6398730157202165e-7
3691 3.6398730157202165e-7
3692 3.6398730157202165e-7
3693 3.6477236958755814e-7
3694 3.6477236958755814e-7
3695 3.6477236958755814e-7
3696 3.6477236958755814e-7
3697 3.6497103914741627e-7
3698 3.6497103914741627e-7
3699 3.6497103914741627e-7
3700 3.655029617396817e-7
3701 3.655029617396817e-7
3702 3.655029617396817e-7
3703 3.6575770845948087e-7
3704 3.6575770845948087e-7
3705 3.6575770845948087e-7
3706 3.659339476443081e-7
3707 3.659339476443081e-7
3708 3.659339476443081e-7
3709 3.659339476443081e-7
3710 3.659339476443081e-7
3711 3.659339476443081e-7
3712 3.662768139565209e-7
3713 3.662768139565209e-7
3714 3.662768139565209e-7
3715 3.662768139565209e-7
3716 3.662768139565209e-7
3717 3.662768139565209e-7
3718 3.662768139565209e-7
3719 3.662768139565209e-7
3720 3.662768139565209e-7
3721 3.662768139565209e-7
3722 3.662768139565209e-7
3723 3.662768139565209e-7
3724 3.662768139565209e-7
3725 3.662768139565209e-7
3726 3.662768139565209e-7
3727 3.662768139565209e-7
3728 3.662768139565209e-7
3729 3.662768139565209e-7
3730 3.662768139565209e-7
3731 3.662768139565209e-7
3732 3.662768139565209e-7
3733 3.673086160973973e-7
3734 3.673086160973973e-7
3735 3.673086160973973e-7
3736 3.673086160973973e-7
3737 3.673086160973973e-7
3738 3.673086160973973e-7
3739 3.673086160973973e-7
3740 3.673086160973973e-7
3741 3.673086160973973e-7
3742 3.673086160973973e-7
3743 3.673086160973973e-7
3744 3.673086160973973e-7
3745 3.673086160973973e-7
3746 3.673086160973973e-7
3747 3.673086160973973e-7
3748 3.673086160973973e-7
3749 3.673086160973973e-7
3750 3.673086160973973e-7
3751 3.673086160973973e-7
3752 3.67872582955681e-7
3753 3.67872582955681e-7
3754 3.67872582955681e-7
3755 3.67872582955681e-7
3756 3.67872582955681e-7
3757 3.67872582955681e-7
3758 3.67872582955681e-7
3759 3.67872582955681e-7
3760 3.67872582955681e-7
3761 3.67872582955681e-7
3762 3.67872582955681e-7
3763 3.67872582955681e-7
3764 3.67872582955681e-7
3765 3.67872582955681e-7
3766 3.67872582955681e-7
3767 3.67872582955681e-7
3768 3.67872582955681e-7
3769 3.67872582955681e-7
3770 3.67872582955681e-7
3771 3.67872582955681e-7
3772 3.67872582955681e-7
3773 3.67872582955681e-7
3774 3.67872582955681e-7
3775 3.67872582955681e-7
3776 3.67872582955681e-7
3777 3.67872582955681e-7
3778 3.67872582955681e-7
3779 3.67872582955681e-7
3780 3.67872582955681e-7
3781 3.67872582955681e-7
3782 3.67872582955681e-7
3783 3.67872582955681e-7
3784 3.67872582955681e-7
3785 3.67872582955681e-7
3786 3.67872582955681e-7
3787 3.67872582955681e-7
3788 3.67872582955681e-7
3789 3.67872582955681e-7
3790 3.67872582955681e-7
3791 3.67872582955681e-7
3792 3.67872582955681e-7
3793 3.67872582955681e-7
3794 3.67872582955681e-7
3795 3.67872582955681e-7
3796 3.67872582955681e-7
3797 3.67872582955681e-7
3798 3.67872582955681e-7
3799 3.67872582955681e-7
3800 3.67872582955681e-7
3801 3.67872582955681e-7
3802 3.67872582955681e-7
3803 3.67872582955681e-7
3804 3.67872582955681e-7
3805 3.67872582955681e-7
3806 3.67872582955681e-7
3807 3.67872582955681e-7
3808 3.67872582955681e-7
3809 3.67872582955681e-7
3810 3.67872582955681e-7
3811 3.6747364070589096e-7
3812 3.6747364070589096e-7
3813 3.673534768474591e-7
3814 3.673534768474591e-7
3815 3.673534768474591e-7
3816 3.671788395703418e-7
3817 3.671788395703418e-7
3818 3.671788395703418e-7
3819 3.671788395703418e-7
3820 3.671788395703418e-7
3821 3.671788395703418e-7
3822 3.671788395703418e-7
3823 3.671788395703418e-7
3824 3.671788395703418e-7
3825 3.671788395703418e-7
3826 3.671788395703418e-7
3827 3.671788395703418e-7
3828 3.671788395703418e-7
3829 3.671788395703418e-7
3830 3.671788395703418e-7
3831 3.671788395703418e-7
3832 3.671788395703418e-7
3833 3.671788395703418e-7
3834 3.671788395703418e-7
3835 3.671788395703418e-7
3836 3.671788395703418e-7
3837 3.671788395703418e-7
3838 3.671788395703418e-7
3839 3.6696094406205457e-7
3840 3.6696094406205457e-7
3841 3.6696094406205457e-7
3842 3.6696094406205457e-7
3843 3.6696094406205457e-7
3844 3.6696094406205457e-7
3845 3.6696094406205457e-7
3846 3.6696094406205457e-7
3847 3.6696094406205457e-7
3848 3.6696094406205457e-7
3849 3.6696094406205457e-7
3850 3.6696094406205457e-7
3851 3.6696094406205457e-7
3852 3.6696094406205457e-7
3853 3.6696094406205457e-7
3854 3.6696094406205457e-7
3855 3.6696094406205457e-7
3856 3.6696094406205457e-7
3857 3.6696094406205457e-7
3858 3.6696094406205457e-7
3859 3.6696094406205457e-7
3860 3.6696094406205457e-7
3861 3.6696094406205457e-7
3862 3.6696094406205457e-7
3863 3.6696094406205457e-7
3864 3.6696094406205457e-7
3865 3.6696094406205457e-7
3866 3.6696094406205457e-7
3867 3.6696094406205457e-7
3868 3.6696094406205457e-7
3869 3.6696094406205457e-7
3870 3.6696094406205457e-7
3871 3.6696094406205457e-7
3872 3.6696094406205457e-7
3873 3.6696094406205457e-7
3874 3.6696094406205457e-7
3875 3.6696094406205457e-7
3876 3.6696094406205457e-7
3877 3.6696094406205457e-7
3878 3.6696094406205457e-7
3879 3.6696094406205457e-7
3880 3.6696094406205457e-7
3881 3.6696094406205457e-7
3882 3.6696094406205457e-7
3883 3.6696094406205457e-7
3884 3.6696094406205457e-7
3885 3.6696094406205457e-7
3886 3.6696094406205457e-7
3887 3.6696094406205457e-7
3888 3.6696094406205457e-7
3889 3.6696094406205457e-7
3890 3.6696094406205457e-7
3891 3.6798473483083546e-7
3892 3.6798473483083546e-7
3893 3.6798473483083546e-7
3894 3.681721885919963e-7
3895 3.680600367168418e-7
3896 3.680600367168418e-7
3897 3.680600367168418e-7
3898 3.6755695335281093e-7
3899 3.6755695335281093e-7
3900 3.6755695335281093e-7
3901 3.6755695335281093e-7
3902 3.6755695335281093e-7
3903 3.6755695335281093e-7
3904 3.6755695335281093e-7
3905 3.6755695335281093e-7
3906 3.6755695335281093e-7
3907 3.6755695335281093e-7
3908 3.6755695335281093e-7
3909 3.6755695335281093e-7
3910 3.6755695335281093e-7
3911 3.6755695335281093e-7
3912 3.6755695335281093e-7
3913 3.6755695335281093e-7
3914 3.6755695335281093e-7
3915 3.6755695335281093e-7
3916 3.6755695335281093e-7
3917 3.6755695335281093e-7
3918 3.6860637953440644e-7
3919 3.6860637953440644e-7
3920 3.6860637953440644e-7
3921 3.6882427565387554e-7
3922 3.6882427565387554e-7
3923 3.6882427565387554e-7
3924 3.6938984380868736e-7
3925 3.6938984380868736e-7
3926 3.6938984380868736e-7
3927 3.6938984380868736e-7
3928 3.6938984380868736e-7
3929 3.6938984380868736e-7
3930 3.6938984380868736e-7
3931 3.6938984380868736e-7
3932 3.6938984380868736e-7
3933 3.70557830718641e-7
3934 3.70557830718641e-7
3935 3.70557830718641e-7
3936 3.70557830718641e-7
3937 3.70557830718641e-7
3938 3.7112019505803284e-7
3939 3.7112019505803284e-7
3940 3.7112019505803284e-7
3941 3.7232503195713466e-7
3942 3.7232503195713466e-7
3943 3.7232503195713466e-7
3944 3.7232503195713466e-7
3945 3.7232503195713466e-7
3946 3.7232503195713466e-7
3947 3.7232503195713466e-7
3948 3.7232503195713466e-7
3949 3.7232503195713466e-7
3950 3.7232503195713466e-7
3951 3.7232503195713466e-7
3952 3.726775115491529e-7
3953 3.726775115491529e-7
3954 3.732575011516276e-7
3955 3.732575011516276e-7
3956 3.732575011516276e-7
3957 3.732575011516276e-7
3958 3.7418516156708127e-7
3959 3.7418516156708127e-7
3960 3.7418516156708127e-7
3961 3.7418516156708127e-7
3962 3.7418516156708127e-7
3963 3.7418516156708127e-7
3964 3.7418516156708127e-7
3965 3.7418516156708127e-7
3966 3.7418516156708127e-7
3967 3.7418516156708127e-7
3968 3.7418516156708127e-7
3969 3.7418516156708127e-7
3970 3.7418516156708127e-7
3971 3.7418516156708127e-7
3972 3.7418516156708127e-7
3973 3.7418516156708127e-7
3974 3.7418516156708127e-7
3975 3.7418516156708127e-7
3976 3.7418516156708127e-7
3977 3.7418516156708127e-7
3978 3.7418516156708127e-7
3979 3.7418516156708127e-7
3980 3.7418516156708127e-7
3981 3.7418516156708127e-7
3982 3.7418516156708127e-7
3983 3.7418516156708127e-7
3984 3.7418516156708127e-7
3985 3.7418516156708127e-7
3986 3.7418516156708127e-7
3987 3.7418516156708127e-7
3988 3.7418516156708127e-7
3989 3.7418516156708127e-7
3990 3.7418516156708127e-7
3991 3.7418516156708127e-7
3992 3.7418516156708127e-7
3993 3.7418516156708127e-7
3994 3.7418516156708127e-7
3995 3.7521696370795764e-7
3996 3.7521696370795764e-7
3997 3.756671743386494e-7
3998 3.756671743386494e-7
3999 3.756671743386494e-7
4000 3.756671743386494e-7
4001 3.756671743386494e-7
4002 3.756671743386494e-7
4003 3.756671743386494e-7
4004 3.756671743386494e-7
4005 3.756671743386494e-7
4006 3.756671743386494e-7
4007 3.756671743386494e-7
4008 3.756671743386494e-7
4009 3.756671743386494e-7
4010 3.756671743386494e-7
4011 3.756671743386494e-7
4012 3.758914793113221e-7
4013 3.758914793113221e-7
4014 3.761862792245075e-7
4015 3.761862792245075e-7
4016 3.761862792245075e-7
4017 3.766108550535665e-7
4018 3.766108550535665e-7
4019 3.766108550535665e-7
4020 3.766108550535665e-7
4021 3.766108550535665e-7
4022 3.766108550535665e-7
4023 3.766108550535665e-7
4024 3.7745039648778837e-7
4025 3.7745039648778837e-7
4026 3.7745039648778837e-7
4027 3.7745039648778837e-7
4028 3.7745039648778837e-7
4029 3.7745039648778837e-7
4030 3.7745039648778837e-7
4031 3.7745039648778837e-7
4032 3.7745039648778837e-7
4033 3.7745039648778837e-7
4034 3.7745039648778837e-7
4035 3.7745039648778837e-7
4036 3.7745039648778837e-7
4037 3.7745039648778837e-7
4038 3.7782530645483754e-7
4039 3.7782530645483754e-7
4040 3.7782530645483754e-7
4041 3.7782530645483754e-7
4042 3.784709834411493e-7
4043 3.784709834411493e-7
4044 3.784709834411493e-7
4045 3.784709834411493e-7
4046 3.784709834411493e-7
4047 3.784709834411493e-7
4048 3.784709834411493e-7
4049 3.79115059130933e-7
4050 3.797334994079021e-7
4051 3.8062591174191757e-7
4052 3.8062591174191757e-7
4053 3.8062591174191757e-7
4054 3.8148147347560296e-7
4055 3.8148147347560296e-7
4056 3.822088618123066e-7
4057 3.827952584344393e-7
4058 3.827952584344393e-7
4059 3.827952584344393e-7
4060 3.827952584344393e-7
4061 3.827952584344393e-7
4062 3.834104936736247e-7
4063 3.834104936736247e-7
4064 3.834104936736247e-7
4065 3.834104936736247e-7
4066 3.834104936736247e-7
4067 3.834104936736247e-7
4068 3.834104936736247e-7
4069 3.8255653323646743e-7
4070 3.8255653323646743e-7
4071 3.8255653323646743e-7
4072 3.8293785205672024e-7
4073 3.8293785205672024e-7
4074 3.8293785205672024e-7
4075 3.8293785205672024e-7
4076 3.8293785205672024e-7
4077 3.8444550085228483e-7
4078 3.8444550085228483e-7
4079 3.854901200883867e-7
4080 3.854901200883867e-7
4081 3.854901200883867e-7
4082 3.854901200883867e-7
4083 3.854901200883867e-7
4084 3.854901200883867e-7
4085 3.854901200883867e-7
4086 3.865219210068993e-7
4087 3.865219210068993e-7
4088 3.8883065750628204e-7
4089 3.8883065750628204e-7
4090 3.8883065750628204e-7
4091 3.88449339908393e-7
4092 3.88449339908393e-7
4093 3.88449339908393e-7
4094 3.88449339908393e-7
4095 3.88449339908393e-7
4096 3.88449339908393e-7
4097 3.88449339908393e-7
4098 3.88449339908393e-7
4099 3.875969819901276e-7
4100 3.875969819901276e-7
4101 3.875969819901276e-7
4102 3.875969819901276e-7
4103 3.875969819901276e-7
4104 3.87507260490004e-7
4105 3.87507260490004e-7
4106 3.87507260490004e-7
4107 3.865347393244885e-7
4108 3.865347393244885e-7
4109 3.865347393244885e-7
4110 3.865347393244885e-7
4111 3.865347393244885e-7
4112 3.865347393244885e-7
4113 3.862415413190131e-7
4114 3.862415413190131e-7
4115 3.862415413190131e-7
4116 3.8651551337605947e-7
4117 3.8651551337605947e-7
4118 3.8651551337605947e-7
4119 3.8651551337605947e-7
4120 3.8651551337605947e-7
4121 3.8651551337605947e-7
4122 3.8651551337605947e-7
4123 3.8651551337605947e-7
4124 3.8651551337605947e-7
4125 3.8651551337605947e-7
4126 3.8651551337605947e-7
4127 3.8651551337605947e-7
4128 3.8756814337307493e-7
4129 3.8756814337307493e-7
4130 3.8756814337307493e-7
4131 3.8756814337307493e-7
4132 3.8756814337307493e-7
4133 3.8789658884880667e-7
4134 3.8789658884880667e-7
4135 3.8789658884880667e-7
4136 3.8789658884880667e-7
4137 3.8789658884880667e-7
4138 3.8789658884880667e-7
4139 3.884124899192449e-7
4140 3.884124899192449e-7
4141 3.884124899192449e-7
4142 3.884124899192449e-7
4143 3.884124899192449e-7
4144 3.888835302396213e-7
4145 3.888835302396213e-7
4146 3.8926645157876595e-7
4147 3.8926645157876595e-7
4148 3.8926645157876595e-7
4149 3.89567660345155e-7
4150 3.89567660345155e-7
4151 3.89567660345155e-7
4152 3.89567660345155e-7
4153 3.89567660345155e-7
4154 3.89567660345155e-7
4155 3.89567660345155e-7
4156 3.89567660345155e-7
4157 3.89567660345155e-7
4158 3.89567660345155e-7
4159 3.89567660345155e-7
4160 3.89567660345155e-7
4161 3.89567660345155e-7
4162 3.89567660345155e-7
4163 3.89567660345155e-7
4164 3.89567660345155e-7
4165 3.89567660345155e-7
4166 3.905962574482477e-7
4167 3.905962574482477e-7
4168 3.905962574482477e-7
4169 3.905962574482477e-7
4170 3.905962574482477e-7
4171 3.905962574482477e-7
4172 3.905962574482477e-7
4173 3.905962574482477e-7
4174 3.905962574482477e-7
4175 3.905962574482477e-7
4176 3.905962574482477e-7
4177 3.905962574482477e-7
4178 3.905962574482477e-7
4179 3.9111856737188956e-7
4180 3.9111856737188956e-7
4181 3.9111856737188956e-7
4182 3.9111856737188956e-7
4183 3.9111856737188956e-7
4184 3.9111856737188956e-7
4185 3.9139574446671964e-7
4186 3.9139574446671964e-7
4187 3.9139574446671964e-7
4188 3.9139574446671964e-7
4189 3.916873405644851e-7
4190 3.9138933500233414e-7
4191 3.9138933500233414e-7
4192 3.9211672333903777e-7
4193 3.9211672333903777e-7
4194 3.9292742432266136e-7
4195 3.9292742432266136e-7
4196 3.9292742432266136e-7
4197 3.9292742432266136e-7
4198 3.9383585817850404e-7
4199 3.9383585817850404e-7
4200 3.9383585817850404e-7
4201 3.94678602816964e-7
4202 3.94678602816964e-7
4203 3.94678602816964e-7
4204 3.94678602816964e-7
4205 3.947314749391213e-7
4206 3.947314749391213e-7
4207 3.947314749391213e-7
4208 3.947314749391213e-7
4209 3.947314749391213e-7
4210 3.952361595996803e-7
4211 3.952361595996803e-7
4212 3.952361595996803e-7
4213 3.952361595996803e-7
4214 3.952361595996803e-7
4215 3.9540278611588396e-7
4216 3.9540278611588396e-7
4217 3.9540278611588396e-7
4218 3.9540278611588396e-7
4219 3.9540278611588396e-7
4220 3.9540278611588396e-7
4221 3.9540278611588396e-7
4222 3.9540278611588396e-7
4223 3.9540278611588396e-7
4224 3.9593791252356936e-7
4225 3.9593791252356936e-7
4226 3.9593791252356936e-7
4227 3.9593791252356936e-7
4228 3.9593791252356936e-7
4229 3.9593791252356936e-7
4230 3.9593791252356936e-7
4231 3.965243085345202e-7
4232 3.965243085345202e-7
4233 3.965243085345202e-7
4234 3.9751926007506654e-7
4235 3.9931690244950476e-7
4236 3.9931690244950476e-7
4237 3.9931690244950476e-7
4238 4.001356160275876e-7
4239 4.001356160275876e-7
4240 4.001356160275876e-7
4241 4.006643348044331e-7
4242 4.006643348044331e-7
4243 4.006643348044331e-7
4244 4.006643348044331e-7
4245 4.010520612555258e-7
4246 4.010520612555258e-7
4247 4.010520612555258e-7
4248 4.010520612555258e-7
4249 4.014029383286522e-7
4250 4.014029383286522e-7
4251 4.0143338007577863e-7
4252 4.0143338007577863e-7
4253 4.0143338007577863e-7
4254 4.0228573799404407e-7
4255 4.029394263524514e-7
4256 4.0333836799105953e-7
4257 4.0333836799105953e-7
4258 4.0333836799105953e-7
4259 4.0333836799105953e-7
4260 4.0333836799105953e-7
4261 4.0333836799105953e-7
4262 4.0333836799105953e-7
4263 4.0333836799105953e-7
4264 4.0388471019744224e-7
4265 4.0388471019744224e-7
4266 4.0388471019744224e-7
4267 4.0388471019744224e-7
4268 4.0388471019744224e-7
4269 4.0388471019744224e-7
4270 4.0432050243638045e-7
4271 4.0432050243638045e-7
4272 4.0432050243638045e-7
4273 4.0432050243638045e-7
4274 4.048924794443959e-7
4275 4.048924794443959e-7
4276 4.048924794443959e-7
4277 4.048924794443959e-7
4278 4.048924794443959e-7
4279 4.0543721974306863e-7
4280 4.0543721974306863e-7
4281 4.0543721974306863e-7
4282 4.0543721974306863e-7
4283 4.0543721974306863e-7
4284 4.0543721974306863e-7
4285 4.0543721974306863e-7
4286 4.0543721974306863e-7
4287 4.0543721974306863e-7
4288 4.0543721974306863e-7
4289 4.0543721974306863e-7
4290 4.0543721974306863e-7
4291 4.059146676942849e-7
4292 4.059146676942849e-7
4293 4.059146676942849e-7
4294 4.059146676942849e-7
4295 4.059146676942849e-7
4296 4.059146676942849e-7
4297 4.059146676942849e-7
4298 4.059146676942849e-7
4299 4.0639371816439307e-7
4300 4.0639371816439307e-7
4301 4.0639371816439307e-7
4302 4.0639371816439307e-7
4303 4.0639371816439307e-7
4304 4.0639371816439307e-7
4305 4.0639371816439307e-7
4306 4.070089534035785e-7
4307 4.0751684310192117e-7
4308 4.0751684310192117e-7
4309 4.081032403352358e-7
4310 4.081032403352358e-7
4311 4.081032403352358e-7
4312 4.0844450412855673e-7
4313 4.082506409030104e-7
4314 4.082506409030104e-7
4315 4.082506409030104e-7
4316 4.082506409030104e-7
4317 4.082506409030104e-7
4318 4.079558403786431e-7
4319 4.079558403786431e-7
4320 4.079558403786431e-7
4321 4.079558403786431e-7
4322 4.079558403786431e-7
4323 4.079558403786431e-7
4324 4.0837240605797034e-7
4325 4.0837240605797034e-7
4326 4.0837240605797034e-7
4327 4.0837240605797034e-7
4328 4.0837240605797034e-7
4329 4.0837240605797034e-7
4330 4.0837240605797034e-7
4331 4.0869924901481024e-7
4332 4.0869924901481024e-7
4333 4.0869924901481024e-7
4334 4.0929045258243667e-7
4335 4.0929045258243667e-7
4336 4.096541473619704e-7
4337 4.096541473619704e-7
4338 4.096541473619704e-7
4339 4.096541473619704e-7
4340 4.096541473619704e-7
4341 4.096541473619704e-7
4342 4.1016364019038684e-7
4343 4.098704415737295e-7
4344 4.098704415737295e-7
4345 4.098704415737295e-7
4346 4.098704415737295e-7
4347 4.098704415737295e-7
4348 4.098704415737295e-7
4349 4.098704415737295e-7
4350 4.098704415737295e-7
4351 4.098704415737295e-7
4352 4.098704415737295e-7
4353 4.098704415737295e-7
4354 4.1073241216061856e-7
4355 4.1073241216061856e-7
4356 4.1073241216061856e-7
4357 4.1073241216061856e-7
4358 4.1073241216061856e-7
4359 4.1073241216061856e-7
4360 4.1073241216061856e-7
4361 4.1073241216061856e-7
4362 4.1073241216061856e-7
4363 4.1073241216061856e-7
4364 4.1073241216061856e-7
4365 4.1073241216061856e-7
4366 4.1073241216061856e-7
4367 4.1073241216061856e-7
4368 4.113396366388903e-7
4369 4.113396366388903e-7
4370 4.113396366388903e-7
4371 4.113396366388903e-7
4372 4.113396366388903e-7
4373 4.113396366388903e-7
4374 4.113396366388903e-7
4375 4.113396366388903e-7
4376 4.113396366388903e-7
4377 4.113396366388903e-7
4378 4.113396366388903e-7
4379 4.113396366388903e-7
4380 4.113396366388903e-7
4381 4.113396366388903e-7
4382 4.113396366388903e-7
4383 4.113396366388903e-7
4384 4.113396366388903e-7
4385 4.113396366388903e-7
4386 4.113396366388903e-7
4387 4.113396366388903e-7
4388 4.113396366388903e-7
4389 4.113396366388903e-7
4390 4.113396366388903e-7
4391 4.113396366388903e-7
4392 4.113396366388903e-7
4393 4.113396366388903e-7
4394 4.113396366388903e-7
4395 4.113396366388903e-7
4396 4.113396366388903e-7
4397 4.113396366388903e-7
4398 4.113396366388903e-7
4399 4.113396366388903e-7
4400 4.113396366388903e-7
4401 4.113396366388903e-7
4402 4.113396366388903e-7
4403 4.113396366388903e-7
4404 4.113396366388903e-7
4405 4.113396366388903e-7
4406 4.113396366388903e-7
4407 4.113396366388903e-7
4408 4.113396366388903e-7
4409 4.113396366388903e-7
4410 4.113396366388903e-7
4411 4.113396366388903e-7
4412 4.113396366388903e-7
4413 4.113396366388903e-7
4414 4.113396366388903e-7
4415 4.113396366388903e-7
4416 4.113396366388903e-7
4417 4.113396366388903e-7
4418 4.113396366388903e-7
4419 4.113396366388903e-7
4420 4.113396366388903e-7
4421 4.113396366388903e-7
4422 4.108493709812667e-7
4423 4.108493709812667e-7
4424 4.108493709812667e-7
4425 4.108493709812667e-7
4426 4.108493709812667e-7
4427 4.108493709812667e-7
4428 4.108493709812667e-7
4429 4.108493709812667e-7
4430 4.108493709812667e-7
4431 4.108493709812667e-7
4432 4.108493709812667e-7
4433 4.108493709812667e-7
4434 4.108493709812667e-7
4435 4.108493709812667e-7
4436 4.108493709812667e-7
4437 4.108493709812667e-7
4438 4.108493709812667e-7
4439 4.108493709812667e-7
4440 4.108493709812667e-7
4441 4.108493709812667e-7
4442 4.108493709812667e-7
4443 4.108493709812667e-7
4444 4.108493709812667e-7
4445 4.108493709812667e-7
4446 4.108493709812667e-7
4447 4.108493709812667e-7
4448 4.108493709812667e-7
4449 4.108493709812667e-7
4450 4.108493709812667e-7
4451 4.1190680731259396e-7
4452 4.1190680731259396e-7
4453 4.1236663244545494e-7
4454 4.1236663244545494e-7
4455 4.1236663244545494e-7
4456 4.1236663244545494e-7
4457 4.1236663244545494e-7
4458 4.1236663244545494e-7
4459 4.1236663244545494e-7
4460 4.1236663244545494e-7
4461 4.1236663244545494e-7
4462 4.125829260460322e-7
4463 4.125829260460322e-7
4464 4.125829260460322e-7
4465 4.125829260460322e-7
4466 4.125829260460322e-7
4467 4.125829260460322e-7
4468 4.1217597303532856e-7
4469 4.1217597303532856e-7
4470 4.1217597303532856e-7
4471 4.1217597303532856e-7
4472 4.1217597303532856e-7
4473 4.1217597303532856e-7
4474 4.1217597303532856e-7
4475 4.1217597303532856e-7
4476 4.1217597303532856e-7
4477 4.1217597303532856e-7
4478 4.1217597303532856e-7
4479 4.1217597303532856e-7
4480 4.1217597303532856e-7
4481 4.1217597303532856e-7
4482 4.1217597303532856e-7
4483 4.1217597303532856e-7
4484 4.1217597303532856e-7
4485 4.1217597303532856e-7
4486 4.1217597303532856e-7
4487 4.1217597303532856e-7
4488 4.1217597303532856e-7
4489 4.1217597303532856e-7
4490 4.1217597303532856e-7
4491 4.1217597303532856e-7
4492 4.1217597303532856e-7
4493 4.1217597303532856e-7
4494 4.1217597303532856e-7
4495 4.1217597303532856e-7
4496 4.1217597303532856e-7
4497 4.1345771433932856e-7
4498 4.1345771433932856e-7
4499 4.1345771433932856e-7
4500 4.138246129342822e-7
4501 4.1358108262436226e-7
4502 4.1358108262436226e-7
4503 4.1358108262436226e-7
4504 4.1358108262436226e-7
4505 4.1358108262436226e-7
4506 4.1358108262436226e-7
4507 4.1358108262436226e-7
4508 4.1358108262436226e-7
4509 4.1358108262436226e-7
4510 4.1358108262436226e-7
4511 4.1358108262436226e-7
4512 4.1358108262436226e-7
4513 4.1358108262436226e-7
4514 4.1358108262436226e-7
4515 4.1358108262436226e-7
4516 4.1358108262436226e-7
4517 4.1358108262436226e-7
4518 4.1358108262436226e-7
4519 4.1358108262436226e-7
4520 4.1358108262436226e-7
4521 4.1358108262436226e-7
4522 4.1358108262436226e-7
4523 4.1358108262436226e-7
4524 4.1358108262436226e-7
4525 4.143309013360968e-7
4526 4.143309013360968e-7
4527 4.143309013360968e-7
4528 4.143309013360968e-7
4529 4.143309013360968e-7
4530 4.143309013360968e-7
4531 4.143309013360968e-7
4532 4.143309013360968e-7
4533 4.143309013360968e-7
4534 4.143309013360968e-7
4535 4.143309013360968e-7
4536 4.143309013360968e-7
4537 4.143309013360968e-7
4538 4.143309013360968e-7
4539 4.143309013360968e-7
4540 4.143309013360968e-7
4541 4.143309013360968e-7
4542 4.143309013360968e-7
4543 4.143309013360968e-7
4544 4.143309013360968e-7
4545 4.143309013360968e-7
4546 4.143309013360968e-7
4547 4.143309013360968e-7
4548 4.143309013360968e-7
4549 4.143309013360968e-7
4550 4.143309013360968e-7
4551 4.143309013360968e-7
4552 4.143309013360968e-7
4553 4.143309013360968e-7
4554 4.143309013360968e-7
4555 4.143309013360968e-7
4556 4.1488525430339314e-7
4557 4.1488525430339314e-7
4558 4.1488525430339314e-7
4559 4.1488525430339314e-7
4560 4.1488525430339314e-7
4561 4.1488525430339314e-7
4562 4.1488525430339314e-7
4563 4.1488525430339314e-7
4564 4.15832140056094e-7
4565 4.15832140056094e-7
4566 4.15832140056094e-7
4567 4.15832140056094e-7
4568 4.1665245493070495e-7
4569 4.1665245493070495e-7
4570 4.1665245493070495e-7
4571 4.1665245493070495e-7
4572 4.1665245493070495e-7
4573 4.1665245493070495e-7
4574 4.1665245493070495e-7
4575 4.1665245493070495e-7
4576 4.1750962040564597e-7
4577 4.1750962040564597e-7
4578 4.1844849600861505e-7
4579 4.1844849600861505e-7
4580 4.1844849600861505e-7
4581 4.2001061883404696e-7
4582 4.2001061883404696e-7
4583 4.2001061883404696e-7
4584 4.2001061883404696e-7
4585 4.2001061883404696e-7
4586 4.2001061883404696e-7
4587 4.2001061883404696e-7
4588 4.2001061883404696e-7
4589 4.2001061883404696e-7
4590 4.2001061883404696e-7
4591 4.207155767957197e-7
4592 4.207155767957197e-7
4593 4.207155767957197e-7
4594 4.207155767957197e-7
4595 4.215006423665287e-7
4596 4.215006423665287e-7
4597 4.215006423665287e-7
4598 4.220790282277478e-7
4599 4.220790282277478e-7
4600 4.220790282277478e-7
4601 4.220790282277478e-7
4602 4.220790282277478e-7
4603 4.223129470914079e-7
4604 4.223129470914079e-7
4605 4.223129470914079e-7
4606 4.223129470914079e-7
4607 4.2350336437639246e-7
4608 4.2350336437639246e-7
4609 4.2350336437639246e-7
4610 4.2350336437639246e-7
4611 4.2363314029226607e-7
4612 4.2363314029226607e-7
4613 4.2363314029226607e-7
4614 4.2363314029226607e-7
4615 4.2363314029226607e-7
4616 4.2363314029226607e-7
4617 4.2363314029226607e-7
4618 4.2363314029226607e-7
4619 4.2426119323785876e-7
4620 4.2426119323785876e-7
4621 4.2426119323785876e-7
4622 4.2426119323785876e-7
4623 4.2426119323785876e-7
4624 4.2426119323785876e-7
4625 4.2426119323785876e-7
4626 4.2426119323785876e-7
4627 4.2426119323785876e-7
4628 4.2426119323785876e-7
4629 4.2426119323785876e-7
4630 4.2426119323785876e-7
4631 4.2426119323785876e-7
4632 4.2426119323785876e-7
4633 4.2426119323785876e-7
4634 4.2426119323785876e-7
4635 4.2426119323785876e-7
4636 4.2426119323785876e-7
4637 4.2426119323785876e-7
4638 4.2426119323785876e-7
4639 4.2426119323785876e-7
4640 4.2426119323785876e-7
4641 4.2426119323785876e-7
4642 4.2426119323785876e-7
4643 4.2426119323785876e-7
4644 4.2426119323785876e-7
4645 4.2426119323785876e-7
4646 4.2426119323785876e-7
4647 4.2426119323785876e-7
4648 4.2426119323785876e-7
4649 4.2426119323785876e-7
4650 4.2426119323785876e-7
4651 4.2426119323785876e-7
4652 4.2426119323785876e-7
4653 4.2453837033268884e-7
4654 4.2453837033268884e-7
4655 4.2453837033268884e-7
4656 4.2453837033268884e-7
4657 4.2453837033268884e-7
4658 4.2453837033268884e-7
4659 4.2453837033268884e-7
4660 4.2453837033268884e-7
4661 4.2453837033268884e-7
4662 4.2453837033268884e-7
4663 4.2453837033268884e-7
4664 4.247098031832043e-7
4665 4.247098031832043e-7
4666 4.247098031832043e-7
4667 4.247098031832043e-7
4668 4.247098031832043e-7
4669 4.247098031832043e-7
4670 4.247098031832043e-7
4671 4.247098031832043e-7
4672 4.2548365356649784e-7
4673 4.2548365356649784e-7
4674 4.258056914113897e-7
4675 4.258056914113897e-7
4676 4.258056914113897e-7
4677 4.258056914113897e-7
4678 4.258056914113897e-7
4679 4.2647059434613055e-7
4680 4.2647059434613055e-7
4681 4.2647059434613055e-7
4682 4.2647059434613055e-7
4683 4.2647059434613055e-7
4684 4.2647059434613055e-7
4685 4.2647059434613055e-7
4686 4.2647059434613055e-7
4687 4.2647059434613055e-7
4688 4.2647059434613055e-7
4689 4.2647059434613055e-7
4690 4.267830195223988e-7
4691 4.267830195223988e-7
4692 4.273437813428988e-7
4693 4.273437813428988e-7
4694 4.273437813428988e-7
4695 4.273437813428988e-7
4696 4.273437813428988e-7
4697 4.2827945313044794e-7
4698 4.2827945313044794e-7
4699 4.2827945313044794e-7
4700 4.2827945313044794e-7
4701 4.2827945313044794e-7
4702 4.2827945313044794e-7
4703 4.288434193775498e-7
4704 4.288434193775498e-7
4705 4.288434193775498e-7
4706 4.288434193775498e-7
4707 4.288434193775498e-7
4708 4.288434193775498e-7
4709 4.2919269393178433e-7
4710 4.2919269393178433e-7
4711 4.2919269393178433e-7
4712 4.2919269393178433e-7
4713 4.2919269393178433e-7
4714 4.2919269393178433e-7
4715 4.2919269393178433e-7
4716 4.2919269393178433e-7
4717 4.2919269393178433e-7
4718 4.2919269393178433e-7
4719 4.2919269393178433e-7
4720 4.2919269393178433e-7
4721 4.2919269393178433e-7
4722 4.2919269393178433e-7
4723 4.2919269393178433e-7
4724 4.2919269393178433e-7
4725 4.2919269393178433e-7
4726 4.2919269393178433e-7
4727 4.2919269393178433e-7
4728 4.2919269393178433e-7
4729 4.2919269393178433e-7
4730 4.2919269393178433e-7
4731 4.2919269393178433e-7
4732 4.2919269393178433e-7
4733 4.2919269393178433e-7
4734 4.2919269393178433e-7
4735 4.2919269393178433e-7
4736 4.2919269393178433e-7
4737 4.2919269393178433e-7
4738 4.296316899861425e-7
4739 4.296316899861425e-7
4740 4.296316899861425e-7
4741 4.296316899861425e-7
4742 4.2981273550528155e-7
4743 4.2981273550528155e-7
4744 4.2981273550528155e-7
4745 4.2981273550528155e-7
4746 4.2981273550528155e-7
4747 4.2981273550528155e-7
4748 4.2981273550528155e-7
4749 4.3051448965153434e-7
4750 4.3051448965153434e-7
4751 4.3051448965153434e-7
4752 4.3051448965153434e-7
4753 4.3051448965153434e-7
4754 4.3051448965153434e-7
4755 4.3051448965153434e-7
4756 4.3051448965153434e-7
4757 4.3051448965153434e-7
4758 4.3051448965153434e-7
4759 4.3051448965153434e-7
4760 4.3051448965153434e-7
4761 4.3051448965153434e-7
4762 4.3051448965153434e-7
4763 4.3051448965153434e-7
4764 4.3051448965153434e-7
4765 4.3051448965153434e-7
4766 4.3051448965153434e-7
4767 4.3051448965153434e-7
4768 4.3051448965153434e-7
4769 4.3051448965153434e-7
4770 4.3051448965153434e-7
4771 4.3051448965153434e-7
4772 4.3051448965153434e-7
4773 4.3051448965153434e-7
4774 4.3051448965153434e-7
4775 4.3051448965153434e-7
4776 4.3051448965153434e-7
4777 4.3051448965153434e-7
4778 4.3051448965153434e-7
4779 4.3051448965153434e-7
4780 4.3051448965153434e-7
4781 4.3051448965153434e-7
4782 4.3051448965153434e-7
4783 4.3051448965153434e-7
4784 4.3051448965153434e-7
4785 4.3051448965153434e-7
4786 4.3051448965153434e-7
4787 4.3051448965153434e-7
4788 4.3051448965153434e-7
4789 4.3051448965153434e-7
4790 4.3051448965153434e-7
4791 4.3051448965153434e-7
4792 4.3051448965153434e-7
4793 4.3051448965153434e-7
4794 4.3051448965153434e-7
4795 4.3051448965153434e-7
4796 4.3051448965153434e-7
4797 4.3051448965153434e-7
4798 4.3051448965153434e-7
4799 4.3051448965153434e-7
4800 4.3051448965153434e-7
4801 4.3051448965153434e-7
4802 4.3051448965153434e-7
4803 4.3051448965153434e-7
4804 4.3051448965153434e-7
4805 4.3051448965153434e-7
4806 4.3051448965153434e-7
4807 4.3051448965153434e-7
4808 4.3051448965153434e-7
4809 4.3051448965153434e-7
4810 4.314325361760006e-7
4811 4.314325361760006e-7
4812 4.314325361760006e-7
4813 4.314822032603742e-7
4814 4.314822032603742e-7
4815 4.314822032603742e-7
4816 4.314822032603742e-7
4817 4.314822032603742e-7
4818 4.334288487214789e-7
4819 4.334288487214789e-7
4820 4.334288487214789e-7
4821 4.334288487214789e-7
4822 4.338934789662879e-7
4823 4.338934789662879e-7
4824 4.338934789662879e-7
4825 4.338934789662879e-7
4826 4.338934789662879e-7
4827 4.3398159794751964e-7
4828 4.3398159794751964e-7
4829 4.3398159794751964e-7
4830 4.3398159794751964e-7
4831 4.3398159794751964e-7
4832 4.3398159794751964e-7
4833 4.342379459638469e-7
4834 4.342379459638469e-7
4835 4.342379459638469e-7
4836 4.342379459638469e-7
4837 4.345808116648778e-7
4838 4.345808116648778e-7
4839 4.345808116648778e-7
4840 4.3492207484701684e-7
4841 4.3492207484701684e-7
4842 4.3492207484701684e-7
4843 4.3492207484701684e-7
4844 4.3492207484701684e-7
4845 4.3492207484701684e-7
4846 4.3492207484701684e-7
4847 4.3509030388211234e-7
4848 4.3509030388211234e-7
4849 4.3509030388211234e-7
4850 4.3509030388211234e-7
4851 4.3575360490914324e-7
4852 4.36122104800625e-7
4853 4.36122104800625e-7
4854 4.36122104800625e-7
4855 4.36122104800625e-7
4856 4.36122104800625e-7
4857 4.36122104800625e-7
4858 4.36122104800625e-7
4859 4.36122104800625e-7
4860 4.3737981382188414e-7
4861 4.3737981382188414e-7
4862 4.3737981382188414e-7
4863 4.3737981382188414e-7
4864 4.3737981382188414e-7
4865 4.3737981382188414e-7
4866 4.3737981382188414e-7
4867 4.3737981382188414e-7
4868 4.3737981382188414e-7
4869 4.3737981382188414e-7
4870 4.3737981382188414e-7
4871 4.3737981382188414e-7
4872 4.3737981382188414e-7
4873 4.3737981382188414e-7
4874 4.3737981382188414e-7
4875 4.3737981382188414e-7
4876 4.3737981382188414e-7
4877 4.3737981382188414e-7
4878 4.3737981382188414e-7
4879 4.380046629520569e-7
4880 4.380046629520569e-7
4881 4.380046629520569e-7
4882 4.380046629520569e-7
4883 4.380046629520569e-7
4884 4.388009449327451e-7
4885 4.3978468128577597e-7
4886 4.3978468128577597e-7
4887 4.3978468128577597e-7
4888 4.3978468128577597e-7
4889 4.3978468128577597e-7
4890 4.3978468128577597e-7
4891 4.3978468128577597e-7
4892 4.3978468128577597e-7
4893 4.3978468128577597e-7
4894 4.3978468128577597e-7
4895 4.3978468128577597e-7
4896 4.3978468128577597e-7
4897 4.4148138697257515e-7
4898 4.4148138697257515e-7
4899 4.4148138697257515e-7
4900 4.4148138697257515e-7
4901 4.4148138697257515e-7
4902 4.4148138697257515e-7
4903 4.4148138697257515e-7
4904 4.4148138697257515e-7
4905 4.4148138697257515e-7
4906 4.4148138697257515e-7
4907 4.4148138697257515e-7
4908 4.4148138697257515e-7
4909 4.4148138697257515e-7
4910 4.4148138697257515e-7
4911 4.4148138697257515e-7
4912 4.4148138697257515e-7
4913 4.4148138697257515e-7
4914 4.4148138697257515e-7
4915 4.4148138697257515e-7
4916 4.4148138697257515e-7
4917 4.4148138697257515e-7
4918 4.4148138697257515e-7
4919 4.4148138697257515e-7
4920 4.4148138697257515e-7
4921 4.4148138697257515e-7
4922 4.4148138697257515e-7
4923 4.4148138697257515e-7
4924 4.4148138697257515e-7
4925 4.408068707580288e-7
4926 4.408068707580288e-7
4927 4.408068707580288e-7
4928 4.408068707580288e-7
4929 4.408068707580288e-7
4930 4.408068707580288e-7
4931 4.408068707580288e-7
4932 4.408068707580288e-7
4933 4.408068707580288e-7
4934 4.408068707580288e-7
4935 4.408068707580288e-7
4936 4.408068707580288e-7
4937 4.408068707580288e-7
4938 4.408068707580288e-7
4939 4.408068707580288e-7
4940 4.408068707580288e-7
4941 4.408068707580288e-7
4942 4.408068707580288e-7
4943 4.408068707580288e-7
4944 4.408068707580288e-7
4945 4.408068707580288e-7
4946 4.408068707580288e-7
4947 4.408068707580288e-7
4948 4.408068707580288e-7
4949 4.408068707580288e-7
4950 4.408068707580288e-7
4951 4.408068707580288e-7
4952 4.408068707580288e-7
4953 4.408068707580288e-7
4954 4.408068707580288e-7
4955 4.408068707580288e-7
4956 4.417761868857605e-7
4957 4.417761868857605e-7
4958 4.417761868857605e-7
4959 4.417761868857605e-7
4960 4.417761868857605e-7
4961 4.417761868857605e-7
4962 4.417761868857605e-7
4963 4.417761868857605e-7
4964 4.417761868857605e-7
4965 4.417761868857605e-7
4966 4.417761868857605e-7
4967 4.419828665953504e-7
4968 4.419828665953504e-7
4969 4.419828665953504e-7
4970 4.419828665953504e-7
4971 4.419828665953504e-7
4972 4.419828665953504e-7
4973 4.419828665953504e-7
4974 4.4253882208153863e-7
4975 4.4253882208153863e-7
4976 4.4253882208153863e-7
4977 4.4253882208153863e-7
4978 4.4329665216536866e-7
4979 4.4329665216536866e-7
4980 4.4329665216536866e-7
4981 4.4329665216536866e-7
4982 4.4329665216536866e-7
4983 4.4329665216536866e-7
4984 4.4329665216536866e-7
4985 4.4329665216536866e-7
4986 4.4329665216536866e-7
4987 4.4329665216536866e-7
4988 4.4329665216536866e-7
4989 4.4329665216536866e-7
4990 4.4329665216536866e-7
4991 4.423994334970414e-7
4992 4.423994334970414e-7
4993 4.423994334970414e-7
4994 4.423994334970414e-7
4995 4.423994334970414e-7
4996 4.423994334970414e-7
4997 4.423994334970414e-7
4998 4.423994334970414e-7
4999 4.423994334970414e-7
5000 4.423994334970414e-7
5001 4.423994334970414e-7
5002 4.423994334970414e-7
5003 4.423994334970414e-7
5004 4.423994334970414e-7
5005 4.423994334970414e-7
5006 4.423994334970414e-7
5007 4.423994334970414e-7
5008 4.423994334970414e-7
5009 4.423994334970414e-7
5010 4.423994334970414e-7
5011 4.423994334970414e-7
5012 4.423994334970414e-7
5013 4.423994334970414e-7
5014 4.423994334970414e-7
5015 4.423994334970414e-7
5016 4.423994334970414e-7
5017 4.427006422634305e-7
5018 4.427006422634305e-7
5019 4.427006422634305e-7
5020 4.427006422634305e-7
5021 4.4320853196177317e-7
5022 4.4320853196177317e-7
5023 4.4320853196177317e-7
5024 4.4320853196177317e-7
5025 4.4320853196177317e-7
5026 4.4395514563572404e-7
5027 4.4395514563572404e-7
5028 4.445463479809867e-7
5029 4.4528174768978585e-7
5030 4.4528174768978585e-7
5031 4.4528174768978585e-7
5032 4.4528174768978585e-7
5033 4.4528174768978585e-7
5034 4.4584731584459766e-7
5035 4.4584731584459766e-7
5036 4.4584731584459766e-7
5037 4.4584731584459766e-7
5038 4.4584731584459766e-7
5039 4.4584731584459766e-7
5040 4.4584731584459766e-7
5041 4.460331676980485e-7
5042 4.460331676980485e-7
5043 4.460331676980485e-7
5044 4.460331676980485e-7
5045 4.460331676980485e-7
5046 4.460331676980485e-7
5047 4.460331676980485e-7
5048 4.460331676980485e-7
5049 4.4658271433103304e-7
5050 4.4658271433103304e-7
5051 4.4658271433103304e-7
5052 4.4658271433103304e-7
5053 4.4658271433103304e-7
5054 4.4658271433103304e-7
5055 4.4658271433103304e-7
5056 4.4658271433103304e-7
5057 4.4658271433103304e-7
5058 4.4658271433103304e-7
5059 4.4658271433103304e-7
5060 4.4658271433103304e-7
5061 4.4658271433103304e-7
5062 4.471306584451257e-7
5063 4.471306584451257e-7
5064 4.471306584451257e-7
5065 4.471306584451257e-7
5066 4.471306584451257e-7
5067 4.471306584451257e-7
5068 4.474751254426847e-7
5069 4.474751254426847e-7
5070 4.474751254426847e-7
5071 4.474751254426847e-7
5072 4.474751254426847e-7
5073 4.474751254426847e-7
5074 4.474751254426847e-7
5075 4.474751254426847e-7
5076 4.474751254426847e-7
5077 4.48111189149191e-7
5078 4.48111189149191e-7
5079 4.48111189149191e-7
5080 4.48111189149191e-7
5081 4.48111189149191e-7
5082 4.48111189149191e-7
5083 4.48111189149191e-7
5084 4.48111189149191e-7
5085 4.48111189149191e-7
5086 4.48111189149191e-7
5087 4.48111189149191e-7
5088 4.486399079260365e-7
5089 4.486399079260365e-7
5090 4.486399079260365e-7
5091 4.486399079260365e-7
5092 4.486399079260365e-7
5093 4.486399079260365e-7
5094 4.4989761633611374e-7
5095 4.4989761633611374e-7
5096 4.4989761633611374e-7
5097 4.4989761633611374e-7
5098 4.4989761633611374e-7
5099 4.4989761633611374e-7
5100 4.4989761633611374e-7
5101 4.4989761633611374e-7
5102 4.4989761633611374e-7
5103 4.4989761633611374e-7
5104 4.4989761633611374e-7
5105 4.4989761633611374e-7
5106 4.4989761633611374e-7
5107 4.4989761633611374e-7
5108 4.4989761633611374e-7
5109 4.4989761633611374e-7
5110 4.4989761633611374e-7
5111 4.4989761633611374e-7
5112 4.4989761633611374e-7
5113 4.4989761633611374e-7
5114 4.4989761633611374e-7
5115 4.4989761633611374e-7
5116 4.505721325506601e-7
5117 4.505721325506601e-7
5118 4.505721325506601e-7
5119 4.505721325506601e-7
5120 4.505721325506601e-7
5121 4.5109123743651826e-7
5122 4.5109123743651826e-7
5123 4.5109123743651826e-7
5124 4.5109123743651826e-7
5125 4.5109123743651826e-7
5126 4.5109123743651826e-7
5127 4.5109123743651826e-7
5128 4.5109123743651826e-7
5129 4.5109123743651826e-7
5130 4.5109123743651826e-7
5131 4.5109123743651826e-7
5132 4.514933853352739e-7
5133 4.514933853352739e-7
5134 4.514933853352739e-7
5135 4.514933853352739e-7
5136 4.514933853352739e-7
5137 4.514933853352739e-7
5138 4.514933853352739e-7
5139 4.514933853352739e-7
5140 4.514933853352739e-7
5141 4.514933853352739e-7
5142 4.514933853352739e-7
5143 4.514933853352739e-7
5144 4.514933853352739e-7
5145 4.520140927400239e-7
5146 4.520140927400239e-7
5147 4.522127635222458e-7
5148 4.522127635222458e-7
5149 4.522127635222458e-7
5150 4.522127635222458e-7
5151 4.535201396278785e-7
5152 4.535201396278785e-7
5153 4.535201396278785e-7
5154 4.535201396278785e-7
5155 4.535201396278785e-7
5156 4.535201396278785e-7
5157 4.535201396278785e-7
5158 4.535201396278785e-7
5159 4.535201396278785e-7
5160 4.535201396278785e-7
5161 4.535201396278785e-7
5162 4.535201396278785e-7
5163 4.535201396278785e-7
5164 4.535201396278785e-7
5165 4.535201396278785e-7
5166 4.535201396278785e-7
5167 4.535201396278785e-7
5168 4.535201396278785e-7
5169 4.535201396278785e-7
5170 4.535201396278785e-7
5171 4.535201396278785e-7
5172 4.535201396278785e-7
5173 4.535201396278785e-7
5174 4.535201396278785e-7
5175 4.535201396278785e-7
5176 4.535201396278785e-7
5177 4.535201396278785e-7
5178 4.535201396278785e-7
5179 4.535201396278785e-7
5180 4.535201396278785e-7
5181 4.535201396278785e-7
5182 4.535201396278785e-7
5183 4.535201396278785e-7
5184 4.535201396278785e-7
5185 4.535201396278785e-7
5186 4.535201396278785e-7
5187 4.535201396278785e-7
5188 4.535201396278785e-7
5189 4.535201396278785e-7
5190 4.535201396278785e-7
5191 4.535201396278785e-7
5192 4.535201396278785e-7
5193 4.535201396278785e-7
5194 4.5370919651911303e-7
5195 4.5370919651911303e-7
5196 4.5467370753489673e-7
5197 4.5467370753489673e-7
5198 4.5467370753489673e-7
5199 4.5467370753489673e-7
5200 4.5467370753489673e-7
5201 4.5467370753489673e-7
5202 4.5467370753489673e-7
5203 4.5467370753489673e-7
5204 4.5467370753489673e-7
5205 4.5467370753489673e-7
5206 4.5519281242075485e-7
5207 4.5519281242075485e-7
5208 4.5519281242075485e-7
5209 4.5519281242075485e-7
5210 4.5519281242075485e-7
5211 4.5519281242075485e-7
5212 4.5519281242075485e-7
5213 4.5519281242075485e-7
5214 4.5519281242075485e-7
5215 4.5519281242075485e-7
5216 4.557471653880512e-7
5217 4.557471653880512e-7
5218 4.557471653880512e-7
5219 4.557471653880512e-7
5220 4.557471653880512e-7
5221 4.557471653880512e-7
5222 4.557471653880512e-7
5223 4.557471653880512e-7
5224 4.557471653880512e-7
5225 4.557471653880512e-7
5226 4.557471653880512e-7
5227 4.568494630806221e-7
5228 4.568494630806221e-7
5229 4.568494630806221e-7
5230 4.571410591783876e-7
5231 4.571410591783876e-7
5232 4.571410591783876e-7
5233 4.571410591783876e-7
5234 4.571410591783876e-7
5235 4.571410591783876e-7
5236 4.571410591783876e-7
5237 4.571410591783876e-7
5238 4.571410591783876e-7
5239 4.571410591783876e-7
5240 4.571410591783876e-7
5241 4.571410591783876e-7
5242 4.571410591783876e-7
5243 4.571410591783876e-7
5244 4.571410591783876e-7
5245 4.571410591783876e-7
5246 4.571410591783876e-7
5247 4.571410591783876e-7
5248 4.571410591783876e-7
5249 4.571410591783876e-7
5250 4.571410591783876e-7
5251 4.571410591783876e-7
5252 4.571410591783876e-7
5253 4.571410591783876e-7
5254 4.571410591783876e-7
5255 4.571410591783876e-7
5256 4.571410591783876e-7
5257 4.571410591783876e-7
5258 4.571410591783876e-7
5259 4.571410591783876e-7
5260 4.571410591783876e-7
5261 4.571410591783876e-7
5262 4.571410591783876e-7
5263 4.571410591783876e-7
5264 4.571410591783876e-7
5265 4.571410591783876e-7
5266 4.571410591783876e-7
5267 4.571410591783876e-7
5268 4.571410591783876e-7
5269 4.571410591783876e-7
5270 4.571410591783876e-7
5271 4.571410591783876e-7
5272 4.571410591783876e-7
5273 4.571410591783876e-7
5274 4.571410591783876e-7
5275 4.574743122107949e-7
5276 4.574743122107949e-7
5277 4.574743122107949e-7
5278 4.574743122107949e-7
5279 4.574743122107949e-7
5280 4.574743122107949e-7
5281 4.5827860556357863e-7
5282 4.5827860556357863e-7
5283 4.5827860556357863e-7
5284 4.5827860556357863e-7
5285 4.5827860556357863e-7
5286 4.5861666431911583e-7
5287 4.5861666431911583e-7
5288 4.5861666431911583e-7
5289 4.5861666431911583e-7
5290 4.5861666431911583e-7
5291 4.593072032778532e-7
5292 4.593072032778532e-7
5293 4.593072032778532e-7
5294 4.593072032778532e-7
5295 4.593072032778532e-7
5296 4.593072032778532e-7
5297 4.593072032778532e-7
5298 4.593072032778532e-7
5299 4.600217745193314e-7
5300 4.600217745193314e-7
5301 4.600217745193314e-7
5302 4.6041590982362776e-7
5303 4.6041590982362776e-7
5304 4.6041590982362776e-7
5305 4.6041590982362776e-7
5306 4.6041590982362776e-7
5307 4.6041590982362776e-7
5308 4.6041590982362776e-7
5309 4.6041590982362776e-7
5310 4.6041590982362776e-7
5311 4.6129069933928785e-7
5312 4.6129069933928785e-7
5313 4.6206935727925697e-7
5314 4.6206935727925697e-7
5315 4.6206935727925697e-7
5316 4.6206935727925697e-7
5317 4.6206935727925697e-7
5318 4.6206935727925697e-7
5319 4.6206935727925697e-7
5320 4.6206935727925697e-7
5321 4.6254360141505334e-7
5322 4.6254360141505334e-7
5323 4.6285762911021347e-7
5324 4.6555409328305264e-7
5325 4.6555409328305264e-7
5326 4.6555409328305264e-7
5327 4.660860146529543e-7
5328 4.660860146529543e-7
5329 4.660860146529543e-7
5330 4.660860146529543e-7
5331 4.660860146529543e-7
5332 4.660860146529543e-7
5333 4.660860146529543e-7
5334 4.660860146529543e-7
5335 4.660860146529543e-7
5336 4.6776509629903435e-7
5337 4.6776509629903435e-7
5338 4.6776509629903435e-7
5339 4.6776509629903435e-7
5340 4.6776509629903435e-7
5341 4.6776509629903435e-7
5342 4.6776509629903435e-7
5343 4.687360161680217e-7
5344 4.687360161680217e-7
5345 4.693977152873426e-7
5346 4.693977152873426e-7
5347 4.693977152873426e-7
5348 4.6887380406717265e-7
5349 4.6887380406717265e-7
5350 4.6887380406717265e-7
5351 4.6887380406717265e-7
5352 4.6887380406717265e-7
5353 4.6887380406717265e-7
5354 4.6887380406717265e-7
5355 4.6887380406717265e-7
5356 4.6887380406717265e-7
5357 4.6887380406717265e-7
5358 4.6887380406717265e-7
5359 4.6887380406717265e-7
5360 4.6887380406717265e-7
5361 4.6887380406717265e-7
5362 4.6887380406717265e-7
5363 4.6887380406717265e-7
5364 4.6887380406717265e-7
5365 4.6887380406717265e-7
5366 4.6887380406717265e-7
5367 4.6887380406717265e-7
5368 4.6887380406717265e-7
5369 4.6887380406717265e-7
5370 4.6887380406717265e-7
5371 4.6887380406717265e-7
5372 4.6887380406717265e-7
5373 4.6960599873818807e-7
5374 4.6960599873818807e-7
5375 4.6960599873818807e-7
5376 4.705624983818763e-7
5377 4.705624983818763e-7
5378 4.705624983818763e-7
5379 4.705624983818763e-7
5380 4.705624983818763e-7
5381 4.705624983818763e-7
5382 4.705624983818763e-7
5383 4.705624983818763e-7
5384 4.705624983818763e-7
5385 4.705624983818763e-7
5386 4.705624983818763e-7
5387 4.705624983818763e-7
5388 4.705624983818763e-7
5389 4.705624983818763e-7
5390 4.705624983818763e-7
5391 4.705624983818763e-7
5392 4.705624983818763e-7
5393 4.705624983818763e-7
5394 4.7069868315095354e-7
5395 4.7069868315095354e-7
5396 4.7117452980564175e-7
5397 4.7117452980564175e-7
5398 4.7117452980564175e-7
5399 4.7117452980564175e-7
5400 4.7117452980564175e-7
5401 4.7117452980564175e-7
5402 4.7117452980564175e-7
5403 4.720765548082808e-7
5404 4.720765548082808e-7
5405 4.720765548082808e-7
5406 4.720765548082808e-7
5407 4.720765548082808e-7
5408 4.720765548082808e-7
5409 4.720765548082808e-7
5410 4.720765548082808e-7
5411 4.720765548082808e-7
5412 4.720765548082808e-7
5413 4.720765548082808e-7
5414 4.727302431666881e-7
5415 4.727302431666881e-7
5416 4.727302431666881e-7
5417 4.727302431666881e-7
5418 4.727302431666881e-7
5419 4.727302431666881e-7
5420 4.727302431666881e-7
5421 4.727302431666881e-7
5422 4.727302431666881e-7
5423 4.728904608296881e-7
5424 4.728904608296881e-7
5425 4.728904608296881e-7
5426 4.728904608296881e-7
5427 4.728904608296881e-7
5428 4.728904608296881e-7
5429 4.728904608296881e-7
5430 4.728904608296881e-7
5431 4.735809985660617e-7
5432 4.735809985660617e-7
5433 4.735809985660617e-7
5434 4.735809985660617e-7
5435 4.735809985660617e-7
5436 4.735809985660617e-7
5437 4.735809985660617e-7
5438 4.735809985660617e-7
5439 4.735809985660617e-7
5440 4.735809985660617e-7
5441 4.735809985660617e-7
5442 4.735809985660617e-7
5443 4.735809985660617e-7
5444 4.735809985660617e-7
5445 4.735809985660617e-7
5446 4.735809985660617e-7
5447 4.735809985660617e-7
5448 4.735809985660617e-7
5449 4.735809985660617e-7
5450 4.735809985660617e-7
5451 4.735809985660617e-7
5452 4.735809985660617e-7
5453 4.735809985660617e-7
5454 4.735809985660617e-7
5455 4.735809985660617e-7
5456 4.7397833890814173e-7
5457 4.7397833890814173e-7
5458 4.7397833890814173e-7
5459 4.746688778668791e-7
5460 4.7562698002945915e-7
5461 4.7562698002945915e-7
5462 4.7596023306186647e-7
5463 4.7596023306186647e-7
5464 4.7672607329542826e-7
5465 4.7672607329542826e-7
5466 4.7672607329542826e-7
5467 4.7672607329542826e-7
5468 4.7672607329542826e-7
5469 4.7672607329542826e-7
5470 4.771682743875702e-7
5471 4.771682743875702e-7
5472 4.771682743875702e-7
5473 4.771682743875702e-7
5474 4.771682743875702e-7
5475 4.771682743875702e-7
5476 4.772820287816165e-7
5477 4.772820287816165e-7
5478 4.772820287816165e-7
5479 4.772820287816165e-7
5480 4.772820287816165e-7
5481 4.785509536015729e-7
5482 4.785509536015729e-7
5483 4.785509536015729e-7
5484 4.785509536015729e-7
5485 4.785509536015729e-7
5486 4.785509536015729e-7
5487 4.785509536015729e-7
5488 4.785509536015729e-7
5489 4.785509536015729e-7
5490 4.785509536015729e-7
5491 4.785509536015729e-7
5492 4.785509536015729e-7
5493 4.785509536015729e-7
5494 4.797077253240111e-7
5495 4.797077253240111e-7
5496 4.797077253240111e-7
5497 4.797077253240111e-7
5498 4.797077253240111e-7
5499 4.797077253240111e-7
5500 4.797077253240111e-7
5501 4.797077253240111e-7
5502 4.798599316149156e-7
5503 4.798599316149156e-7
5504 4.798599316149156e-7
5505 4.798599316149156e-7
5506 4.798599316149156e-7
5507 4.798599316149156e-7
5508 4.802829073698103e-7
5509 4.802829073698103e-7
5510 4.802829073698103e-7
5511 4.802829073698103e-7
5512 4.811657070352021e-7
5513 4.811657070352021e-7
5514 4.811657070352021e-7
5515 4.811657070352021e-7
5516 4.811657070352021e-7
5517 4.811657070352021e-7
5518 4.811657070352021e-7
5519 4.811657070352021e-7
5520 4.815822739368931e-7
5521 4.815822739368931e-7
5522 4.815822739368931e-7
5523 4.815822739368931e-7
5524 4.815822739368931e-7
5525 4.815822739368931e-7
5526 4.815822739368931e-7
5527 4.815822739368931e-7
5528 4.815822739368931e-7
5529 4.815822739368931e-7
5530 4.815822739368931e-7
5531 4.815822739368931e-7
5532 4.823561249313685e-7
5533 4.823561249313685e-7
5534 4.823561249313685e-7
5535 4.819732042034057e-7
5536 4.827358393991838e-7
5537 4.831251683691683e-7
5538 4.831251683691683e-7
5539 4.832645581760293e-7
5540 4.832645581760293e-7
5541 4.834760454422947e-7
5542 4.843668552574183e-7
5543 4.84950048675313e-7
5544 4.84950048675313e-7
5545 4.84950048675313e-7
5546 4.84950048675313e-7
5547 4.84950048675313e-7
5548 4.84950048675313e-7
5549 4.84950048675313e-7
5550 4.84950048675313e-7
5551 4.84950048675313e-7
5552 4.84950048675313e-7
5553 4.84950048675313e-7
5554 4.84950048675313e-7
5555 4.84950048675313e-7
5556 4.84950048675313e-7
5557 4.85828042006393e-7
5558 4.85828042006393e-7
5559 4.863952126800966e-7
5560 4.863952126800966e-7
5561 4.872459680794702e-7
5562 4.877682767807483e-7
5563 4.877682767807483e-7
5564 4.886703017833873e-7
5565 4.886703017833873e-7
5566 4.886703017833873e-7
5567 4.886703017833873e-7
5568 4.886703017833873e-7
5569 4.893688508918565e-7
5570 4.893688508918565e-7
5571 4.893688508918565e-7
5572 4.893688508918565e-7
5573 4.893688508918565e-7
5574 4.893688508918565e-7
5575 4.893688508918565e-7
5576 4.893688508918565e-7
5577 4.893688508918565e-7
5578 4.896123818129583e-7
5579 4.896123818129583e-7
5580 4.905784953476338e-7
5581 4.905784953476338e-7
5582 4.905784953476338e-7
5583 4.905784953476338e-7
5584 4.905784953476338e-7
5585 4.905784953476338e-7
5586 4.905784953476338e-7
5587 4.905784953476338e-7
5588 4.905784953476338e-7
5589 4.908380484017447e-7
5590 4.908380484017447e-7
5591 4.908380484017447e-7
5592 4.908380484017447e-7
5593 4.920557030072539e-7
5594 4.940472086072384e-7
5595 4.940472086072384e-7
5596 4.940472086072384e-7
5597 4.940472086072384e-7
5598 4.940472086072384e-7
5599 4.949123842319112e-7
5600 4.949123842319112e-7
5601 4.941177041589329e-7
5602 4.941177041589329e-7
5603 4.941177041589329e-7
5604 4.944365375772229e-7
5605 4.938341188220811e-7
5606 4.938341188220811e-7
5607 4.938341188220811e-7
5608 4.938341188220811e-7
5609 4.938341188220811e-7
5610 4.938341188220811e-7
5611 4.938341188220811e-7
5612 4.938341188220811e-7
5613 4.942490825936983e-7
5614 4.942490825936983e-7
5615 4.942490825936983e-7
5616 4.942490825936983e-7
5617 4.942490825936983e-7
5618 4.944429458192447e-7
5619 4.944429458192447e-7
5620 4.944429458192447e-7
5621 4.952872923654146e-7
5622 4.952872923654146e-7
5623 4.952872923654146e-7
5624 4.952872923654146e-7
5625 4.962021350744609e-7
5626 4.962021350744609e-7
5627 4.962021350744609e-7
5628 4.962021350744609e-7
5629 4.962021350744609e-7
5630 4.962021350744609e-7
5631 4.974037675469609e-7
5632 4.974037675469609e-7
5633 4.974037675469609e-7
5634 4.974037675469609e-7
5635 4.974037675469609e-7
5636 4.974037675469609e-7
5637 4.974037675469609e-7
5638 4.974037675469609e-7
5639 4.974037675469609e-7
5640 4.974037675469609e-7
5641 4.974037675469609e-7
5642 4.974037675469609e-7
5643 4.974037675469609e-7
5644 4.974037675469609e-7
5645 4.977370205793683e-7
5646 4.977370205793683e-7
5647 4.977370205793683e-7
5648 4.977370205793683e-7
5649 4.977370205793683e-7
5650 4.977370205793683e-7
5651 4.977370205793683e-7
5652 4.977370205793683e-7
5653 4.977370205793683e-7
5654 4.977370205793683e-7
5655 4.977370205793683e-7
5656 4.977370205793683e-7
5657 4.977370205793683e-7
5658 4.977370205793683e-7
5659 4.977370205793683e-7
5660 4.977370205793683e-7
5661 4.977370205793683e-7
5662 4.977370205793683e-7
5663 4.977370205793683e-7
5664 4.977370205793683e-7
5665 4.977370205793683e-7
5666 4.977370205793683e-7
5667 4.977370205793683e-7
5668 4.977370205793683e-7
5669 4.977370205793683e-7
5670 4.977370205793683e-7
5671 4.980862951336028e-7
5672 4.980862951336028e-7
5673 4.980862951336028e-7
5674 4.980862951336028e-7
5675 4.980862951336028e-7
5676 4.980862951336028e-7
5677 4.980862951336028e-7
5678 4.980862951336028e-7
5679 4.980862951336028e-7
5680 4.980862951336028e-7
5681 4.980862951336028e-7
5682 4.986326379511674e-7
5683 4.986326379511674e-7
5684 4.986326379511674e-7
5685 4.993584243801611e-7
5686 4.993584243801611e-7
5687 4.993584243801611e-7
5688 4.993584243801611e-7
5689 4.993584243801611e-7
5690 4.993584243801611e-7
5691 4.993584243801611e-7
5692 4.993584243801611e-7
5693 4.993584243801611e-7
5694 4.993584243801611e-7
5695 4.993584243801611e-7
5696 4.993584243801611e-7
5697 4.993584243801611e-7
5698 4.993584243801611e-7
5699 4.993584243801611e-7
5700 4.993584243801611e-7
5701 4.993584243801611e-7
5702 4.993584243801611e-7
5703 4.993584243801611e-7
5704 4.993584243801611e-7
5705 4.993584243801611e-7
5706 5.007507150404237e-7
5707 5.007507150404237e-7
5708 5.007507150404237e-7
5709 5.007507150404237e-7
5710 5.007507150404237e-7
5711 5.007507150404237e-7
5712 5.007507150404237e-7
5713 5.007507150404237e-7
5714 5.007507150404237e-7
5715 5.007507150404237e-7
5716 5.025771966430965e-7
5717 5.025771966430965e-7
5718 5.036907089120009e-7
5719 5.036907089120009e-7
5720 5.036907089120009e-7
5721 5.036907089120009e-7
5722 5.036907089120009e-7
5723 5.036907089120009e-7
5724 5.046968756400627e-7
5725 5.046968756400627e-7
5726 5.046968756400627e-7
5727 5.049996869253435e-7
5728 5.048154363684208e-7
5729 5.048154363684208e-7
5730 5.048154363684208e-7
5731 5.048154363684208e-7
5732 5.051967551886737e-7
5733 5.051967551886737e-7
5734 5.051967551886737e-7
5735 5.051967551886737e-7
5736 5.070024089352074e-7
5737 5.070024089352074e-7
5738 5.070024089352074e-7
5739 5.070024089352074e-7
5740 5.070024089352074e-7
5741 5.070024089352074e-7
5742 5.070024089352074e-7
5743 5.070024089352074e-7
5744 5.070024089352074e-7
5745 5.070024089352074e-7
5746 5.070024089352074e-7
5747 5.079348769073366e-7
5748 5.079348769073366e-7
5749 5.079060370679202e-7
5750 5.079060370679202e-7
5751 5.079060370679202e-7
5752 5.07529525804343e-7
5753 5.07529525804343e-7
5754 5.07529525804343e-7
5755 5.07529525804343e-7
5756 5.07529525804343e-7
5757 5.07529525804343e-7
5758 5.07529525804343e-7
5759 5.068341811224757e-7
5760 5.068341811224757e-7
5761 5.068341811224757e-7
5762 5.068341811224757e-7
5763 5.068341811224757e-7
5764 5.068341811224757e-7
5765 5.068341811224757e-7
5766 5.068341811224757e-7
5767 5.068341811224757e-7
5768 5.068341811224757e-7
5769 5.068341811224757e-7
5770 5.068341811224757e-7
5771 5.068341811224757e-7
5772 5.068341811224757e-7
5773 5.07346878377494e-7
5774 5.07346878377494e-7
5775 5.069190968994695e-7
5776 5.069190968994695e-7
5777 5.069190968994695e-7
5778 5.069190968994695e-7
5779 5.069190968994695e-7
5780 5.069190968994695e-7
5781 5.069190968994695e-7
5782 5.069190968994695e-7
5783 5.071626278205713e-7
5784 5.076000219672194e-7
5785 5.076000219672194e-7
5786 5.076000219672194e-7
5787 5.076000219672194e-7
5788 5.076000219672194e-7
5789 5.083097868743859e-7
5790 5.083097868743859e-7
5791 5.083097868743859e-7
5792 5.083097868743859e-7
5793 5.083097868743859e-7
5794 5.083097868743859e-7
5795 5.083097868743859e-7
5796 5.083097868743859e-7
5797 5.083097868743859e-7
5798 5.083097868743859e-7
5799 5.083097868743859e-7
5800 5.083097868743859e-7
5801 5.083097868743859e-7
5802 5.093592136671632e-7
5803 5.093592136671632e-7
5804 5.093592136671632e-7
5805 5.102083677700087e-7
5806 5.102083677700087e-7
5807 5.102083677700087e-7
5808 5.102083677700087e-7
5809 5.102083677700087e-7
5810 5.102083677700087e-7
5811 5.102083677700087e-7
5812 5.102083677700087e-7
5813 5.102083677700087e-7
5814 5.102083677700087e-7
5815 5.102083677700087e-7
5816 5.102083677700087e-7
5817 5.102083677700087e-7
5818 5.102083677700087e-7
5819 5.102083677700087e-7
5820 5.102083677700087e-7
5821 5.105864815524778e-7
5822 5.105864815524778e-7
5823 5.110783485066294e-7
5824 5.110783485066294e-7
5825 5.110783485066294e-7
5826 5.110783485066294e-7
5827 5.11344310413944e-7
5828 5.11344310413944e-7
5829 5.11344310413944e-7
5830 5.11344310413944e-7
5831 5.11344310413944e-7
5832 5.11344310413944e-7
5833 5.11344310413944e-7
5834 5.11344310413944e-7
5835 5.11344310413944e-7
5836 5.11344310413944e-7
5837 5.11344310413944e-7
5838 5.11344310413944e-7
5839 5.11344310413944e-7
5840 5.120813114192713e-7
5841 5.120813114192713e-7
5842 5.12366498663833e-7
5843 5.12366498663833e-7
5844 5.12366498663833e-7
5845 5.141641404270894e-7
5846 5.141641404270894e-7
5847 5.141641404270894e-7
5848 5.141641404270894e-7
5849 5.141641404270894e-7
5850 5.141641404270894e-7
5851 5.141641404270894e-7
5852 5.141641404270894e-7
5853 5.141641404270894e-7
5854 5.141641404270894e-7
5855 5.141641404270894e-7
5856 5.141641404270894e-7
5857 5.141641404270894e-7
5858 5.141641404270894e-7
5859 5.141641404270894e-7
5860 5.141641404270894e-7
5861 5.141641404270894e-7
5862 5.141641404270894e-7
5863 5.141641404270894e-7
5864 5.141641404270894e-7
5865 5.141641404270894e-7
5866 5.141641404270894e-7
5867 5.141641404270894e-7
5868 5.141641404270894e-7
5869 5.141641404270894e-7
5870 5.141641404270894e-7
5871 5.141641404270894e-7
5872 5.141641404270894e-7
5873 5.141641404270894e-7
5874 5.141641404270894e-7
5875 5.141641404270894e-7
5876 5.141641404270894e-7
5877 5.141641404270894e-7
5878 5.141641404270894e-7
5879 5.141641404270894e-7
5880 5.141641404270894e-7
5881 5.141641404270894e-7
5882 5.141641404270894e-7
5883 5.141641404270894e-7
5884 5.141641404270894e-7
5885 5.141641404270894e-7
5886 5.141641404270894e-7
5887 5.141641404270894e-7
5888 5.141641404270894e-7
5889 5.141641404270894e-7
5890 5.141641404270894e-7
5891 5.141641404270894e-7
5892 5.141641404270894e-7
5893 5.141641404270894e-7
5894 5.141641404270894e-7
5895 5.141641404270894e-7
5896 5.141641404270894e-7
5897 5.141641404270894e-7
5898 5.141641404270894e-7
5899 5.141641404270894e-7
5900 5.149620249266694e-7
5901 5.149620249266694e-7
5902 5.149620249266694e-7
5903 5.149620249266694e-7
5904 5.149620249266694e-7
5905 5.149620249266694e-7
5906 5.149620249266694e-7
5907 5.149620249266694e-7
5908 5.159281372389812e-7
5909 5.159281372389812e-7
5910 5.168509913201232e-7
5911 5.168509913201232e-7
5912 5.168509913201232e-7
5913 5.168509913201232e-7
5914 5.168509913201232e-7
5915 5.168509913201232e-7
5916 5.168509913201232e-7
5917 5.168509913201232e-7
5918 5.168509913201232e-7
5919 5.17394129099904e-7
5920 5.17394129099904e-7
5921 5.17394129099904e-7
5922 5.17394129099904e-7
5923 5.17394129099904e-7
5924 5.182064326024195e-7
5925 5.182064326024195e-7
5926 5.182064326024195e-7
5927 5.182064326024195e-7
5928 5.182064326024195e-7
5929 5.182064326024195e-7
5930 5.182064326024195e-7
5931 5.182064326024195e-7
5932 5.182064326024195e-7
5933 5.182064326024195e-7
5934 5.182064326024195e-7
5935 5.182064326024195e-7
5936 5.182064326024195e-7
5937 5.182064326024195e-7
5938 5.182064326024195e-7
5939 5.182064326024195e-7
5940 5.182064326024195e-7
5941 5.182064326024195e-7
5942 5.182064326024195e-7
5943 5.182064326024195e-7
5944 5.182064326024195e-7
5945 5.182064326024195e-7
5946 5.182064326024195e-7
5947 5.182064326024195e-7
5948 5.182064326024195e-7
5949 5.182064326024195e-7
5950 5.182064326024195e-7
5951 5.182064326024195e-7
5952 5.182064326024195e-7
5953 5.182064326024195e-7
5954 5.182064326024195e-7
5955 5.182064326024195e-7
5956 5.182064326024195e-7
5957 5.182064326024195e-7
5958 5.182064326024195e-7
5959 5.182064326024195e-7
5960 5.182064326024195e-7
5961 5.195698840344475e-7
5962 5.195698840344475e-7
5963 5.195698840344475e-7
5964 5.206561595940093e-7
5965 5.206561595940093e-7
5966 5.206561595940093e-7
5967 5.206561595940093e-7
5968 5.206561595940093e-7
5969 5.206561595940093e-7
5970 5.206561595940093e-7
5971 5.210198531511793e-7
5972 5.210198531511793e-7
5973 5.210198531511793e-7
5974 5.210198531511793e-7
5975 5.210198531511793e-7
5976 5.210198531511793e-7
5977 5.210198531511793e-7
5978 5.210198531511793e-7
5979 5.210198531511793e-7
5980 5.210198531511793e-7
5981 5.211304037298056e-7
5982 5.211304037298056e-7
5983 5.211304037298056e-7
5984 5.211304037298056e-7
5985 5.220196122484011e-7
5986 5.220196122484011e-7
5987 5.220196122484011e-7
5988 5.220196122484011e-7
5989 5.220196122484011e-7
5990 5.220196122484011e-7
5991 5.220196122484011e-7
5992 5.220196122484011e-7
5993 5.220196122484011e-7
5994 5.220196122484011e-7
5995 5.220196122484011e-7
5996 5.220196122484011e-7
5997 5.220196122484011e-7
5998 5.220196122484011e-7
5999 5.220196122484011e-7
6000 5.224489956341357e-7
6001 5.224489956341357e-7
6002 5.224489956341357e-7
6003 5.234952167779475e-7
6004 5.234952167779475e-7
6005 5.24446909476142e-7
6006 5.24446909476142e-7
6007 5.24446909476142e-7
6008 5.24446909476142e-7
6009 5.24446909476142e-7
6010 5.24446909476142e-7
6011 5.24446909476142e-7
6012 5.24446909476142e-7
6013 5.24446909476142e-7
6014 5.24446909476142e-7
6015 5.24446909476142e-7
6016 5.24446909476142e-7
6017 5.24446909476142e-7
6018 5.24446909476142e-7
6019 5.24446909476142e-7
6020 5.24446909476142e-7
6021 5.24446909476142e-7
6022 5.24446909476142e-7
6023 5.24446909476142e-7
6024 5.24446909476142e-7
6025 5.24446909476142e-7
6026 5.24446909476142e-7
6027 5.24446909476142e-7
6028 5.24446909476142e-7
6029 5.249147447587347e-7
6030 5.249147447587347e-7
6031 5.249147447587347e-7
6032 5.249147447587347e-7
6033 5.25784727940083e-7
6034 5.25784727940083e-7
6035 5.268597883121293e-7
6036 5.267556471978884e-7
6037 5.267556471978884e-7
6038 5.267556471978884e-7
6039 5.267556471978884e-7
6040 5.267556471978884e-7
6041 5.267556471978884e-7
6042 5.267556471978884e-7
6043 5.267556471978884e-7
6044 5.267556471978884e-7
6045 5.277489974419066e-7
6046 5.277489974419066e-7
6047 5.277489974419066e-7
6048 5.277489974419066e-7
6049 5.277489974419066e-7
6050 5.277489974419066e-7
6051 5.277489974419066e-7
6052 5.277489974419066e-7
6053 5.277489974419066e-7
6054 5.277489974419066e-7
6055 5.277489974419066e-7
6056 5.277489974419066e-7
6057 5.277489974419066e-7
6058 5.277489974419066e-7
6059 5.277489974419066e-7
6060 5.277489974419066e-7
6061 5.277489974419066e-7
6062 5.277489974419066e-7
6063 5.277489974419066e-7
6064 5.277489974419066e-7
6065 5.277489974419066e-7
6066 5.277489974419066e-7
6067 5.277489974419066e-7
6068 5.277489974419066e-7
6069 5.277489974419066e-7
6070 5.277489974419066e-7
6071 5.277489974419066e-7
6072 5.277489974419066e-7
6073 5.277489974419066e-7
6074 5.277489974419066e-7
6075 5.277489974419066e-7
6076 5.277489974419066e-7
6077 5.277489974419066e-7
6078 5.277489974419066e-7
6079 5.277489974419066e-7
6080 5.277489974419066e-7
6081 5.277489974419066e-7
6082 5.277489974419066e-7
6083 5.277489974419066e-7
6084 5.277489974419066e-7
6085 5.277489974419066e-7
6086 5.277489974419066e-7
6087 5.277489974419066e-7
6088 5.277489974419066e-7
6089 5.277489974419066e-7
6090 5.277489974419066e-7
6091 5.277489974419066e-7
6092 5.285885388761286e-7
6093 5.285885388761286e-7
6094 5.285885388761286e-7
6095 5.290756007183323e-7
6096 5.290756007183323e-7
6097 5.290756007183323e-7
6098 5.290756007183323e-7
6099 5.290756007183323e-7
6100 5.290756007183323e-7
6101 5.290756007183323e-7
6102 5.290756007183323e-7
6103 5.290756007183323e-7
6104 5.290756007183323e-7
6105 5.290756007183323e-7
6106 5.299487864927368e-7
6107 5.299487864927368e-7
6108 5.299487864927368e-7
6109 5.299487864927368e-7
6110 5.299487864927368e-7
6111 5.299487864927368e-7
6112 5.309645658894222e-7
6113 5.309645658894222e-7
6114 5.309645658894222e-7
6115 5.309645658894222e-7
6116 5.325443127555732e-7
6117 5.325443127555732e-7
6118 5.325443127555732e-7
6119 5.325443127555732e-7
6120 5.33069826494635e-7
6121 5.33069826494635e-7
6122 5.33069826494635e-7
6123 5.344012354941905e-7
6124 5.344012354941905e-7
6125 5.344012354941905e-7
6126 5.344012354941905e-7
6127 5.344012354941905e-7
6128 5.344012354941905e-7
6129 5.344012354941905e-7
6130 5.344012354941905e-7
6131 5.344012354941905e-7
6132 5.344012354941905e-7
6133 5.344012354941905e-7
6134 5.344012354941905e-7
6135 5.344012354941905e-7
6136 5.344012354941905e-7
6137 5.344012354941905e-7
6138 5.344012354941905e-7
6139 5.344012354941905e-7
6140 5.344012354941905e-7
6141 5.344012354941905e-7
6142 5.344012354941905e-7
6143 5.344012354941905e-7
6144 5.344012354941905e-7
6145 5.344012354941905e-7
6146 5.344012354941905e-7
6147 5.344012354941905e-7
6148 5.344012354941905e-7
6149 5.344012354941905e-7
6150 5.344012354941905e-7
6151 5.344012354941905e-7
6152 5.344012354941905e-7
6153 5.344012354941905e-7
6154 5.344012354941905e-7
6155 5.344012354941905e-7
6156 5.344012354941905e-7
6157 5.344012354941905e-7
6158 5.344012354941905e-7
6159 5.344012354941905e-7
6160 5.344012354941905e-7
6161 5.354282300783913e-7
6162 5.354282300783913e-7
6163 5.354282300783913e-7
6164 5.354282300783913e-7
6165 5.354282300783913e-7
6166 5.364728493144931e-7
6167 5.364728493144931e-7
6168 5.364728493144931e-7
6169 5.364728493144931e-7
6170 5.364728493144931e-7
6171 5.364728493144931e-7
6172 5.364728493144931e-7
6173 5.364728493144931e-7
6174 5.364728493144931e-7
6175 5.364728493144931e-7
6176 5.364728493144931e-7
6177 5.364728493144931e-7
6178 5.364728493144931e-7
6179 5.364728493144931e-7
6180 5.364728493144931e-7
6181 5.364728493144931e-7
6182 5.364728493144931e-7
6183 5.364728493144931e-7
6184 5.364728493144931e-7
6185 5.364728493144931e-7
6186 5.364728493144931e-7
6187 5.364728493144931e-7
6188 5.364728493144931e-7
6189 5.364728493144931e-7
6190 5.364728493144931e-7
6191 5.364728493144931e-7
6192 5.364728493144931e-7
6193 5.364728493144931e-7
6194 5.364728493144931e-7
6195 5.364728493144931e-7
6196 5.364728493144931e-7
6197 5.364728493144931e-7
6198 5.378411083031967e-7
6199 5.378411083031967e-7
6200 5.378411083031967e-7
6201 5.378411083031967e-7
6202 5.378411083031967e-7
6203 5.378411083031967e-7
6204 5.38073424647965e-7
6205 5.38073424647965e-7
6206 5.38073424647965e-7
6207 5.38073424647965e-7
6208 5.38073424647965e-7
6209 5.40236363098465e-7
6210 5.40236363098465e-7
6211 5.40236363098465e-7
6212 5.40236363098465e-7
6213 5.40236363098465e-7
6214 5.406625426687796e-7
6215 5.406625426687796e-7
6216 5.406625426687796e-7
6217 5.406625426687796e-7
6218 5.406625426687796e-7
6219 5.406625426687796e-7
6220 5.406625426687796e-7
6221 5.406625426687796e-7
6222 5.406625426687796e-7
6223 5.406625426687796e-7
6224 5.406625426687796e-7
6225 5.406625426687796e-7
6226 5.41795281497295e-7
6227 5.41795281497295e-7
6228 5.41795281497295e-7
6229 5.41795281497295e-7
6230 5.421461585704214e-7
6231 5.421461585704214e-7
6232 5.421461585704214e-7
6233 5.421461585704214e-7
6234 5.431667455237824e-7
6235 5.431667455237824e-7
6236 5.431667455237824e-7
6237 5.431667455237824e-7
6238 5.431667455237824e-7
6239 5.442482153602143e-7
6240 5.442482153602143e-7
6241 5.43530440914498e-7
6242 5.43530440914498e-7
6243 5.43530440914498e-7
6244 5.43530440914498e-7
6245 5.43530440914498e-7
6246 5.433638143982944e-7
6247 5.433638143982944e-7
6248 5.433638143982944e-7
6249 5.433638143982944e-7
6250 5.433638143982944e-7
6251 5.433638143982944e-7
6252 5.433638143982944e-7
6253 5.433638143982944e-7
6254 5.433638143982944e-7
6255 5.433638143982944e-7
6256 5.433638143982944e-7
6257 5.433638143982944e-7
6258 5.433638143982944e-7
6259 5.433638143982944e-7
6260 5.433638143982944e-7
6261 5.433638143982944e-7
6262 5.433638143982944e-7
6263 5.433638143982944e-7
6264 5.433638143982944e-7
6265 5.433638143982944e-7
6266 5.433638143982944e-7
6267 5.433638143982944e-7
6268 5.433638143982944e-7
6269 5.433638143982944e-7
6270 5.433638143982944e-7
6271 5.433638143982944e-7
6272 5.433638143982944e-7
6273 5.433638143982944e-7
6274 5.433638143982944e-7
6275 5.433638143982944e-7
6276 5.444853380392944e-7
6277 5.444853380392944e-7
6278 5.444853380392944e-7
6279 5.452848238354025e-7
6280 5.452848238354025e-7
6281 5.457478515613197e-7
6282 5.457478515613197e-7
6283 5.457478515613197e-7
6284 5.457478515613197e-7
6285 5.457478515613197e-7
6286 5.460298349904615e-7
6287 5.460298349904615e-7
6288 5.460298349904615e-7
6289 5.460298349904615e-7
6290 5.460298349904615e-7
6291 5.460298349904615e-7
6292 5.460298349904615e-7
6293 5.460298349904615e-7
6294 5.468966119116624e-7
6295 5.468966119116624e-7
6296 5.468966119116624e-7
6297 5.468966119116624e-7
6298 5.468966119116624e-7
6299 5.468966119116624e-7
6300 5.477025065609742e-7
6301 5.477025065609742e-7
6302 5.477025065609742e-7
6303 5.477025065609742e-7
6304 5.477025065609742e-7
6305 5.486718239110697e-7
6306 5.486718239110697e-7
6307 5.491813161283043e-7
6308 5.491813161283043e-7
6309 5.491813161283043e-7
6310 5.496779906391316e-7
6311 5.496779906391316e-7
6312 5.496779906391316e-7
6313 5.496779906391316e-7
6314 5.496779906391316e-7
6315 5.496779906391316e-7
6316 5.496779906391316e-7
6317 5.496779906391316e-7
6318 5.496779906391316e-7
6319 5.496779906391316e-7
6320 5.496779906391316e-7
6321 5.496779906391316e-7
6322 5.505095207012579e-7
6323 5.505095207012579e-7
6324 5.505095207012579e-7
6325 5.505095207012579e-7
6326 5.505095207012579e-7
6327 5.505095207012579e-7
6328 5.505095207012579e-7
6329 5.505095207012579e-7
6330 5.509389040869925e-7
6331 5.509389040869925e-7
6332 5.509389040869925e-7
6333 5.509389040869925e-7
6334 5.509389040869925e-7
6335 5.509389040869925e-7
6336 5.509389040869925e-7
6337 5.509389040869925e-7
6338 5.509389040869925e-7
6339 5.509389040869925e-7
6340 5.514772355324616e-7
6341 5.514772355324616e-7
6342 5.514772355324616e-7
6343 5.514772355324616e-7
6344 5.514772355324616e-7
6345 5.514772355324616e-7
6346 5.514772355324616e-7
6347 5.514772355324616e-7
6348 5.514772355324616e-7
6349 5.522334630973998e-7
6350 5.522334630973998e-7
6351 5.522334630973998e-7
6352 5.522334630973998e-7
6353 5.522334630973998e-7
6354 5.522334630973998e-7
6355 5.522334630973998e-7
6356 5.522334630973998e-7
6357 5.522334630973998e-7
6358 5.522334630973998e-7
6359 5.522334630973998e-7
6360 5.522334630973998e-7
6361 5.532636627193844e-7
6362 5.532636627193844e-7
6363 5.537395105964364e-7
6364 5.537395105964364e-7
6365 5.537395105964364e-7
6366 5.537395105964364e-7
6367 5.537395105964364e-7
6368 5.537395105964364e-7
6369 5.537395105964364e-7
6370 5.537395105964364e-7
6371 5.537395105964364e-7
6372 5.537395105964364e-7
6373 5.537395105964364e-7
6374 5.537395105964364e-7
6375 5.546639659741063e-7
6376 5.546639659741063e-7
6377 5.546639659741063e-7
6378 5.546639659741063e-7
6379 5.546639659741063e-7
6380 5.546639659741063e-7
6381 5.546639659741063e-7
6382 5.546639659741063e-7
6383 5.546639659741063e-7
6384 5.546639659741063e-7
6385 5.553769340855108e-7
6386 5.553769340855108e-7
6387 5.553769340855108e-7
6388 5.553769340855108e-7
6389 5.553769340855108e-7
6390 5.556092504302791e-7
6391 5.556092504302791e-7
6392 5.560466451881091e-7
6393 5.560466451881091e-7
6394 5.560466451881091e-7
6395 5.560466451881091e-7
6396 5.560466451881091e-7
6397 5.560466451881091e-7
6398 5.560466451881091e-7
6399 5.560466451881091e-7
6400 5.560466451881091e-7
6401 5.564552001065228e-7
6402 5.564552001065228e-7
6403 5.564552001065228e-7
6404 5.564552001065228e-7
6405 5.564552001065228e-7
6406 5.564552001065228e-7
6407 5.564552001065228e-7
6408 5.564552001065228e-7
6409 5.564552001065228e-7
6410 5.564552001065228e-7
6411 5.564552001065228e-7
6412 5.564552001065228e-7
6413 5.564552001065228e-7
6414 5.564552001065228e-7
6415 5.563270260983591e-7
6416 5.563270260983591e-7
6417 5.563270260983591e-7
6418 5.563270260983591e-7
6419 5.563270260983591e-7
6420 5.563270260983591e-7
6421 5.563270260983591e-7
6422 5.563270260983591e-7
6423 5.563270260983591e-7
6424 5.563270260983591e-7
6425 5.559825578784364e-7
6426 5.559825578784364e-7
6427 5.559825578784364e-7
6428 5.557806838919764e-7
6429 5.557806838919764e-7
6430 5.557806838919764e-7
6431 5.557806838919764e-7
6432 5.544220381830782e-7
6433 5.544220381830782e-7
6434 5.544220381830782e-7
6435 5.544220381830782e-7
6436 5.544220381830782e-7
6437 5.544220381830782e-7
6438 5.553817428645501e-7
6439 5.553817428645501e-7
6440 5.553817428645501e-7
6441 5.553817428645501e-7
6442 5.553817428645501e-7
6443 5.566474614243591e-7
6444 5.566474614243591e-7
6445 5.566474614243591e-7
6446 5.566474614243591e-7
6447 5.566474614243591e-7
6448 5.567195588837636e-7
6449 5.567195588837636e-7
6450 5.567195588837636e-7
6451 5.567195588837636e-7
6452 5.571185011335536e-7
6453 5.571185011335536e-7
6454 5.571185011335536e-7
6455 5.571185011335536e-7
6456 5.571185011335536e-7
6457 5.567355816279546e-7
6458 5.567355816279546e-7
6459 5.567355816279546e-7
6460 5.567355816279546e-7
6461 5.565289006960009e-7
6462 5.565289006960009e-7
6463 5.565289006960009e-7
6464 5.565289006960009e-7
6465 5.565289006960009e-7
6466 5.565289006960009e-7
6467 5.565289006960009e-7
6468 5.565289006960009e-7
6469 5.565289006960009e-7
6470 5.565289006960009e-7
6471 5.565289006960009e-7
6472 5.565289006960009e-7
6473 5.565289006960009e-7
6474 5.565289006960009e-7
6475 5.565289006960009e-7
6476 5.565289006960009e-7
6477 5.565289006960009e-7
6478 5.565289006960009e-7
6479 5.565289006960009e-7
6480 5.565289006960009e-7
6481 5.565289006960009e-7
6482 5.565289006960009e-7
6483 5.565289006960009e-7
6484 5.565289006960009e-7
6485 5.565289006960009e-7
6486 5.565289006960009e-7
6487 5.565289006960009e-7
6488 5.565289006960009e-7
6489 5.565289006960009e-7
6490 5.565289006960009e-7
6491 5.570415979510192e-7
6492 5.570415979510192e-7
6493 5.570415979510192e-7
6494 5.570415979510192e-7
6495 5.570415979510192e-7
6496 5.570415979510192e-7
6497 5.570415979510192e-7
6498 5.570415979510192e-7
6499 5.570415979510192e-7
6500 5.570415979510192e-7
6501 5.574645724835501e-7
6502 5.574645724835501e-7
6503 5.574645724835501e-7
6504 5.574645724835501e-7
6505 5.574645724835501e-7
6506 5.574645724835501e-7
6507 5.574645724835501e-7
6508 5.577737938443985e-7
6509 5.577737938443985e-7
6510 5.577737938443985e-7
6511 5.577737938443985e-7
6512 5.582784797273212e-7
6513 5.582784797273212e-7
6514 5.582784797273212e-7
6515 5.591997312895712e-7
6516 5.591997312895712e-7
6517 5.591997312895712e-7
6518 5.591997312895712e-7
6519 5.591997312895712e-7
6520 5.591997312895712e-7
6521 5.591997312895712e-7
6522 5.591997312895712e-7
6523 5.591997312895712e-7
6524 5.591997312895712e-7
6525 5.591997312895712e-7
6526 5.591997312895712e-7
6527 5.591997312895712e-7
6528 5.591997312895712e-7
6529 5.591997312895712e-7
6530 5.591997312895712e-7
6531 5.591997312895712e-7
6532 5.591997312895712e-7
6533 5.591997312895712e-7
6534 5.591997312895712e-7
6535 5.591997312895712e-7
6536 5.591997312895712e-7
6537 5.591997312895712e-7
6538 5.591997312895712e-7
6539 5.591997312895712e-7
6540 5.591997312895712e-7
6541 5.595265754687749e-7
6542 5.595265754687749e-7
6543 5.595265754687749e-7
6544 5.595265754687749e-7
6545 5.595265754687749e-7
6546 5.595265754687749e-7
6547 5.595265754687749e-7
6548 5.60088938585803e-7
6549 5.60088938585803e-7
6550 5.60088938585803e-7
6551 5.60088938585803e-7
6552 5.60088938585803e-7
6553 5.60088938585803e-7
6554 5.60088938585803e-7
6555 5.60088938585803e-7
6556 5.60088938585803e-7
6557 5.60088938585803e-7
6558 5.60088938585803e-7
6559 5.60088938585803e-7
6560 5.60088938585803e-7
6561 5.604157827650066e-7
6562 5.604157827650066e-7
6563 5.604157827650066e-7
6564 5.604157827650066e-7
6565 5.604157827650066e-7
6566 5.604157827650066e-7
6567 5.604157827650066e-7
6568 5.604157827650066e-7
6569 5.604157827650066e-7
6570 5.606256675123802e-7
6571 5.606256675123802e-7
6572 5.606256675123802e-7
6573 5.606256675123802e-7
6574 5.606256675123802e-7
6575 5.606256675123802e-7
6576 5.606256675123802e-7
6577 5.614059279712412e-7
6578 5.614059279712412e-7
6579 5.618144822784729e-7
6580 5.618144822784729e-7
6581 5.618144822784729e-7
6582 5.618144822784729e-7
6583 5.618144822784729e-7
6584 5.618144822784729e-7
6585 5.618144822784729e-7
6586 5.618144822784729e-7
6587 5.618144822784729e-7
6588 5.618144822784729e-7
6589 5.618144822784729e-7
6590 5.618144822784729e-7
6591 5.621685631670192e-7
6592 5.621685631670192e-7
6593 5.621685631670192e-7
6594 5.621685631670192e-7
6595 5.621685631670192e-7
6596 5.631394818136428e-7
6597 5.631394818136428e-7
6598 5.631394818136428e-7
6599 5.631394818136428e-7
6600 5.631394818136428e-7
6601 5.638508486285192e-7
6602 5.638508486285192e-7
6603 5.638508486285192e-7
6604 5.638508486285192e-7
6605 5.651133633729082e-7
6606 5.651133633729082e-7
6607 5.651133633729082e-7
6608 5.645526009412264e-7
6609 5.645526009412264e-7
6610 5.645526009412264e-7
6611 5.651053526119946e-7
6612 5.64454869291371e-7
6613 5.64454869291371e-7
6614 5.651229766527137e-7
6615 5.651229766527137e-7
6616 5.651229766527137e-7
6617 5.651229766527137e-7
6618 5.651229766527137e-7
6619 5.664848267882136e-7
6620 5.664848267882136e-7
6621 5.670039316740718e-7
6622 5.678643009644328e-7
6623 5.678643009644328e-7
6624 5.678643009644328e-7
6625 5.678643009644328e-7
6626 5.684939564289173e-7
6627 5.684939564289173e-7
6628 5.684939564289173e-7
6629 5.684939564289173e-7
6630 5.688336170921644e-7
6631 5.688336170921644e-7
6632 5.688336170921644e-7
6633 5.693014523747571e-7
6634 5.693014523747571e-7
6635 5.697340395759116e-7
6636 5.697340395759116e-7
6637 5.697340395759116e-7
6638 5.701377875488315e-7
6639 5.701377875488315e-7
6640 5.701377875488315e-7
6641 5.701377875488315e-7
6642 5.701377875488315e-7
6643 5.704870621030661e-7
6644 5.704870621030661e-7
6645 5.704870621030661e-7
6646 5.704870621030661e-7
6647 5.704870621030661e-7
6648 5.704870621030661e-7
6649 5.704870621030661e-7
6650 5.704870621030661e-7
6651 5.710958891002297e-7
6652 5.710958891002297e-7
6653 5.710958891002297e-7
6654 5.710958891002297e-7
6655 5.710958891002297e-7
6656 5.710958891002297e-7
6657 5.710958891002297e-7
6658 5.710958891002297e-7
6659 5.710958891002297e-7
6660 5.710958891002297e-7
6661 5.710958891002297e-7
6662 5.710958891002297e-7
6663 5.710958891002297e-7
6664 5.710958891002297e-7
6665 5.710958891002297e-7
6666 5.710958891002297e-7
6667 5.710958891002297e-7
6668 5.710958891002297e-7
6669 5.710958891002297e-7
6670 5.710958891002297e-7
6671 5.710958891002297e-7
6672 5.710958891002297e-7
6673 5.710958891002297e-7
6674 5.710958891002297e-7
6675 5.710958891002297e-7
6676 5.710958891002297e-7
6677 5.710958891002297e-7
6678 5.717447711243251e-7
6679 5.717447711243251e-7
6680 5.717447711243251e-7
6681 5.717447711243251e-7
6682 5.717447711243251e-7
6683 5.722943177573096e-7
6684 5.722943177573096e-7
6685 5.722943177573096e-7
6686 5.722943177573096e-7
6687 5.722943177573096e-7
6688 5.731771168115196e-7
6689 5.731771168115196e-7
6690 5.731771168115196e-7
6691 5.731771168115196e-7
6692 5.731771168115196e-7
6693 5.731771168115196e-7
6694 5.731771168115196e-7
6695 5.731771168115196e-7
6696 5.731771168115196e-7
6697 5.731771168115196e-7
6698 5.731771168115196e-7
6699 5.731771168115196e-7
6700 5.731771168115196e-7
6701 5.731771168115196e-7
6702 5.731771168115196e-7
6703 5.731771168115196e-7
6704 5.731771168115196e-7
6705 5.743979758436305e-7
6706 5.743979758436305e-7
6707 5.743979758436305e-7
6708 5.743979758436305e-7
6709 5.743979758436305e-7
6710 5.743979758436305e-7
6711 5.748353693790969e-7
6712 5.748353693790969e-7
6713 5.748353693790969e-7
6714 5.748353693790969e-7
6715 5.748353693790969e-7
6716 5.748353693790969e-7
6717 5.748353693790969e-7
6718 5.748353693790969e-7
6719 5.748353693790969e-7
6720 5.748353693790969e-7
6721 5.748353693790969e-7
6722 5.748353693790969e-7
6723 5.748353693790969e-7
6724 5.748353693790969e-7
6725 5.748353693790969e-7
6726 5.748353693790969e-7
6727 5.748353693790969e-7
6728 5.748353693790969e-7
6729 5.748353693790969e-7
6730 5.748353693790969e-7
6731 5.748353693790969e-7
6732 5.748353693790969e-7
6733 5.748353693790969e-7
6734 5.748353693790969e-7
6735 5.748353693790969e-7
6736 5.748353693790969e-7
6737 5.748353693790969e-7
6738 5.753688944902542e-7
6739 5.753688944902542e-7
6740 5.753688944902542e-7
6741 5.753688944902542e-7
6742 5.756620931069114e-7
6743 5.754618210281614e-7
6744 5.754618210281614e-7
6745 5.754618210281614e-7
6746 5.754618210281614e-7
6747 5.754618210281614e-7
6748 5.754618210281614e-7
6749 5.754618210281614e-7
6750 5.754618210281614e-7
6751 5.754618210281614e-7
6752 5.754618210281614e-7
6753 5.754618210281614e-7
6754 5.754618210281614e-7
6755 5.754618210281614e-7
6756 5.754618210281614e-7
6757 5.754618210281614e-7
6758 5.754618210281614e-7
6759 5.754618210281614e-7
6760 5.761107018298932e-7
6761 5.761107018298932e-7
6762 5.761107018298932e-7
6763 5.761107018298932e-7
6764 5.761107018298932e-7
6765 5.761107018298932e-7
6766 5.761107018298932e-7
6767 5.761107018298932e-7
6768 5.768717357291432e-7
6769 5.768717357291432e-7
6770 5.768717357291432e-7
6771 5.768717357291432e-7
6772 5.768717357291432e-7
6773 5.773475811614676e-7
6774 5.773475811614676e-7
6775 5.773475811614676e-7
6776 5.773475811614676e-7
6777 5.773475811614676e-7
6778 5.773475811614676e-7
6779 5.773475811614676e-7
6780 5.773475811614676e-7
6781 5.773475811614676e-7
6782 5.773475811614676e-7
6783 5.773475811614676e-7
6784 5.778282353728314e-7
6785 5.778282353728314e-7
6786 5.778282353728314e-7
6787 5.778282353728314e-7
6788 5.793919601059733e-7
6789 5.816926864556243e-7
6790 5.816926864556243e-7
6791 5.822230077513617e-7
6792 5.822230077513617e-7
6793 5.822230077513617e-7
6794 5.822230077513617e-7
6795 5.822230077513617e-7
6796 5.822230077513617e-7
6797 5.822230077513617e-7
6798 5.822230077513617e-7
6799 5.822230077513617e-7
6800 5.822230077513617e-7
6801 5.822230077513617e-7
6802 5.822230077513617e-7
6803 5.832932617890962e-7
6804 5.858839811064389e-7
6805 5.858839811064389e-7
6806 5.862300518452535e-7
6807 5.862300518452535e-7
6808 5.862300518452535e-7
6809 5.87888303190467e-7
6810 5.87888303190467e-7
6811 5.87888303190467e-7
6812 5.87888303190467e-7
6813 5.87888303190467e-7
6814 5.87888303190467e-7
6815 5.87888303190467e-7
6816 5.881382435759544e-7
6817 5.881382435759544e-7
6818 5.881382435759544e-7
6819 5.881382435759544e-7
6820 5.884747004237817e-7
6821 5.884747004237817e-7
6822 5.884747004237817e-7
6823 5.889104914403562e-7
6824 5.889104914403562e-7
6825 5.889104914403562e-7
6826 5.889104914403562e-7
6827 5.893254546007916e-7
6828 5.893254546007916e-7
6829 5.893254546007916e-7
6830 5.893254546007916e-7
6831 5.893254546007916e-7
6832 5.893254546007916e-7
6833 5.893254546007916e-7
6834 5.895657798729278e-7
6835 5.895657798729278e-7
6836 5.895657798729278e-7
6837 5.895657798729278e-7
6838 5.895657798729278e-7
6839 5.898269342235669e-7
6840 5.898269342235669e-7
6841 5.898269342235669e-7
6842 5.898269342235669e-7
6843 5.898269342235669e-7
6844 5.898269342235669e-7
6845 5.898269342235669e-7
6846 5.905334947041315e-7
6847 5.919866688586469e-7
6848 5.919866688586469e-7
6849 5.919866688586469e-7
6850 5.919866688586469e-7
6851 5.921693168966778e-7
6852 5.921693168966778e-7
6853 5.921693168966778e-7
6854 5.921693168966778e-7
6855 5.921693168966778e-7
6856 5.921693168966778e-7
6857 5.921693168966778e-7
6858 5.921693168966778e-7
6859 5.925842812794769e-7
6860 5.925842812794769e-7
6861 5.925842812794769e-7
6862 5.925842812794769e-7
6863 5.925842812794769e-7
6864 5.925842812794769e-7
6865 5.932668082549369e-7
6866 5.94189661113715e-7
6867 5.940134219288877e-7
6868 5.940134219288877e-7
6869 5.940134219288877e-7
6870 5.947568317874186e-7
6871 5.947568317874186e-7
6872 5.955242745398722e-7
6873 5.967931981374649e-7
6874 5.967931981374649e-7
6875 5.967931981374649e-7
6876 5.967931981374649e-7
6877 5.967931981374649e-7
6878 5.967931981374649e-7
6879 5.967931981374649e-7
6880 5.967931981374649e-7
6881 5.971440739882276e-7
6882 5.971440739882276e-7
6883 5.971440739882276e-7
6884 5.971440739882276e-7
6885 5.97999635721913e-7
6886 5.97999635721913e-7
6887 5.974404764203049e-7
6888 5.98659732933524e-7
6889 5.98659732933524e-7
6890 5.98659732933524e-7
6891 5.992973985477403e-7
6892 5.992973985477403e-7
6893 5.992973985477403e-7
6894 5.995649629739468e-7
6895 5.995649629739468e-7
6896 5.995649629739468e-7
6897 5.999799273567459e-7
6898 5.999799273567459e-7
6899 5.999799273567459e-7
6900 5.999799273567459e-7
6901 5.999799273567459e-7
6902 5.999799273567459e-7
6903 6.002282652233414e-7
6904 6.002282652233414e-7
6905 6.002282652233414e-7
6906 6.010886339025205e-7
6907 6.010886339025205e-7
6908 6.010886339025205e-7
6909 6.010886339025205e-7
6910 6.010886339025205e-7
6911 6.010886339025205e-7
6912 6.010886339025205e-7
6913 6.010886339025205e-7
6914 6.010886339025205e-7
6915 6.010886339025205e-7
6916 6.010886339025205e-7
6917 6.010886339025205e-7
6918 6.010886339025205e-7
6919 6.010886339025205e-7
6920 6.016157501604741e-7
6921 6.016157501604741e-7
6922 6.016157501604741e-7
6923 6.016157501604741e-7
6924 6.023078916381033e-7
6925 6.023078916381033e-7
6926 6.026763915295851e-7
6927 6.026763915295851e-7
6928 6.026763915295851e-7
6929 6.026763915295851e-7
6930 6.026763915295851e-7
6931 6.038876366707087e-7
6932 6.038876366707087e-7
6933 6.038876366707087e-7
6934 6.038876366707087e-7
6935 6.043859137004279e-7
6936 6.049851274177861e-7
6937 6.054305335477116e-7
6938 6.054305335477116e-7
6939 6.054305335477116e-7
6940 6.054305335477116e-7
6941 6.054305335477116e-7
6942 6.054305335477116e-7
6943 6.056308056264616e-7
6944 6.056308056264616e-7
6945 6.056308056264616e-7
6946 6.056308056264616e-7
6947 6.056308056264616e-7
6948 6.056308056264616e-7
6949 6.056308056264616e-7
6950 6.056308056264616e-7
6951 6.072377892019553e-7
6952 6.072377892019553e-7
6953 6.072377892019553e-7
6954 6.078818636693752e-7
6955 6.078818636693752e-7
6956 6.078818636693752e-7
6957 6.078818636693752e-7
6958 6.078818636693752e-7
6959 6.078818636693752e-7
6960 6.078818636693752e-7
6961 6.078818636693752e-7
6962 6.078818636693752e-7
6963 6.083496989519679e-7
6964 6.083496989519679e-7
6965 6.083496989519679e-7
6966 6.083496989519679e-7
6967 6.083496989519679e-7
6968 6.091539910823878e-7
6969 6.091539910823878e-7
6970 6.091539910823878e-7
6971 6.091539910823878e-7
6972 6.091539910823878e-7
6973 6.095048681555142e-7
6974 6.095048681555142e-7
6975 6.101425337697305e-7
6976 6.101425337697305e-7
6977 6.101425337697305e-7
6978 6.101425337697305e-7
6979 6.101425337697305e-7
6980 6.101425337697305e-7
6981 6.101425337697305e-7
6982 6.101425337697305e-7
6983 6.108426853970915e-7
6984 6.108426853970915e-7
6985 6.108426853970915e-7
6986 6.114915674211869e-7
6987 6.114915674211869e-7
6988 6.114915674211869e-7
6989 6.12369560752267e-7
6990 6.12369560752267e-7
6991 6.12369560752267e-7
6992 6.12369560752267e-7
6993 6.12369560752267e-7
6994 6.12369560752267e-7
6995 6.12369560752267e-7
6996 6.12369560752267e-7
6997 6.12369560752267e-7
6998 6.12369560752267e-7
6999 6.12369560752267e-7
7000 6.12369560752267e-7
7001 6.12369560752267e-7
7002 6.12369560752267e-7
7003 6.13170649067267e-7
7004 6.13170649067267e-7
7005 6.13170649067267e-7
7006 6.13170649067267e-7
7007 6.13170649067267e-7
7008 6.13170649067267e-7
7009 6.13170649067267e-7
7010 6.132956186488287e-7
7011 6.131674440294832e-7
7012 6.131674440294832e-7
7013 6.131674440294832e-7
7014 6.131674440294832e-7
7015 6.131674440294832e-7
7016 6.131674440294832e-7
7017 6.131674440294832e-7
7018 6.131674440294832e-7
7019 6.131674440294832e-7
7020 6.131674440294832e-7
7021 6.131674440294832e-7
7022 6.131674440294832e-7
7023 6.131674440294832e-7
7024 6.131674440294832e-7
7025 6.131674440294832e-7
7026 6.131674440294832e-7
7027 6.131674440294832e-7
7028 6.131674440294832e-7
7029 6.131674440294832e-7
7030 6.131674440294832e-7
7031 6.134574376083568e-7
7032 6.134574376083568e-7
7033 6.134574376083568e-7
7034 6.134574376083568e-7
7035 6.138836159563076e-7
7036 6.138836159563076e-7
7037 6.138836159563076e-7
7038 6.144203461052486e-7
7039 6.144203461052486e-7
7040 6.144203461052486e-7
7041 6.144203461052486e-7
7042 6.144203461052486e-7
7043 6.152967363062549e-7
7044 6.14494046083545e-7
7045 6.14494046083545e-7
7046 6.14494046083545e-7
7047 6.14494046083545e-7
7048 6.14494046083545e-7
7049 6.14494046083545e-7
7050 6.14494046083545e-7
7051 6.14494046083545e-7
7052 6.14494046083545e-7
7053 6.14494046083545e-7
7054 6.14494046083545e-7
7055 6.14494046083545e-7
7056 6.14494046083545e-7
7057 6.14494046083545e-7
7058 6.14494046083545e-7
7059 6.14494046083545e-7
7060 6.14494046083545e-7
7061 6.14494046083545e-7
7062 6.14494046083545e-7
7063 6.14494046083545e-7
7064 6.14494046083545e-7
7065 6.14494046083545e-7
7066 6.14494046083545e-7
7067 6.14494046083545e-7
7068 6.14494046083545e-7
7069 6.14494046083545e-7
7070 6.14494046083545e-7
7071 6.14494046083545e-7
7072 6.14494046083545e-7
7073 6.14494046083545e-7
7074 6.14494046083545e-7
7075 6.14494046083545e-7
7076 6.14494046083545e-7
7077 6.14494046083545e-7
7078 6.149122130594003e-7
7079 6.149122130594003e-7
7080 6.149122130594003e-7
7081 6.149122130594003e-7
7082 6.149122130594003e-7
7083 6.149122130594003e-7
7084 6.149122130594003e-7
7085 6.149122130594003e-7
7086 6.172337666540084e-7
7087 6.172337666540084e-7
7088 6.172337666540084e-7
7089 6.172337666540084e-7
7090 6.172337666540084e-7
7091 6.172337666540084e-7
7092 6.180172309282893e-7
7093 6.180172309282893e-7
7094 6.180172309282893e-7
7095 6.180172309282893e-7
7096 6.194079202920239e-7
7097 6.194079202920239e-7
7098 6.194079202920239e-7
7099 6.194079202920239e-7
7100 6.194079202920239e-7
7101 6.194079202920239e-7
7102 6.202426541695702e-7
7103 6.202426541695702e-7
7104 6.202426541695702e-7
7105 6.202426541695702e-7
7106 6.202426541695702e-7
7107 6.202426541695702e-7
7108 6.206608229789712e-7
7109 6.206608229789712e-7
7110 6.206608229789712e-7
7111 6.206608229789712e-7
7112 6.211911430523448e-7
7113 6.211911430523448e-7
7114 6.211911430523448e-7
7115 6.224600666499374e-7
7116 6.224600666499374e-7
7117 6.224600666499374e-7
7118 6.224600666499374e-7
7119 6.233973397340147e-7
7120 6.233973397340147e-7
7121 6.233973397340147e-7
7122 6.254048656334627e-7
7123 6.254048656334627e-7
7124 6.254048656334627e-7
7125 6.254048656334627e-7
7126 6.25677236393981e-7
7127 6.25677236393981e-7
7128 6.25677236393981e-7
7129 6.25677236393981e-7
7130 6.25677236393981e-7
7131 6.264895398964964e-7
7132 6.264895398964964e-7
7133 6.264895398964964e-7
7134 6.274844914370427e-7
7135 6.281253620890427e-7
7136 6.281253620890427e-7
7137 6.281253620890427e-7
7138 6.289969453445554e-7
7139 6.289969453445554e-7
7140 6.298428944096171e-7
7141 6.298428944096171e-7
7142 6.302418354370434e-7
7143 6.302418354370434e-7
7144 6.308058010729633e-7
7145 6.320074335454634e-7
7146 6.320074335454634e-7
7147 6.340197676127688e-7
7148 6.340197676127688e-7
7149 6.35053172883719e-7
7150 6.35053172883719e-7
7151 6.35053172883719e-7
7152 6.35053172883719e-7
7153 6.360064687119873e-7
7154 6.360064687119873e-7
7155 6.360064687119873e-7
7156 6.364775090323637e-7
7157 6.364775090323637e-7
7158 6.364775090323637e-7
7159 6.364775090323637e-7
7160 6.364775090323637e-7
7161 6.364775090323637e-7
7162 6.364775090323637e-7
7163 6.364775090323637e-7
7164 6.364775090323637e-7
7165 6.364775090323637e-7
7166 6.364775090323637e-7
7167 6.367835241330645e-7
7168 6.367835241330645e-7
7169 6.367835241330645e-7
7170 6.367835241330645e-7
7171 6.376070428230953e-7
7172 6.376070428230953e-7
7173 6.376070428230953e-7
7174 6.376070428230953e-7
7175 6.376070428230953e-7
7176 6.376070428230953e-7
7177 6.376070428230953e-7
7178 6.376070428230953e-7
7179 6.376070428230953e-7
7180 6.376070428230953e-7
7181 6.376070428230953e-7
7182 6.376070428230953e-7
7183 6.376070428230953e-7
7184 6.376070428230953e-7
7185 6.383136033036599e-7
7186 6.388407195616136e-7
7187 6.404396923761937e-7
7188 6.404396923761937e-7
7189 6.404396923761937e-7
7190 6.409523884088483e-7
7191 6.409523884088483e-7
7192 6.409523884088483e-7
7193 6.409523884088483e-7
7194 6.409523884088483e-7
7195 6.414650844415028e-7
7196 6.414650844415028e-7
7197 6.414650844415028e-7
7198 6.414650844415028e-7
7199 6.414650844415028e-7
7200 6.416108831015674e-7
7201 6.412167471860892e-7
7202 6.412167471860892e-7
7203 6.412167471860892e-7
7204 6.412167471860892e-7
7205 6.406367594171601e-7
7206 6.406367594171601e-7
7207 6.406367594171601e-7
7208 6.406367594171601e-7
7209 6.406367594171601e-7
7210 6.406367594171601e-7
7211 6.406367594171601e-7
7212 6.406367594171601e-7
7213 6.406367594171601e-7
7214 6.406367594171601e-7
7215 6.406367594171601e-7
7216 6.406367594171601e-7
7217 6.406367594171601e-7
7218 6.406367594171601e-7
7219 6.406367594171601e-7
7220 6.406367594171601e-7
7221 6.406367594171601e-7
7222 6.406367594171601e-7
7223 6.406367594171601e-7
7224 6.406367594171601e-7
7225 6.406367594171601e-7
7226 6.406367594171601e-7
7227 6.406367594171601e-7
7228 6.406367594171601e-7
7229 6.406367594171601e-7
7230 6.406367594171601e-7
7231 6.406367594171601e-7
7232 6.406367594171601e-7
7233 6.406367594171601e-7
7234 6.406367594171601e-7
7235 6.41179897196941e-7
7236 6.41179897196941e-7
7237 6.41179897196941e-7
7238 6.425433498513328e-7
7239 6.425433498513328e-7
7240 6.429567117152401e-7
7241 6.429567117152401e-7
7242 6.438587367178792e-7
7243 6.438587367178792e-7
7244 6.442929276602893e-7
7245 6.442929276602893e-7
7246 6.442929276602893e-7
7247 6.442929276602893e-7
7248 6.442929276602893e-7
7249 6.442929276602893e-7
7250 6.442929276602893e-7
7251 6.442929276602893e-7
7252 6.442929276602893e-7
7253 6.442929276602893e-7
7254 6.442929276602893e-7
7255 6.442929276602893e-7
7256 6.446966756332092e-7
7257 6.446966756332092e-7
7258 6.446966756332092e-7
7259 6.446966756332092e-7
7260 6.446966756332092e-7
7261 6.446966756332092e-7
7262 6.446966756332092e-7
7263 6.446966756332092e-7
7264 6.446966756332092e-7
7265 6.446966756332092e-7
7266 6.446966756332092e-7
7267 6.446966756332092e-7
7268 6.446966756332092e-7
7269 6.446966756332092e-7
7270 6.446966756332092e-7
7271 6.446966756332092e-7
7272 6.446966756332092e-7
7273 6.446966756332092e-7
7274 6.446966756332092e-7
7275 6.43656863342601e-7
7276 6.43656863342601e-7
7277 6.43656863342601e-7
7278 6.43656863342601e-7
7279 6.43656863342601e-7
7280 6.43656863342601e-7
7281 6.43656863342601e-7
7282 6.43656863342601e-7
7283 6.43656863342601e-7
7284 6.43656863342601e-7
7285 6.43656863342601e-7
7286 6.447847958368047e-7
7287 6.447847958368047e-7
7288 6.447847958368047e-7
7289 6.447847958368047e-7
7290 6.447847958368047e-7
7291 6.447847958368047e-7
7292 6.447847958368047e-7
7293 6.452862779043075e-7
7294 6.452862779043075e-7
7295 6.452862779043075e-7
7296 6.452862779043075e-7
7297 6.452862779043075e-7
7298 6.452862779043075e-7
7299 6.468467982108475e-7
7300 6.468467982108475e-7
7301 6.461931098524402e-7
7302 6.451581038961439e-7
7303 6.451581038961439e-7
7304 6.451581038961439e-7
7305 6.451581038961439e-7
7306 6.462139377085793e-7
7307 6.462139377085793e-7
7308 6.462139377085793e-7
7309 6.462139377085793e-7
7310 6.462139377085793e-7
7311 6.462139377085793e-7
7312 6.462139377085793e-7
7313 6.468099476105175e-7
7314 6.468099476105175e-7
7315 6.468099476105175e-7
7316 6.468099476105175e-7
7317 6.468099476105175e-7
7318 6.471175652301102e-7
7319 6.471175652301102e-7
7320 6.471175652301102e-7
7321 6.471175652301102e-7
7322 6.471175652301102e-7
7323 6.478497599011256e-7
7324 6.478497599011256e-7
7325 6.478497599011256e-7
7326 6.478497599011256e-7
7327 6.478497599011256e-7
7328 6.481093129552365e-7
7329 6.481093129552365e-7
7330 6.481093129552365e-7
7331 6.481093129552365e-7
7332 6.483928976809065e-7
7333 6.483928976809065e-7
7334 6.483928976809065e-7
7335 6.483928976809065e-7
7336 6.483928976809065e-7
7337 6.483928976809065e-7
7338 6.483928976809065e-7
7339 6.483928976809065e-7
7340 6.486844925563082e-7
7341 6.486844925563082e-7
7342 6.486844925563082e-7
7343 6.486844925563082e-7
7344 6.489264215697e-7
7345 6.489264215697e-7
7346 6.489264215697e-7
7347 6.489264215697e-7
7348 6.500175040747555e-7
7349 6.500175040747555e-7
7350 6.500175040747555e-7
7351 6.500175040747555e-7
7352 6.500175040747555e-7
7353 6.512623947784255e-7
7354 6.512623947784255e-7
7355 6.512623947784255e-7
7356 6.518439856774283e-7
7357 6.518439856774283e-7
7358 6.518439856774283e-7
7359 6.518439856774283e-7
7360 6.518439856774283e-7
7361 6.518439856774283e-7
7362 6.529975523620828e-7
7363 6.529975523620828e-7
7364 6.523855209383174e-7
7365 6.523855209383174e-7
7366 6.523855209383174e-7
7367 6.526210410985056e-7
7368 6.526210410985056e-7
7369 6.526210410985056e-7
7370 6.533035686851475e-7
7371 6.533035686851475e-7
7372 6.53492625576382e-7
7373 6.53492625576382e-7
7374 6.53492625576382e-7
7375 6.53492625576382e-7
7376 6.53492625576382e-7
7377 6.542760898506629e-7
7378 6.542760898506629e-7
7379 6.542760898506629e-7
7380 6.542760898506629e-7
7381 6.542760898506629e-7
7382 6.542760898506629e-7
7383 6.542760898506629e-7
7384 6.542760898506629e-7
7385 6.542760898506629e-7
7386 6.542760898506629e-7
7387 6.542760898506629e-7
7388 6.542760898506629e-7
7389 6.542760898506629e-7
7390 6.542760898506629e-7
7391 6.542760898506629e-7
7392 6.542760898506629e-7
7393 6.542760898506629e-7
7394 6.542760898506629e-7
7395 6.542760898506629e-7
7396 6.542760898506629e-7
7397 6.545196201605829e-7
7398 6.545196201605829e-7
7399 6.545196201605829e-7
7400 6.545196201605829e-7
7401 6.545196201605829e-7
7402 6.553831932663638e-7
7403 6.553831932663638e-7
7404 6.553831932663638e-7
7405 6.553831932663638e-7
7406 6.553831932663638e-7
7407 6.553831932663638e-7
7408 6.561890866933119e-7
7409 6.561890866933119e-7
7410 6.561890866933119e-7
7411 6.561890866933119e-7
7412 6.561890866933119e-7
7413 6.571551983944418e-7
7414 6.568940440438027e-7
7415 6.568940440438027e-7
7416 6.568940440438027e-7
7417 6.568940440438027e-7
7418 6.568940440438027e-7
7419 6.568940440438027e-7
7420 6.568940440438027e-7
7421 6.568940440438027e-7
7422 6.568940440438027e-7
7423 6.568940440438027e-7
7424 6.574467957145709e-7
7425 6.574467957145709e-7
7426 6.574467957145709e-7
7427 6.586756655075955e-7
7428 6.586756655075955e-7
7429 6.586756655075955e-7
7430 6.586756655075955e-7
7431 6.584209193989782e-7
7432 6.587942268471355e-7
7433 6.587942268471355e-7
7434 6.587942268471355e-7
7435 6.587942268471355e-7
7436 6.587942268471355e-7
7437 6.587942268471355e-7
7438 6.587942268471355e-7
7439 6.587942268471355e-7
7440 6.587942268471355e-7
7441 6.587942268471355e-7
7442 6.587942268471355e-7
7443 6.587942268471355e-7
7444 6.587942268471355e-7
7445 6.587942268471355e-7
7446 6.589544445101355e-7
7447 6.589544445101355e-7
7448 6.589544445101355e-7
7449 6.590794140916973e-7
7450 6.590794140916973e-7
7451 6.590794140916973e-7
7452 6.590794140916973e-7
7453 6.594543228363827e-7
7454 6.594543228363827e-7
7455 6.594543228363827e-7
7456 6.612487607842191e-7
7457 6.612487607842191e-7
7458 6.612487607842191e-7
7459 6.612487607842191e-7
7460 6.612487607842191e-7
7461 6.612487607842191e-7
7462 6.612487607842191e-7
7463 6.618463732050491e-7
7464 6.618463732050491e-7
7465 6.618463732050491e-7
7466 6.618463732050491e-7
7467 6.618463732050491e-7
7468 6.618463732050491e-7
7469 6.618463732050491e-7
7470 6.618463732050491e-7
7471 6.618463732050491e-7
7472 6.618463732050491e-7
7473 6.618463732050491e-7
7474 6.618463732050491e-7
7475 6.618463732050491e-7
7476 6.618463732050491e-7
7477 6.618463732050491e-7
7478 6.618463732050491e-7
7479 6.618463732050491e-7
7480 6.618463732050491e-7
7481 6.618463732050491e-7
7482 6.618463732050491e-7
7483 6.618463732050491e-7
7484 6.618463732050491e-7
7485 6.618463732050491e-7
7486 6.618463732050491e-7
7487 6.618463732050491e-7
7488 6.618463732050491e-7
7489 6.618463732050491e-7
7490 6.618463732050491e-7
7491 6.618463732050491e-7
7492 6.6167173531675e-7
7493 6.6167173531675e-7
7494 6.6167173531675e-7
7495 6.6167173531675e-7
7496 6.6167173531675e-7
7497 6.6167173531675e-7
7498 6.6167173531675e-7
7499 6.6167173531675e-7
7500 6.6167173531675e-7
7501 6.6167173531675e-7
7502 6.6167173531675e-7
7503 6.6167173531675e-7
7504 6.6167173531675e-7
7505 6.6167173531675e-7
7506 6.6167173531675e-7
7507 6.6167173531675e-7
7508 6.623831021316264e-7
7509 6.623831021316264e-7
7510 6.623831021316264e-7
7511 6.623831021316264e-7
7512 6.628477335987991e-7
7513 6.628477335987991e-7
7514 6.628477335987991e-7
7515 6.628477335987991e-7
7516 6.628477335987991e-7
7517 6.628477335987991e-7
7518 6.628477335987991e-7
7519 6.628477335987991e-7
7520 6.628477335987991e-7
7521 6.628477335987991e-7
7522 6.628477335987991e-7
7523 6.628477335987991e-7
7524 6.628477335987991e-7
7525 6.628477335987991e-7
7526 6.628477335987991e-7
7527 6.628477335987991e-7
7528 6.628477335987991e-7
7529 6.628477335987991e-7
7530 6.628477335987991e-7
7531 6.628477335987991e-7
7532 6.638298686553019e-7
7533 6.638298686553019e-7
7534 6.651052011060983e-7
7535 6.651052011060983e-7
7536 6.648937138398329e-7
7537 6.648937138398329e-7
7538 6.654256364320983e-7
7539 6.651981264216419e-7
7540 6.651981264216419e-7
7541 6.644595235086046e-7
7542 6.644595235086046e-7
7543 6.644595235086046e-7
7544 6.644595235086046e-7
7545 6.644595235086046e-7
7546 6.644595235086046e-7
7547 6.644595235086046e-7
7548 6.644595235086046e-7
7549 6.644595235086046e-7
7550 6.6499464991629e-7
7551 6.6499464991629e-7
7552 6.6499464991629e-7
7553 6.653775700330709e-7
7554 6.653775700330709e-7
7555 6.664638455926327e-7
7556 6.664638455926327e-7
7557 6.664638455926327e-7
7558 6.664638455926327e-7
7559 6.664638455926327e-7
7560 6.664638455926327e-7
7561 6.668131201468672e-7
7562 6.668131201468672e-7
7563 6.668948314972591e-7
7564 6.668948314972591e-7
7565 6.668948314972591e-7
7566 6.666577100405428e-7
7567 6.666577100405428e-7
7568 6.666577100405428e-7
7569 6.661418101924683e-7
7570 6.661418101924683e-7
7571 6.664750632248757e-7
7572 6.664750632248757e-7
7573 6.669701364391748e-7
7574 6.669701364391748e-7
7575 6.669701364391748e-7
7576 6.669701364391748e-7
7577 6.669701364391748e-7
7578 6.674331653874557e-7
7579 6.689488243327521e-7
7580 6.689488243327521e-7
7581 6.689488243327521e-7
7582 6.689488243327521e-7
7583 6.700911758298911e-7
7584 6.700911758298911e-7
7585 6.700911758298911e-7
7586 6.704068048215794e-7
7587 6.704068048215794e-7
7588 6.722236737556286e-7
7589 6.722236737556286e-7
7590 6.716885473479432e-7
7591 6.716885473479432e-7
7592 6.716885473479432e-7
7593 6.722348895543259e-7
7594 6.721339528666869e-7
7595 6.721339528666869e-7
7596 6.721339528666869e-7
7597 6.73750549721986e-7
7598 6.73750549721986e-7
7599 6.756603451939425e-7
7600 6.756603451939425e-7
7601 6.756603451939425e-7
7602 6.756603451939425e-7
7603 6.756603451939425e-7
7604 6.756603451939425e-7
7605 6.756603451939425e-7
7606 6.756603451939425e-7
7607 6.756603451939425e-7
7608 6.756603451939425e-7
7609 6.761794500798006e-7
7610 6.761794500798006e-7
7611 6.761794500798006e-7
7612 6.761794500798006e-7
7613 6.768155143974888e-7
7614 6.768155143974888e-7
7615 6.768155143974888e-7
7616 6.768155143974888e-7
7617 6.768155143974888e-7
7618 6.768155143974888e-7
7619 6.768155143974888e-7
7620 6.768155143974888e-7
7621 6.768155143974888e-7
7622 6.768155143974888e-7
7623 6.768155143974888e-7
7624 6.768155143974888e-7
7625 6.769933561012079e-7
7626 6.769933561012079e-7
7627 6.769933561012079e-7
7628 6.769933561012079e-7
7629 6.769933561012079e-7
7630 6.769933561012079e-7
7631 6.769933561012079e-7
7632 6.769933561012079e-7
7633 6.769933561012079e-7
7634 6.776454419407233e-7
7635 6.776454419407233e-7
7636 6.783247657119452e-7
7637 6.78970442698257e-7
7638 6.78970442698257e-7
7639 6.794318703500098e-7
7640 6.794318703500098e-7
7641 6.794318703500098e-7
7642 6.794318703500098e-7
7643 6.802794219339635e-7
7644 6.809443248687044e-7
7645 6.809443248687044e-7
7646 6.809443248687044e-7
7647 6.819617073954635e-7
7648 6.832530625904509e-7
7649 6.832530625904509e-7
7650 6.84135861033479e-7
7651 6.84135861033479e-7
7652 6.84135861033479e-7
7653 6.84135861033479e-7
7654 6.84135861033479e-7
7655 6.845844703676427e-7
7656 6.845844703676427e-7
7657 6.845844703676427e-7
7658 6.845844703676427e-7
7659 6.845844703676427e-7
7660 6.845844703676427e-7
7661 6.845844703676427e-7
7662 6.851404246314671e-7
7663 6.851404246314671e-7
7664 6.851404246314671e-7
7665 6.862555388080816e-7
7666 6.862555388080816e-7
7667 6.862555388080816e-7
7668 6.862555388080816e-7
7669 6.866208361065071e-7
7670 6.866208361065071e-7
7671 6.866208361065071e-7
7672 6.866208361065071e-7
7673 6.866208361065071e-7
7674 6.872729219460225e-7
7675 6.872729219460225e-7
7676 6.872729219460225e-7
7677 6.872729219460225e-7
7678 6.872729219460225e-7
7679 6.872729219460225e-7
7680 6.872729219460225e-7
7681 6.872729219460225e-7
7682 6.872729219460225e-7
7683 6.872729219460225e-7
7684 6.872729219460225e-7
7685 6.872729219460225e-7
7686 6.877952306473006e-7
7687 6.877952306473006e-7
7688 6.877952306473006e-7
7689 6.88165334280038e-7
7690 6.88165334280038e-7
7691 6.88165334280038e-7
7692 6.88165334280038e-7
7693 6.88165334280038e-7
7694 6.88165334280038e-7
7695 6.88165334280038e-7
7696 6.88165334280038e-7
7697 6.88165334280038e-7
7698 6.885402436359053e-7
7699 6.885402436359053e-7
7700 6.885402436359053e-7
7701 6.885402436359053e-7
7702 6.885402436359053e-7
7703 6.885402436359053e-7
7704 6.885402436359053e-7
7705 6.885402436359053e-7
7706 6.885402436359053e-7
7707 6.885402436359053e-7
7708 6.885402436359053e-7
7709 6.885402436359053e-7
7710 6.885402436359053e-7
7711 6.885402436359053e-7
7712 6.885402436359053e-7
7713 6.885402436359053e-7
7714 6.885402436359053e-7
7715 6.885402436359053e-7
7716 6.885402436359053e-7
7717 6.885402436359053e-7
7718 6.893237079101862e-7
7719 6.893237079101862e-7
7720 6.893237079101862e-7
7721 6.894278496356089e-7
7722 6.894278496356089e-7
7723 6.894278496356089e-7
7724 6.894278496356089e-7
7725 6.918279101540071e-7
7726 6.918279101540071e-7
7727 6.918279101540071e-7
7728 6.918279101540071e-7
7729 6.918279101540071e-7
7730 6.918279101540071e-7
7731 6.918279101540071e-7
7732 6.918279101540071e-7
7733 6.918279101540071e-7
7734 6.918279101540071e-7
7735 6.921146999174607e-7
7736 6.921146999174607e-7
7737 6.921146999174607e-7
7738 6.921146999174607e-7
7739 6.921146999174607e-7
7740 6.921146999174607e-7
7741 6.924255225748372e-7
7742 6.933291500963681e-7
7743 6.933291500963681e-7
7744 6.933291500963681e-7
7745 6.933291500963681e-7
7746 6.936207474164973e-7
7747 6.936207474164973e-7
7748 6.936207474164973e-7
7749 6.936207474164973e-7
7750 6.938995258078555e-7
7751 6.938995258078555e-7
7752 6.938995258078555e-7
7753 6.938995258078555e-7
7754 6.938995258078555e-7
7755 6.938995258078555e-7
7756 6.938995258078555e-7
7757 6.938995258078555e-7
7758 6.938995258078555e-7
7759 6.938995258078555e-7
7760 6.938995258078555e-7
7761 6.938995258078555e-7
7762 6.938995258078555e-7
7763 6.94147863674451e-7
7764 6.94147863674451e-7
7765 6.965110748148828e-7
7766 6.965110748148828e-7
7767 6.965110748148828e-7
7768 6.965110748148828e-7
7769 6.965110748148828e-7
7770 6.965110748148828e-7
7771 6.965110748148828e-7
7772 6.965110748148828e-7
7773 6.965110748148828e-7
7774 6.965110748148828e-7
7775 6.965110748148828e-7
7776 6.965110748148828e-7
7777 6.965110748148828e-7
7778 6.965110748148828e-7
7779 6.965110748148828e-7
7780 6.965110748148828e-7
7781 6.965110748148828e-7
7782 6.965110748148828e-7
7783 6.965110748148828e-7
7784 6.965110748148828e-7
7785 6.965110748148828e-7
7786 6.965110748148828e-7
7787 6.965110748148828e-7
7788 6.965110748148828e-7
7789 6.965110748148828e-7
7790 6.965110748148828e-7
7791 6.965110748148828e-7
7792 6.965110748148828e-7
7793 6.965110748148828e-7
7794 6.965110748148828e-7
7795 6.965110748148828e-7
7796 6.965110748148828e-7
7797 6.965110748148828e-7
7798 6.965110748148828e-7
7799 6.965110748148828e-7
7800 6.965110748148828e-7
7801 6.965110748148828e-7
7802 6.965110748148828e-7
7803 6.965110748148828e-7
7804 6.968779734098365e-7
7805 6.968779734098365e-7
7806 6.968779734098365e-7
7807 6.968779734098365e-7
7808 6.968779734098365e-7
7809 6.968779734098365e-7
7810 6.968779734098365e-7
7811 6.968779734098365e-7
7812 6.968779734098365e-7
7813 6.968779734098365e-7
7814 6.968779734098365e-7
7815 6.968779734098365e-7
7816 6.968779734098365e-7
7817 6.968779734098365e-7
7818 6.968779734098365e-7
7819 6.968779734098365e-7
7820 6.968779734098365e-7
7821 6.973826592927592e-7
7822 6.973826592927592e-7
7823 6.980059059040401e-7
7824 6.980059059040401e-7
7825 6.980059059040401e-7
7826 6.980059059040401e-7
7827 6.980059059040401e-7
7828 6.980059059040401e-7
7829 6.980059059040401e-7
7830 6.980059059040401e-7
7831 6.991146130609966e-7
7832 6.997346546344938e-7
7833 7.00234532960741e-7
7834 7.004059645888927e-7
7835 7.004059645888927e-7
7836 7.0117981619455e-7
7837 7.0117981619455e-7
7838 7.018879779716427e-7
7839 7.018879779716427e-7
7840 7.018879779716427e-7
7841 7.022644880128562e-7
7842 7.022644880128562e-7
7843 7.022644880128562e-7
7844 7.022644880128562e-7
7845 7.022644880128562e-7
7846 7.031873408716343e-7
7847 7.033812053195444e-7
7848 7.033812053195444e-7
7849 7.033812053195444e-7
7850 7.033812053195444e-7
7851 7.033812053195444e-7
7852 7.058725910793218e-7
7853 7.075869195844762e-7
7854 7.075869195844762e-7
7855 7.075869195844762e-7
7856 7.075869195844762e-7
7857 7.075869195844762e-7
7858 7.090352880158618e-7
7859 7.090352880158618e-7
7860 7.090352880158618e-7
7861 7.090352880158618e-7
7862 7.090352880158618e-7
7863 7.090352880158618e-7
7864 7.090352880158618e-7
7865 7.090352880158618e-7
7866 7.090352880158618e-7
7867 7.090352880158618e-7
7868 7.090352880158618e-7
7869 7.090352880158618e-7
7870 7.090352880158618e-7
7871 7.09568813127019e-7
7872 7.09568813127019e-7
7873 7.09769085205769e-7
7874 7.103763102952227e-7
7875 7.103763102952227e-7
7876 7.103763102952227e-7
7877 7.103763102952227e-7
7878 7.103763102952227e-7
7879 7.105781842816827e-7
7880 7.105781842816827e-7
7881 7.105781842816827e-7
7882 7.105781842816827e-7
7883 7.105781842816827e-7
7884 7.105781842816827e-7
7885 7.116308142786982e-7
7886 7.116308142786982e-7
7887 7.116308142786982e-7
7888 7.116308142786982e-7
7889 7.116308142786982e-7
7890 7.116308142786982e-7
7891 7.116308142786982e-7
7892 7.116308142786982e-7
7893 7.116308142786982e-7
7894 7.116308142786982e-7
7895 7.116308142786982e-7
7896 7.116308142786982e-7
7897 7.116308142786982e-7
7898 7.116308142786982e-7
7899 7.116308142786982e-7
7900 7.116308142786982e-7
7901 7.116308142786982e-7
7902 7.116308142786982e-7
7903 7.116308142786982e-7
7904 7.120265521018864e-7
7905 7.120265521018864e-7
7906 7.122204165497965e-7
7907 7.122204165497965e-7
7908 7.122204165497965e-7
7909 7.122204165497965e-7
7910 7.122204165497965e-7
7911 7.124719582318119e-7
7912 7.122845032482873e-7
7913 7.122845032482873e-7
7914 7.117990439249756e-7
7915 7.117990439249756e-7
7916 7.117990439249756e-7
7917 7.117990439249756e-7
7918 7.117990439249756e-7
7919 7.117990439249756e-7
7920 7.117990439249756e-7
7921 7.117990439249756e-7
7922 7.117990439249756e-7
7923 7.117990439249756e-7
7924 7.12587315755932e-7
7925 7.12587315755932e-7
7926 7.12587315755932e-7
7927 7.127731682205648e-7
7928 7.139363475738429e-7
7929 7.139363475738429e-7
7930 7.14891245921003e-7
7931 7.14891245921003e-7
7932 7.14891245921003e-7
7933 7.14891245921003e-7
7934 7.14891245921003e-7
7935 7.151363793609966e-7
7936 7.151363793609966e-7
7937 7.151363793609966e-7
7938 7.151363793609966e-7
7939 7.151363793609966e-7
7940 7.151363793609966e-7
7941 7.151363793609966e-7
7942 7.151363793609966e-7
7943 7.151363793609966e-7
7944 7.151363793609966e-7
7945 7.151363793609966e-7
7946 7.151363793609966e-7
7947 7.151363793609966e-7
7948 7.15290188170793e-7
7949 7.15290188170793e-7
7950 7.15290188170793e-7
7951 7.15290188170793e-7
7952 7.15290188170793e-7
7953 7.15290188170793e-7
7954 7.159663056818674e-7
7955 7.159663056818674e-7
7956 7.170285483475065e-7
7957 7.170285483475065e-7
7958 7.170285483475065e-7
7959 7.170285483475065e-7
7960 7.170285483475065e-7
7961 7.170285483475065e-7
7962 7.170285483475065e-7
7963 7.17475556385142e-7
7964 7.17475556385142e-7
7965 7.17475556385142e-7
7966 7.17475556385142e-7
7967 7.17475556385142e-7
7968 7.17475556385142e-7
7969 7.17475556385142e-7
7970 7.18720447088812e-7
7971 7.18720447088812e-7
7972 7.18877460936392e-7
7973 7.18877460936392e-7
7974 7.18877460936392e-7
7975 7.18877460936392e-7
7976 7.197650669360957e-7
7977 7.197650669360957e-7
7978 7.200822984466758e-7
7979 7.200822984466758e-7
7980 7.213416093756449e-7
7981 7.213416093756449e-7
7982 7.213416093756449e-7
7983 7.218062402316358e-7
7984 7.218062402316358e-7
7985 7.218062402316358e-7
7986 7.218062402316358e-7
7987 7.218062402316358e-7
7988 7.214249226337467e-7
7989 7.214249226337467e-7
7990 7.214249226337467e-7
7991 7.214249226337467e-7
7992 7.214249226337467e-7
7993 7.217341427722313e-7
7994 7.217341427722313e-7
7995 7.217341427722313e-7
7996 7.217341427722313e-7
7997 7.217341427722313e-7
7998 7.217341427722313e-7
7999 7.217341427722313e-7
8000 7.217341427722313e-7
8001 7.217341427722313e-7
8002 7.217341427722313e-7
8003 7.217341427722313e-7
8004 7.217341427722313e-7
8005 7.217341427722313e-7
8006 7.226938474537032e-7
8007 7.226938474537032e-7
8008 7.226938474537032e-7
8009 7.230287030050024e-7
8010 7.230287030050024e-7
8011 7.230287030050024e-7
8012 7.230287030050024e-7
8013 7.230287030050024e-7
8014 7.230287030050024e-7
8015 7.230287030050024e-7
8016 7.230287030050024e-7
8017 7.230287030050024e-7
8018 7.230287030050024e-7
8019 7.230287030050024e-7
8020 7.230287030050024e-7
8021 7.230287030050024e-7
8022 7.230287030050024e-7
8023 7.230287030050024e-7
8024 7.230287030050024e-7
8025 7.230287030050024e-7
8026 7.230287030050024e-7
8027 7.230287030050024e-7
8028 7.230287030050024e-7
8029 7.230287030050024e-7
8030 7.230287030050024e-7
8031 7.230287030050024e-7
8032 7.230287030050024e-7
8033 7.230287030050024e-7
8034 7.230287030050024e-7
8035 7.230287030050024e-7
8036 7.230287030050024e-7
8037 7.230287030050024e-7
8038 7.230287030050024e-7
8039 7.230287030050024e-7
8040 7.230287030050024e-7
8041 7.230287030050024e-7
8042 7.230287030050024e-7
8043 7.230287030050024e-7
8044 7.230287030050024e-7
8045 7.230287030050024e-7
8046 7.230287030050024e-7
8047 7.245283392061078e-7
8048 7.245283392061078e-7
8049 7.247318163226414e-7
8050 7.247318163226414e-7
8051 7.247318163226414e-7
8052 7.247318163226414e-7
8053 7.247318163226414e-7
8054 7.243184544587341e-7
8055 7.243184544587341e-7
8056 7.243184544587341e-7
8057 7.23778521105555e-7
8058 7.23778521105555e-7
8059 7.23778521105555e-7
8060 7.23778521105555e-7
8061 7.241838715973668e-7
8062 7.241838715973668e-7
8063 7.273065128957931e-7
8064 7.273065128957931e-7
8065 7.273065128957931e-7
8066 7.273065128957931e-7
8067 7.273065128957931e-7
8068 7.273065128957931e-7
8069 7.273065128957931e-7
8070 7.273065128957931e-7
8071 7.273065128957931e-7
8072 7.273065128957931e-7
8073 7.273065128957931e-7
8074 7.273065128957931e-7
8075 7.273065128957931e-7
8076 7.273065128957931e-7
8077 7.273065128957931e-7
8078 7.273065128957931e-7
8079 7.283238960337341e-7
8080 7.283238960337341e-7
8081 7.283238960337341e-7
8082 7.283238960337341e-7
8083 7.283238960337341e-7
8084 7.283238960337341e-7
8085 7.283238960337341e-7
8086 7.283238960337341e-7
8087 7.283238960337341e-7
8088 7.283238960337341e-7
8089 7.283238960337341e-7
8090 7.283238960337341e-7
8091 7.283238960337341e-7
8092 7.283238960337341e-7
8093 7.283238960337341e-7
8094 7.283238960337341e-7
8095 7.283238960337341e-7
8096 7.283238960337341e-7
8097 7.283238960337341e-7
8098 7.283238960337341e-7
8099 7.283238960337341e-7
8100 7.283238960337341e-7
8101 7.283238960337341e-7
8102 7.283238960337341e-7
8103 7.283238960337341e-7
8104 7.283238960337341e-7
8105 7.283238960337341e-7
8106 7.283238960337341e-7
8107 7.283238960337341e-7
8108 7.283238960337341e-7
8109 7.283238960337341e-7
8110 7.29304428571345e-7
8111 7.29304428571345e-7
8112 7.29304428571345e-7
8113 7.29304428571345e-7
8114 7.29304428571345e-7
8115 7.296761335006105e-7
8116 7.296761335006105e-7
8117 7.296761335006105e-7
8118 7.296761335006105e-7
8119 7.296761335006105e-7
8120 7.306230198644932e-7
8121 7.306230198644932e-7
8122 7.306230198644932e-7
8123 7.306230198644932e-7
8124 7.306230198644932e-7
8125 7.306230198644932e-7
8126 7.306230198644932e-7
8127 7.306230198644932e-7
8128 7.306230198644932e-7
8129 7.306230198644932e-7
8130 7.306230198644932e-7
8131 7.306230198644932e-7
8132 7.311389209349314e-7
8133 7.311389209349314e-7
8134 7.322844774698541e-7
8135 7.322844774698541e-7
8136 7.322844774698541e-7
8137 7.322844774698541e-7
8138 7.329638006298941e-7
8139 7.329638006298941e-7
8140 7.329638006298941e-7
8141 7.329638006298941e-7
8142 7.327603241245423e-7
8143 7.327603241245423e-7
8144 7.327603241245423e-7
8145 7.327603241245423e-7
8146 7.327603241245423e-7
8147 7.327603241245423e-7
8148 7.327603241245423e-7
8149 7.327603241245423e-7
8150 7.325680621955241e-7
8151 7.325680621955241e-7
8152 7.325680621955241e-7
8153 7.325680621955241e-7
8154 7.325680621955241e-7
8155 7.325680621955241e-7
8156 7.325680621955241e-7
8157 7.325680621955241e-7
8158 7.325680621955241e-7
8159 7.325680621955241e-7
8160 7.325680621955241e-7
8161 7.33128824016024e-7
8162 7.33128824016024e-7
8163 7.33128824016024e-7
8164 7.33128824016024e-7
8165 7.33128824016024e-7
8166 7.33128824016024e-7
8167 7.33128824016024e-7
8168 7.33128824016024e-7
8169 7.33128824016024e-7
8170 7.33128824016024e-7
8171 7.333867751624251e-7
8172 7.333867751624251e-7
8173 7.333867751624251e-7
8174 7.333867751624251e-7
8175 7.333867751624251e-7
8176 7.338578154828014e-7
8177 7.338578154828014e-7
8178 7.338578154828014e-7
8179 7.354663991324594e-7
8180 7.354663991324594e-7
8181 7.354663991324594e-7
8182 7.354663991324594e-7
8183 7.359053951868176e-7
8184 7.359053951868176e-7
8185 7.359053951868176e-7
8186 7.359053951868176e-7
8187 7.359053951868176e-7
8188 7.367000758709776e-7
8189 7.367000758709776e-7
8190 7.367000758709776e-7
8191 7.371054257516076e-7
8192 7.371054257516076e-7
8193 7.371054257516076e-7
8194 7.371054257516076e-7
8195 7.371054257516076e-7
8196 7.371054257516076e-7
8197 7.371054257516076e-7
8198 7.371054257516076e-7
8199 7.371054257516076e-7
8200 7.373201168332929e-7
8201 7.373201168332929e-7
8202 7.373201168332929e-7
8203 7.373201168332929e-7
8204 7.373201168332929e-7
8205 7.373201168332929e-7
8206 7.373201168332929e-7
8207 7.373201168332929e-7
8208 7.377575103687593e-7
8209 7.377575103687593e-7
8210 7.377575103687593e-7
8211 7.377575103687593e-7
8212 7.377575103687593e-7
8213 7.377575103687593e-7
8214 7.377575103687593e-7
8215 7.377575103687593e-7
8216 7.377575103687593e-7
8217 7.380891596599109e-7
8218 7.380891596599109e-7
8219 7.380891596599109e-7
8220 7.380891596599109e-7
8221 7.380891596599109e-7
8222 7.380891596599109e-7
8223 7.380891596599109e-7
8224 7.380891596599109e-7
8225 7.380891596599109e-7
8226 7.380891596599109e-7
8227 7.389399162816483e-7
8228 7.389399162816483e-7
8229 7.389399162816483e-7
8230 7.389399162816483e-7
8231 7.396240457760001e-7
8232 7.396240457760001e-7
8233 7.396240457760001e-7
8234 7.396240457760001e-7
8235 7.396240457760001e-7
8236 7.396240457760001e-7
8237 7.399749228491265e-7
8238 7.399749228491265e-7
8239 7.411685439495309e-7
8240 7.411685439495309e-7
8241 7.411685439495309e-7
8242 7.411685439495309e-7
8243 7.423253156719691e-7
8244 7.423253156719691e-7
8245 7.423253156719691e-7
8246 7.423253156719691e-7
8247 7.423253156719691e-7
8248 7.433907633753919e-7
8249 7.433907633753919e-7
8250 7.459254067551574e-7
8251 7.459254067551574e-7
8252 7.459254067551574e-7
8253 7.466095362495092e-7
8254 7.466095362495092e-7
8255 7.469908538473982e-7
8256 7.469908538473982e-7
8257 7.469908538473982e-7
8258 7.469908538473982e-7
8259 7.469908538473982e-7
8260 7.469908538473982e-7
8261 7.469908538473982e-7
8262 7.469908538473982e-7
8263 7.478047598688055e-7
8264 7.478047598688055e-7
8265 7.478047598688055e-7
8266 7.478047598688055e-7
8267 7.478047598688055e-7
8268 7.478047598688055e-7
8269 7.478047598688055e-7
8270 7.478047598688055e-7
8271 7.478047598688055e-7
8272 7.478047598688055e-7
8273 7.478047598688055e-7
8274 7.478047598688055e-7
8275 7.479056977788082e-7
8276 7.479056977788082e-7
8277 7.483687267270891e-7
8278 7.483687267270891e-7
8279 7.483687267270891e-7
8280 7.487372266185709e-7
8281 7.487372266185709e-7
8282 7.487372266185709e-7
8283 7.487372266185709e-7
8284 7.487372266185709e-7
8285 7.487372266185709e-7
8286 7.487372266185709e-7
8287 7.487372266185709e-7
8288 7.507223233653517e-7
8289 7.507223233653517e-7
8290 7.507223233653517e-7
8291 7.517573293216481e-7
8292 7.517573293216481e-7
8293 7.517573293216481e-7
8294 7.517573293216481e-7
8295 7.517573293216481e-7
8296 7.517573293216481e-7
8297 7.517573293216481e-7
8298 7.517573293216481e-7
8299 7.517573293216481e-7
8300 7.517573293216481e-7
8301 7.517573293216481e-7
8302 7.528884662424536e-7
8303 7.528884662424536e-7
8304 7.528884662424536e-7
8305 7.528884662424536e-7
8306 7.528884662424536e-7
8307 7.528884662424536e-7
8308 7.538465684050336e-7
8309 7.538465684050336e-7
8310 7.540628620056108e-7
8311 7.540628620056108e-7
8312 7.540628620056108e-7
8313 7.540628620056108e-7
8314 7.549007996985771e-7
8315 7.549007996985771e-7
8316 7.549007996985771e-7
8317 7.549007996985771e-7
8318 7.549007996985771e-7
8319 7.539122564000525e-7
8320 7.539122564000525e-7
8321 7.539122564000525e-7
8322 7.539122564000525e-7
8323 7.539122564000525e-7
8324 7.539122564000525e-7
8325 7.543752853483334e-7
8326 7.543752853483334e-7
8327 7.543752853483334e-7
8328 7.551491357316268e-7
8329 7.557932108102287e-7
8330 7.557932108102287e-7
8331 7.557932108102287e-7
8332 7.557932108102287e-7
8333 7.557932108102287e-7
8334 7.557932108102287e-7
8335 7.567352908397996e-7
8336 7.567352908397996e-7
8337 7.567352908397996e-7
8338 7.567352908397996e-7
8339 7.567352908397996e-7
8340 7.567352908397996e-7
8341 7.567352908397996e-7
8342 7.567352908397996e-7
8343 7.567352908397996e-7
8344 7.579209017904723e-7
8345 7.579209017904723e-7
8346 7.594285499748551e-7
8347 7.594285499748551e-7
8348 7.594285499748551e-7
8349 7.594285499748551e-7
8350 7.594285499748551e-7
8351 7.594285499748551e-7
8352 7.594285499748551e-7
8353 7.594285499748551e-7
8354 7.599684827168523e-7
8355 7.599684827168523e-7
8356 7.599684827168523e-7
8357 7.599684827168523e-7
8358 7.609025519855096e-7
8359 7.609025519855096e-7
8360 7.609025519855096e-7
8361 7.609025519855096e-7
8362 7.609025519855096e-7
8363 7.609025519855096e-7
8364 7.609025519855096e-7
8365 7.592090507253123e-7
8366 7.592090507253123e-7
8367 7.592090507253123e-7
8368 7.593147937472631e-7
8369 7.593147937472631e-7
8370 7.593147937472631e-7
8371 7.593147937472631e-7
8372 7.593147937472631e-7
8373 7.593147937472631e-7
8374 7.593147937472631e-7
8375 7.593147937472631e-7
8376 7.59997321333905e-7
8377 7.59997321333905e-7
8378 7.59997321333905e-7
8379 7.61120446882615e-7
8380 7.61120446882615e-7
8381 7.615001619616121e-7
8382 7.615001619616121e-7
8383 7.615001619616121e-7
8384 7.615001619616121e-7
8385 7.615001619616121e-7
8386 7.615001619616121e-7
8387 7.615001619616121e-7
8388 7.615001619616121e-7
8389 7.615001619616121e-7
8390 7.615001619616121e-7
8391 7.615001619616121e-7
8392 7.615001619616121e-7
8393 7.615001619616121e-7
8394 7.615001619616121e-7
8395 7.615001619616121e-7
8396 7.615001619616121e-7
8397 7.615001619616121e-7
8398 7.622355616704112e-7
8399 7.622355616704112e-7
8400 7.64962466979195e-7
8401 7.64962466979195e-7
8402 7.64962466979195e-7
8403 7.64962466979195e-7
8404 7.651274909765068e-7
8405 7.651274909765068e-7
8406 7.651274909765068e-7
8407 7.651274909765068e-7
8408 7.655696908462849e-7
8409 7.655696908462849e-7
8410 7.655696908462849e-7
8411 7.655696908462849e-7
8412 7.655696908462849e-7
8413 7.655696908462849e-7
8414 7.655696908462849e-7
8415 7.664348664709577e-7
8416 7.664348664709577e-7
8417 7.664348664709577e-7
8418 7.664348664709577e-7
8419 7.664348664709577e-7
8420 7.670036384411894e-7
8421 7.670036384411894e-7
8422 7.695623141036957e-7
8423 7.695623141036957e-7
8424 7.695623141036957e-7
8425 7.695623141036957e-7
8426 7.695623141036957e-7
8427 7.695623141036957e-7
8428 7.695623141036957e-7
8429 7.695623141036957e-7
8430 7.695623141036957e-7
8431 7.695623141036957e-7
8432 7.695623141036957e-7
8433 7.707014617854148e-7
8434 7.707014617854148e-7
8435 7.707014617854148e-7
8436 7.718277929830903e-7
8437 7.718277929830903e-7
8438 7.718277929830903e-7
8439 7.718277929830903e-7
8440 7.726625268606367e-7
8441 7.726625268606367e-7
8442 7.745146420425784e-7
8443 7.745146420425784e-7
8444 7.745146420425784e-7
8445 7.745146420425784e-7
8446 7.745146420425784e-7
8447 7.745146420425784e-7
8448 7.745146420425784e-7
8449 7.745146420425784e-7
8450 7.745146420425784e-7
8451 7.745146420425784e-7
8452 7.745146420425784e-7
8453 7.745146420425784e-7
8454 7.745146420425784e-7
8455 7.745146420425784e-7
8456 7.745146420425784e-7
8457 7.745146420425784e-7
8458 7.754519151266557e-7
8459 7.754519151266557e-7
8460 7.754519151266557e-7
8461 7.766295153164148e-7
8462 7.766295153164148e-7
8463 7.766295153164148e-7
8464 7.766295153164148e-7
8465 7.766295153164148e-7
8466 7.766295153164148e-7
8467 7.766295153164148e-7
8468 7.766295153164148e-7
8469 7.766295153164148e-7
8470 7.766295153164148e-7
8471 7.766295153164148e-7
8472 7.766295153164148e-7
8473 7.766295153164148e-7
8474 7.766295153164148e-7
8475 7.766295153164148e-7
8476 7.766295153164148e-7
8477 7.766295153164148e-7
8478 7.775764010691157e-7
8479 7.775764010691157e-7
8480 7.775764010691157e-7
8481 7.775764010691157e-7
8482 7.775764010691157e-7
8483 7.775764010691157e-7
8484 7.775764010691157e-7
8485 7.775764010691157e-7
8486 7.779673325579921e-7
8487 7.779673325579921e-7
8488 7.779673325579921e-7
8489 7.779673325579921e-7
8490 7.779673325579921e-7
8491 7.779673325579921e-7
8492 7.785857728349612e-7
8493 7.785857728349612e-7
8494 7.785857728349612e-7
8495 7.802840810406522e-7
8496 7.802840810406522e-7
8497 7.802840810406522e-7
8498 7.816523400293558e-7
8499 7.816523400293558e-7
8500 7.816523400293558e-7
8501 7.816523400293558e-7
8502 7.816523400293558e-7
8503 7.816523400293558e-7
8504 7.816523400293558e-7
8505 7.816523400293558e-7
8506 7.816523400293558e-7
8507 7.816523400293558e-7
8508 7.816523400293558e-7
8509 7.816523400293558e-7
8510 7.816523400293558e-7
8511 7.816523400293558e-7
8512 7.82528730841544e-7
8513 7.853085070501212e-7
8514 7.853085070501212e-7
8515 7.853085070501212e-7
8516 7.853085070501212e-7
8517 7.853085070501212e-7
8518 7.853085070501212e-7
8519 7.853085070501212e-7
8520 7.853085070501212e-7
8521 7.861816940468895e-7
8522 7.861816940468895e-7
8523 7.861816940468895e-7
8524 7.861816940468895e-7
8525 7.86593453391905e-7
8526 7.86593453391905e-7
8527 7.86593453391905e-7
8528 7.872968088346859e-7
8529 7.872968088346859e-7
8530 7.872968088346859e-7
8531 7.872968088346859e-7
8532 7.902992881082259e-7
8533 7.902992881082259e-7
8534 7.902992881082259e-7
8535 7.902992881082259e-7
8536 7.902992881082259e-7
8537 7.902992881082259e-7
8538 7.902992881082259e-7
8539 7.902992881082259e-7
8540 7.902992881082259e-7
8541 7.902992881082259e-7
8542 7.902992881082259e-7
8543 7.902992881082259e-7
8544 7.912269485236796e-7
8545 7.912269485236796e-7
8546 7.920072083713586e-7
8547 7.917588717271268e-7
8548 7.917588717271268e-7
8549 7.917588717271268e-7
8550 7.917588717271268e-7
8551 7.917588717271268e-7
8552 7.917588717271268e-7
8553 7.917588717271268e-7
8554 7.917588717271268e-7
8555 7.921546083279512e-7
8556 7.921546083279512e-7
8557 7.930165801372041e-7
8558 7.930165801372041e-7
8559 7.930165801372041e-7
8560 7.930165801372041e-7
8561 7.933017673817658e-7
8562 7.933017673817658e-7
8563 7.937359571018122e-7
8564 7.939698747431086e-7
8565 7.939698747431086e-7
8566 7.942630733597659e-7
8567 7.942630733597659e-7
8568 7.942630733597659e-7
8569 7.942630733597659e-7
8570 7.943672150851886e-7
8571 7.952307881909695e-7
8572 7.952307881909695e-7
8573 7.952307881909695e-7
8574 7.946892523188986e-7
8575 7.946892523188986e-7
8576 7.946892523188986e-7
8577 7.949520104107932e-7
8578 7.949520104107932e-7
8579 7.952275837643676e-7
8580 7.952275837643676e-7
8581 7.952275837643676e-7
8582 7.961632549407349e-7
8583 7.956489557780067e-7
8584 7.956489557780067e-7
8585 7.956489557780067e-7
8586 7.951634958435131e-7
8587 7.951634958435131e-7
8588 7.951634958435131e-7
8589 7.951634958435131e-7
8590 7.951634958435131e-7
8591 7.953333273975004e-7
8592 7.953333273975004e-7
8593 7.953333273975004e-7
8594 7.953333273975004e-7
8595 7.961376195279204e-7
8596 7.961376195279204e-7
8597 7.961376195279204e-7
8598 7.961376195279204e-7
8599 7.965830244354822e-7
8600 7.965830244354822e-7
8601 7.965830244354822e-7
8602 7.975523405632139e-7
8603 7.975523405632139e-7
8604 7.975523405632139e-7
8605 7.979080239706521e-7
8606 7.979080239706521e-7
8607 7.979080239706521e-7
8608 7.979080239706521e-7
8609 7.979080239706521e-7
8610 7.979080239706521e-7
8611 7.985456895848684e-7
8612 7.985456895848684e-7
8613 7.985456895848684e-7
8614 7.987571768511338e-7
8615 7.987571768511338e-7
8616 7.987571768511338e-7
8617 7.99112860258572e-7
8618 7.99112860258572e-7
8619 7.99112860258572e-7
8620 7.99112860258572e-7
8621 7.99112860258572e-7
8622 7.99112860258572e-7
8623 7.99112860258572e-7
8624 7.99112860258572e-7
8625 7.99112860258572e-7
8626 7.99112860258572e-7
8627 7.996768265056739e-7
8628 7.996768265056739e-7
8629 7.996768265056739e-7
8630 7.996768265056739e-7
8631 7.996768265056739e-7
8632 7.996768265056739e-7
8633 7.996768265056739e-7
8634 7.996768265056739e-7
8635 7.996768265056739e-7
8636 7.996768265056739e-7
8637 7.999924554973621e-7
8638 7.999924554973621e-7
8639 7.999924554973621e-7
8640 7.999924554973621e-7
8641 8.007294565026893e-7
8642 8.007294565026893e-7
8643 8.007294565026893e-7
8644 8.007294565026893e-7
8645 8.007294565026893e-7
8646 8.007294565026893e-7
8647 8.007294565026893e-7
8648 8.022563306355011e-7
8649 8.022563306355011e-7
8650 8.022563306355011e-7
8651 8.022563306355011e-7
8652 8.022563306355011e-7
8653 8.033329941376212e-7
8654 8.033329941376212e-7
8655 8.033329941376212e-7
8656 8.038456901702757e-7
8657 8.038456901702757e-7
8658 8.038456901702757e-7
8659 8.038456901702757e-7
8660 8.038456901702757e-7
8661 8.038456901702757e-7
8662 8.038456901702757e-7
8663 8.040972318522912e-7
8664 8.040972318522912e-7
8665 8.046307557410848e-7
8666 8.07626826772603e-7
8667 8.076140090661957e-7
8668 8.076140090661957e-7
8669 8.076140090661957e-7
8670 8.076140090661957e-7
8671 8.076140090661957e-7
8672 8.076140090661957e-7
8673 8.076140090661957e-7
8674 8.076140090661957e-7
8675 8.081379215087294e-7
8676 8.081379215087294e-7
8677 8.081379215087294e-7
8678 8.081379215087294e-7
8679 8.091857445602512e-7
8680 8.091857445602512e-7
8681 8.091857445602512e-7
8682 8.091857445602512e-7
8683 8.091857445602512e-7
8684 8.100781568942666e-7
8685 8.100781568942666e-7
8686 8.11515308915773e-7
8687 8.11515308915773e-7
8688 8.11515308915773e-7
8689 8.12412528806464e-7
8690 8.12412528806464e-7
8691 8.12412528806464e-7
8692 8.12412528806464e-7
8693 8.12412528806464e-7
8694 8.12412528806464e-7
8695 8.12412528806464e-7
8696 8.134715670455011e-7
8697 8.134715670455011e-7
8698 8.134715670455011e-7
8699 8.134715670455011e-7
8700 8.134715670455011e-7
8701 8.134715670455011e-7
8702 8.134715670455011e-7
8703 8.140195111595938e-7
8704 8.140195111595938e-7
8705 8.140195111595938e-7
8706 8.140195111595938e-7
8707 8.140195111595938e-7
8708 8.140195111595938e-7
8709 8.140195111595938e-7
8710 8.140195111595938e-7
8711 8.140195111595938e-7
8712 8.140195111595938e-7
8713 8.140195111595938e-7
8714 8.140195111595938e-7
8715 8.140195111595938e-7
8716 8.144601097328438e-7
8717 8.144601097328438e-7
8718 8.144601097328438e-7
8719 8.144601097328438e-7
8720 8.160718996426493e-7
8721 8.160718996426493e-7
8722 8.160718996426493e-7
8723 8.160718996426493e-7
8724 8.160718996426493e-7
8725 8.160718996426493e-7
8726 8.160718996426493e-7
8727 8.160718996426493e-7
8728 8.172719295962574e-7
8729 8.172719295962574e-7
8730 8.172719295962574e-7
8731 8.185905208894056e-7
8732 8.185905208894056e-7
8733 8.185905208894056e-7
8734 8.185905208894056e-7
8735 8.185905208894056e-7
8736 8.185905208894056e-7
8737 8.185905208894056e-7
8738 8.185905208894056e-7
8739 8.185905208894056e-7
8740 8.185905208894056e-7
8741 8.185905208894056e-7
8742 8.185905208894056e-7
8743 8.185905208894056e-7
8744 8.185905208894056e-7
8745 8.185905208894056e-7
8746 8.185905208894056e-7
8747 8.185905208894056e-7
8748 8.185905208894056e-7
8749 8.185905208894056e-7
8750 8.185905208894056e-7
8751 8.185905208894056e-7
8752 8.185905208894056e-7
8753 8.185905208894056e-7
8754 8.190791840281373e-7
8755 8.190791840281373e-7
8756 8.196655800390881e-7
8757 8.196655800390881e-7
8758 8.196655800390881e-7
8759 8.196655800390881e-7
8760 8.196655800390881e-7
8761 8.201430279903043e-7
8762 8.201430279903043e-7
8763 8.201430279903043e-7
8764 8.207726834547889e-7
8765 8.207726834547889e-7
8766 8.217468071391962e-7
8767 8.217468071391962e-7
8768 8.217468071391962e-7
8769 8.222082347909489e-7
8770 8.222082347909489e-7
8771 8.222082347909489e-7
8772 8.222082347909489e-7
8773 8.222082347909489e-7
8774 8.222082347909489e-7
8775 8.235572684424053e-7
8776 8.235572684424053e-7
8777 8.235572684424053e-7
8778 8.235572684424053e-7
8779 8.235572684424053e-7
8780 8.235572684424053e-7
8781 8.235572684424053e-7
8782 8.235572684424053e-7
8783 8.243102909695598e-7
8784 8.243102909695598e-7
8785 8.243102909695598e-7
8786 8.243102909695598e-7
8787 8.248822673663934e-7
8788 8.260822973200015e-7
8789 8.260822973200015e-7
8790 8.260822973200015e-7
8791 8.260822973200015e-7
8792 8.249864084806342e-7
8793 8.249864084806342e-7
8794 8.252539716844769e-7
8795 8.252539716844769e-7
8796 8.250216559508905e-7
8797 8.250216559508905e-7
8798 8.250216559508905e-7
8799 8.250216559508905e-7
8800 8.250216559508905e-7
8801 8.259589290349678e-7
8802 8.259589290349678e-7
8803 8.259589290349678e-7
8804 8.268561477032951e-7
8805 8.268561477032951e-7
8806 8.268561477032951e-7
8807 8.268561477032951e-7
8808 8.272038209610015e-7
8809 8.272038209610015e-7
8810 8.272038209610015e-7
8811 8.272038209610015e-7
8812 8.281811484608288e-7
8813 8.281811484608288e-7
8814 8.281811484608288e-7
8815 8.281811484608288e-7
8816 8.281811484608288e-7
8817 8.281811484608288e-7
8818 8.281811484608288e-7
8819 8.281811484608288e-7
8820 8.281811484608288e-7
8821 8.281811484608288e-7
8822 8.281811484608288e-7
8823 8.281811484608288e-7
8824 8.281811484608288e-7
8825 8.281811484608288e-7
8826 8.281811484608288e-7
8827 8.281811484608288e-7
8828 8.281811484608288e-7
8829 8.281811484608288e-7
8830 8.281811484608288e-7
8831 8.281811484608288e-7
8832 8.292097467862853e-7
8833 8.292097467862853e-7
8834 8.292097467862853e-7
8835 8.292097467862853e-7
8836 8.292097467862853e-7
8837 8.298858655197235e-7
8838 8.298858655197235e-7
8839 8.298858655197235e-7
8840 8.298858655197235e-7
8841 8.298858655197235e-7
8842 8.298858655197235e-7
8843 8.298858655197235e-7
8844 8.298858655197235e-7
8845 8.298858655197235e-7
8846 8.299835983919426e-7
8847 8.299835983919426e-7
8848 8.299835983919426e-7
8849 8.299835983919426e-7
8850 8.299835983919426e-7
8851 8.299835983919426e-7
8852 8.299835983919426e-7
8853 8.299835983919426e-7
8854 8.299835983919426e-7
8855 8.303152489054581e-7
8856 8.303152489054581e-7
8857 8.303152489054581e-7
8858 8.303152489054581e-7
8859 8.303152489054581e-7
8860 8.303152489054581e-7
8861 8.303152489054581e-7
8862 8.303152489054581e-7
8863 8.303152489054581e-7
8864 8.303152489054581e-7
8865 8.303152489054581e-7
8866 8.303152489054581e-7
8867 8.303152489054581e-7
8868 8.303152489054581e-7
8869 8.303152489054581e-7
8870 8.303152489054581e-7
8871 8.303152489054581e-7
8872 8.303152489054581e-7
8873 8.303152489054581e-7
8874 8.303152489054581e-7
8875 8.303152489054581e-7
8876 8.303152489054581e-7
8877 8.303152489054581e-7
8878 8.303152489054581e-7
8879 8.303152489054581e-7
8880 8.303152489054581e-7
8881 8.303152489054581e-7
8882 8.303152489054581e-7
8883 8.303152489054581e-7
8884 8.303152489054581e-7
8885 8.303152489054581e-7
8886 8.303152489054581e-7
8887 8.303152489054581e-7
8888 8.303152489054581e-7
8889 8.312220802424089e-7
8890 8.312220802424089e-7
8891 8.312220802424089e-7
8892 8.320808464026961e-7
8893 8.320808464026961e-7
8894 8.320808464026961e-7
8895 8.320808464026961e-7
8896 8.326720487479587e-7
8897 8.326720487479587e-7
8898 8.326720487479587e-7
8899 8.335548484133505e-7
8900 8.335548484133505e-7
8901 8.335548484133505e-7
8902 8.335548484133505e-7
8903 8.335548484133505e-7
8904 8.335548484133505e-7
8905 8.335548484133505e-7
8906 8.335548484133505e-7
8907 8.335548484133505e-7
8908 8.344552721194615e-7
8909 8.344552721194615e-7
8910 8.344552721194615e-7
8911 8.346875872418659e-7
8912 8.346875872418659e-7
8913 8.346875872418659e-7
8914 8.346875872418659e-7
8915 8.346875872418659e-7
8916 8.346875872418659e-7
8917 8.346875872418659e-7
8918 8.346875872418659e-7
8919 8.346875872418659e-7
8920 8.346875872418659e-7
8921 8.346875872418659e-7
8922 8.362080537438378e-7
8923 8.362080537438378e-7
8924 8.362080537438378e-7
8925 8.362080537438378e-7
8926 8.362080537438378e-7
8927 8.362080537438378e-7
8928 8.362080537438378e-7
8929 8.362080537438378e-7
8930 8.362080537438378e-7
8931 8.362080537438378e-7
8932 8.362080537438378e-7
8933 8.362080537438378e-7
8934 8.362080537438378e-7
8935 8.362080537438378e-7
8936 8.362080537438378e-7
8937 8.362080537438378e-7
8938 8.362080537438378e-7
8939 8.362080537438378e-7
8940 8.362080537438378e-7
8941 8.362080537438378e-7
8942 8.362080537438378e-7
8943 8.362080537438378e-7
8944 8.362080537438378e-7
8945 8.362080537438378e-7
8946 8.362080537438378e-7
8947 8.362080537438378e-7
8948 8.362080537438378e-7
8949 8.362080537438378e-7
8950 8.362080537438378e-7
8951 8.362080537438378e-7
8952 8.362080537438378e-7
8953 8.362080537438378e-7
8954 8.362080537438378e-7
8955 8.362080537438378e-7
8956 8.362080537438378e-7
8957 8.377365303955414e-7
8958 8.377365303955414e-7
8959 8.377365303955414e-7
8960 8.377365303955414e-7
8961 8.377365303955414e-7
8962 8.390022501777141e-7
8963 8.388820863192822e-7
8964 8.388820863192822e-7
8965 8.388820863192822e-7
8966 8.388820863192822e-7
8967 8.393883747210969e-7
8968 8.393883747210969e-7
8969 8.393883747210969e-7
8970 8.393883747210969e-7
8971 8.393883747210969e-7
8972 8.393883747210969e-7
8973 8.393883747210969e-7
8974 8.393883747210969e-7
8975 8.393883747210969e-7
8976 8.393883747210969e-7
8977 8.393883747210969e-7
8978 8.393883747210969e-7
8979 8.393883747210969e-7
8980 8.393883747210969e-7
8981 8.393883747210969e-7
8982 8.393883747210969e-7
8983 8.393883747210969e-7
8984 8.393883747210969e-7
8985 8.393883747210969e-7
8986 8.393883747210969e-7
8987 8.393883747210969e-7
8988 8.393883747210969e-7
8989 8.393883747210969e-7
8990 8.393883747210969e-7
8991 8.393883747210969e-7
8992 8.393883747210969e-7
8993 8.393883747210969e-7
8994 8.393883747210969e-7
8995 8.393883747210969e-7
8996 8.393883747210969e-7
8997 8.393883747210969e-7
8998 8.393883747210969e-7
8999 8.393883747210969e-7
9000 8.393883747210969e-7
9001 8.393883747210969e-7
9002 8.393883747210969e-7
9003 8.393883747210969e-7
9004 8.393883747210969e-7
9005 8.393883747210969e-7
9006 8.393883747210969e-7
9007 8.393883747210969e-7
9008 8.393883747210969e-7
9009 8.393883747210969e-7
9010 8.393883747210969e-7
9011 8.393883747210969e-7
9012 8.393883747210969e-7
9013 8.393883747210969e-7
9014 8.393883747210969e-7
9015 8.393883747210969e-7
9016 8.393883747210969e-7
9017 8.393883747210969e-7
9018 8.393883747210969e-7
9019 8.393883747210969e-7
9020 8.393883747210969e-7
9021 8.393883747210969e-7
9022 8.393883747210969e-7
9023 8.39426826617955e-7
9024 8.39426826617955e-7
9025 8.39426826617955e-7
9026 8.39426826617955e-7
9027 8.39426826617955e-7
9028 8.39426826617955e-7
9029 8.39426826617955e-7
9030 8.39426826617955e-7
9031 8.398834467130322e-7
9032 8.398834467130322e-7
9033 8.398834467130322e-7
9034 8.398834467130322e-7
9035 8.419502548102049e-7
9036 8.419502548102049e-7
9037 8.419502548102049e-7
9038 8.419502548102049e-7
9039 8.425574798996586e-7
9040 8.42227431905035e-7
9041 8.42227431905035e-7
9042 8.42227431905035e-7
9043 8.42227431905035e-7
9044 8.42227431905035e-7
9045 8.42227431905035e-7
9046 8.42227431905035e-7
9047 8.42227431905035e-7
9048 8.42227431905035e-7
9049 8.42227431905035e-7
9050 8.42227431905035e-7
9051 8.435396149561614e-7
9052 8.435396149561614e-7
9053 8.448598093793833e-7
9054 8.448598093793833e-7
9055 8.448598093793833e-7
9056 8.448598093793833e-7
9057 8.448598093793833e-7
9058 8.448598093793833e-7
9059 8.448598093793833e-7
9060 8.448598093793833e-7
9061 8.448598093793833e-7
9062 8.448598093793833e-7
9063 8.448598093793833e-7
9064 8.454189686809914e-7
9065 8.454189686809914e-7
9066 8.454189686809914e-7
9067 8.454189686809914e-7
9068 8.454189686809914e-7
9069 8.454189686809914e-7
9070 8.462537037809015e-7
9071 8.466830871666361e-7
9072 8.475194241742562e-7
9073 8.475194241742562e-7
9074 8.475194241742562e-7
9075 8.475194241742562e-7
9076 8.475194241742562e-7
9077 8.475194241742562e-7
9078 8.475194241742562e-7
9079 8.475194241742562e-7
9080 8.482596302173671e-7
9081 8.482596302173671e-7
9082 8.489021033882589e-7
9083 8.489021033882589e-7
9084 8.489021033882589e-7
9085 8.489021033882589e-7
9086 8.489021033882589e-7
9087 8.489021033882589e-7
9088 8.501357789044134e-7
9089 8.501357789044134e-7
9090 8.501357789044134e-7
9091 8.501357789044134e-7
9092 8.501357789044134e-7
9093 8.501357789044134e-7
9094 8.501357789044134e-7
9095 8.501357789044134e-7
9096 8.501357789044134e-7
9097 8.501357789044134e-7
9098 8.501357789044134e-7
9099 8.507013470592252e-7
9100 8.507013470592252e-7
9101 8.520888326075398e-7
9102 8.520888326075398e-7
9103 8.524300970120426e-7
9104 8.524300970120426e-7
9105 8.524300970120426e-7
9106 8.52822630408629e-7
9107 8.52822630408629e-7
9108 8.52822630408629e-7
9109 8.52822630408629e-7
9110 8.52822630408629e-7
9111 8.52822630408629e-7
9112 8.52822630408629e-7
9113 8.532055505254098e-7
9114 8.532055505254098e-7
9115 8.532055505254098e-7
9116 8.532055505254098e-7
9117 8.538800667399562e-7
9118 8.538800667399562e-7
9119 8.538800667399562e-7
9120 8.538800667399562e-7
9121 8.538800667399562e-7
9122 8.538800667399562e-7
9123 8.538800667399562e-7
9124 8.538800667399562e-7
9125 8.538800667399562e-7
9126 8.538800667399562e-7
9127 8.538800667399562e-7
9128 8.538800667399562e-7
9129 8.538800667399562e-7
9130 8.538800667399562e-7
9131 8.544087855168017e-7
9132 8.544087855168017e-7
9133 8.544087855168017e-7
9134 8.544087855168017e-7
9135 8.544087855168017e-7
9136 8.544087855168017e-7
9137 8.544087855168017e-7
9138 8.544087855168017e-7
9139 8.551586042285362e-7
9140 8.551586042285362e-7
9141 8.551586042285362e-7
9142 8.556568824806191e-7
9143 8.556568824806191e-7
9144 8.556568824806191e-7
9145 8.556568824806191e-7
9146 8.556568824806191e-7
9147 8.556568824806191e-7
9148 8.556568824806191e-7
9149 8.556568824806191e-7
9150 8.556568824806191e-7
9151 8.5595809185819e-7
9152 8.553124142606963e-7
9153 8.553124142606963e-7
9154 8.553124142606963e-7
9155 8.553124142606963e-7
9156 8.553124142606963e-7
9157 8.553124142606963e-7
9158 8.553124142606963e-7
9159 8.553124142606963e-7
9160 8.553124142606963e-7
9161 8.553124142606963e-7
9162 8.553124142606963e-7
9163 8.553124142606963e-7
9164 8.553124142606963e-7
9165 8.553124142606963e-7
9166 8.553124142606963e-7
9167 8.553124142606963e-7
9168 8.553124142606963e-7
9169 8.553124142606963e-7
9170 8.553124142606963e-7
9171 8.554357813233662e-7
9172 8.554357813233662e-7
9173 8.554357813233662e-7
9174 8.55967702693268e-7
9175 8.55967702693268e-7
9176 8.55967702693268e-7
9177 8.55967702693268e-7
9178 8.55967702693268e-7
9179 8.56425925307237e-7
9180 8.560317893917588e-7
9181 8.560317893917588e-7
9182 8.560317893917588e-7
9183 8.560317893917588e-7
9184 8.560317893917588e-7
9185 8.560317893917588e-7
9186 8.555992021906043e-7
9187 8.555992021906043e-7
9188 8.555992021906043e-7
9189 8.555992021906043e-7
9190 8.555992021906043e-7
9191 8.555992021906043e-7
9192 8.555992021906043e-7
9193 8.555992021906043e-7
9194 8.555992021906043e-7
9195 8.555992021906043e-7
9196 8.555992021906043e-7
9197 8.555992021906043e-7
9198 8.555992021906043e-7
9199 8.555992021906043e-7
9200 8.555992021906043e-7
9201 8.555992021906043e-7
9202 8.555992021906043e-7
9203 8.555992021906043e-7
9204 8.555992021906043e-7
9205 8.555992021906043e-7
9206 8.555992021906043e-7
9207 8.555992021906043e-7
9208 8.555992021906043e-7
9209 8.555992021906043e-7
9210 8.555992021906043e-7
9211 8.555992021906043e-7
9212 8.555992021906043e-7
9213 8.555992021906043e-7
9214 8.555992021906043e-7
9215 8.555992021906043e-7
9216 8.555992021906043e-7
9217 8.555992021906043e-7
9218 8.555992021906043e-7
9219 8.555992021906043e-7
9220 8.555992021906043e-7
9221 8.555992021906043e-7
9222 8.56784813141277e-7
9223 8.56784813141277e-7
9224 8.57385629377527e-7
9225 8.57385629377527e-7
9226 8.57385629377527e-7
9227 8.57385629377527e-7
9228 8.596639247409653e-7
9229 8.596639247409653e-7
9230 8.596639247409653e-7
9231 8.601205448360425e-7
9232 8.601205448360425e-7
9233 8.601205448360425e-7
9234 8.601205448360425e-7
9235 8.601205448360425e-7
9236 8.601205448360425e-7
9237 8.601205448360425e-7
9238 8.601205448360425e-7
9239 8.601205448360425e-7
9240 8.601205448360425e-7
9241 8.601205448360425e-7
9242 8.601205448360425e-7
9243 8.601205448360425e-7
9244 8.601205448360425e-7
9245 8.601205448360425e-7
9246 8.605371105153698e-7
9247 8.605371105153698e-7
9248 8.605371105153698e-7
9249 8.605371105153698e-7
9250 8.610850546294625e-7
9251 8.610850546294625e-7
9252 8.610850546294625e-7
9253 8.610850546294625e-7
9254 8.610850546294625e-7
9255 8.610850546294625e-7
9256 8.617948177030833e-7
9257 8.617948177030833e-7
9258 8.617948177030833e-7
9259 8.617948177030833e-7
9260 8.621440922573178e-7
9261 8.621440922573178e-7
9262 8.621440922573178e-7
9263 8.622065770480988e-7
9264 8.622065770480988e-7
9265 8.622065770480988e-7
9266 8.622065770480988e-7
9267 8.622065770480988e-7
9268 8.622065770480988e-7
9269 8.622065770480988e-7
9270 8.630573324474723e-7
9271 8.630573324474723e-7
9272 8.630573324474723e-7
9273 8.630573324474723e-7
9274 8.634867146108432e-7
9275 8.634867146108432e-7
9276 8.634867146108432e-7
9277 8.634867146108432e-7
9278 8.634867146108432e-7
9279 8.638375916839696e-7
9280 8.638375916839696e-7
9281 8.638375916839696e-7
9282 8.638375916839696e-7
9283 8.638375916839696e-7
9284 8.638375916839696e-7
9285 8.643983547268334e-7
9286 8.643983547268334e-7
9287 8.643983547268334e-7
9288 8.663738400273545e-7
9289 8.663738400273545e-7
9290 8.663738400273545e-7
9291 8.663738400273545e-7
9292 8.663738400273545e-7
9293 8.663738400273545e-7
9294 8.663738400273545e-7
9295 8.663738400273545e-7
9296 8.663738400273545e-7
9297 8.668945486544682e-7
9298 8.668945486544682e-7
9299 8.668945486544682e-7
9300 8.676075167658727e-7
9301 8.676075167658727e-7
9302 8.676075167658727e-7
9303 8.676075167658727e-7
9304 8.676075167658727e-7
9305 8.677821546541718e-7
9306 8.677821546541718e-7
9307 8.677821546541718e-7
9308 8.677821546541718e-7
9309 8.7070452448503e-7
9310 8.717106912130918e-7
9311 8.717106912130918e-7
9312 8.730677350142799e-7
9313 8.730677350142799e-7
9314 8.730677350142799e-7
9315 8.730677350142799e-7
9316 8.730677350142799e-7
9317 8.730677350142799e-7
9318 8.737678866416409e-7
9319 8.737678866416409e-7
9320 8.737678866416409e-7
9321 8.737678866416409e-7
9322 8.748749912797055e-7
9323 8.748749912797055e-7
9324 8.748749912797055e-7
9325 8.748749912797055e-7
9326 8.748749912797055e-7
9327 8.748749912797055e-7
9328 8.748749912797055e-7
9329 8.748749912797055e-7
9330 8.748749912797055e-7
9331 8.748749912797055e-7
9332 8.748749912797055e-7
9333 8.748749912797055e-7
9334 8.748749912797055e-7
9335 8.748749912797055e-7
9336 8.748749912797055e-7
9337 8.748749912797055e-7
9338 8.748749912797055e-7
9339 8.748749912797055e-7
9340 8.748749912797055e-7
9341 8.748749912797055e-7
9342 8.748749912797055e-7
9343 8.748749912797055e-7
9344 8.748749912797055e-7
9345 8.757882326922237e-7
9346 8.757882326922237e-7
9347 8.757882326922237e-7
9348 8.761166793903193e-7
9349 8.761166793903193e-7
9350 8.761166793903193e-7
9351 8.761166793903193e-7
9352 8.764419210506311e-7
9353 8.764419210506311e-7
9354 8.764419210506311e-7
9355 8.764419210506311e-7
9356 8.764419210506311e-7
9357 8.764419210506311e-7
9358 8.764419210506311e-7
9359 8.764419210506311e-7
9360 8.767687652298348e-7
9361 8.767687652298348e-7
9362 8.767687652298348e-7
9363 8.767687652298348e-7
9364 8.770539536967603e-7
9365 8.770539536967603e-7
9366 8.770539536967603e-7
9367 8.770539536967603e-7
9368 8.770539536967603e-7
9369 8.770539536967603e-7
9370 8.770539536967603e-7
9371 8.770539536967603e-7
9372 8.770539536967603e-7
9373 8.772301941039513e-7
9374 8.772301941039513e-7
9375 8.772301941039513e-7
9376 8.772301941039513e-7
9377 8.772301941039513e-7
9378 8.782315544977012e-7
9379 8.782315544977012e-7
9380 8.782315544977012e-7
9381 8.782315544977012e-7
9382 8.782315544977012e-7
9383 8.782315544977012e-7
9384 8.782315544977012e-7
9385 8.782315544977012e-7
9386 8.783661367478866e-7
9387 8.783661367478866e-7
9388 8.783661367478866e-7
9389 8.783661367478866e-7
9390 8.783661367478866e-7
9391 8.783661367478866e-7
9392 8.783661367478866e-7
9393 8.783661367478866e-7
9394 8.783661367478866e-7
9395 8.783661367478866e-7
9396 8.783661367478866e-7
9397 8.783661367478866e-7
9398 8.783661367478866e-7
9399 8.783661367478866e-7
9400 8.783661367478866e-7
9401 8.783661367478866e-7
9402 8.783661367478866e-7
9403 8.783661367478866e-7
9404 8.783661367478866e-7
9405 8.783661367478866e-7
9406 8.783661367478866e-7
9407 8.783661367478866e-7
9408 8.783661367478866e-7
9409 8.783661367478866e-7
9410 8.792745706037293e-7
9411 8.792745706037293e-7
9412 8.792745706037293e-7
9413 8.792745706037293e-7
9414 8.800083671824547e-7
9415 8.80122121576501e-7
9416 8.80122121576501e-7
9417 8.79941076057362e-7
9418 8.79941076057362e-7
9419 8.79941076057362e-7
9420 8.805354834404084e-7
9421 8.805354834404084e-7
9422 8.805354834404084e-7
9423 8.805354834404084e-7
9424 8.798785912665812e-7
9425 8.798785912665812e-7
9426 8.798785912665812e-7
9427 8.798785912665812e-7
9428 8.798785912665812e-7
9429 8.798785912665812e-7
9430 8.798785912665812e-7
9431 8.798785912665812e-7
9432 8.798785912665812e-7
9433 8.798785912665812e-7
9434 8.798785912665812e-7
9435 8.798785912665812e-7
9436 8.798785912665812e-7
9437 8.798785912665812e-7
9438 8.798785912665812e-7
9439 8.798785912665812e-7
9440 8.798785912665812e-7
9441 8.798785912665812e-7
9442 8.798785912665812e-7
9443 8.798785912665812e-7
9444 8.804553746089084e-7
9445 8.804553746089084e-7
9446 8.804553746089084e-7
9447 8.804553746089084e-7
9448 8.804553746089084e-7
9449 8.804553746089084e-7
9450 8.804553746089084e-7
9451 8.804553746089084e-7
9452 8.804553746089084e-7
9453 8.804553746089084e-7
9454 8.804553746089084e-7
9455 8.804553746089084e-7
9456 8.804553746089084e-7
9457 8.804553746089084e-7
9458 8.815993286249393e-7
9459 8.815993286249393e-7
9460 8.815993286249393e-7
9461 8.818604841979421e-7
9462 8.818604841979421e-7
9463 8.818604841979421e-7
9464 8.818604841979421e-7
9465 8.823106954398157e-7
9466 8.823106954398157e-7
9467 8.823106954398157e-7
9468 8.823106954398157e-7
9469 8.823106954398157e-7
9470 8.832367533363774e-7
9471 8.832367533363774e-7
9472 8.840025935699393e-7
9473 8.840025935699393e-7
9474 8.840025935699393e-7
9475 8.840025935699393e-7
9476 8.840025935699393e-7
9477 8.840025935699393e-7
9478 8.843951263553437e-7
9479 8.843951263553437e-7
9480 8.843951263553437e-7
9481 8.843951263553437e-7
9482 8.843951263553437e-7
9483 8.843951263553437e-7
9484 8.843951263553437e-7
9485 8.843951263553437e-7
9486 8.843951263553437e-7
9487 8.843951263553437e-7
9488 8.843951263553437e-7
9489 8.843951263553437e-7
9490 8.843951263553437e-7
9491 8.843951263553437e-7
9492 8.843951263553437e-7
9493 8.843951263553437e-7
9494 8.84848542635001e-7
9495 8.84848542635001e-7
9496 8.84848542635001e-7
9497 8.84848542635001e-7
9498 8.84848542635001e-7
9499 8.84848542635001e-7
9500 8.84848542635001e-7
9501 8.84848542635001e-7
9502 8.84848542635001e-7
9503 8.84848542635001e-7
9504 8.84848542635001e-7
9505 8.84848542635001e-7
9506 8.862680724493338e-7
9507 8.862680724493338e-7
9508 8.862680724493338e-7
9509 8.86783973519772e-7
9510 8.86783973519772e-7
9511 8.86783973519772e-7
9512 8.86783973519772e-7
9513 8.86783973519772e-7
9514 8.86783973519772e-7
9515 8.872213670552384e-7
9516 8.872213670552384e-7
9517 8.872213670552384e-7
9518 8.872213670552384e-7
9519 8.872213670552384e-7
9520 8.872213670552384e-7
9521 8.872213670552384e-7
9522 8.872213670552384e-7
9523 8.872213670552384e-7
9524 8.872213670552384e-7
9525 8.872213670552384e-7
9526 8.872213670552384e-7
9527 8.868720925010038e-7
9528 8.868720925010038e-7
9529 8.868720925010038e-7
9530 8.868720925010038e-7
9531 8.868720925010038e-7
9532 8.868720925010038e-7
9533 8.868720925010038e-7
9534 8.87769311169331e-7
9535 8.87769311169331e-7
9536 8.889997828700656e-7
9537 8.889997828700656e-7
9538 8.889997828700656e-7
9539 8.889997828700656e-7
9540 8.889997828700656e-7
9541 8.895685560626612e-7
9542 8.895685560626612e-7
9543 8.895685560626612e-7
9544 8.895685560626612e-7
9545 8.901517470358283e-7
9546 8.901517470358283e-7
9547 8.901517470358283e-7
9548 8.901517470358283e-7
9549 8.905683127151556e-7
9550 8.905683127151556e-7
9551 8.909928897665783e-7
9552 8.909928897665783e-7
9553 8.909928897665783e-7
9554 8.909928897665783e-7
9555 8.911723333780074e-7
9556 8.915472421226927e-7
9557 8.915472421226927e-7
9558 8.915472421226927e-7
9559 8.915472421226927e-7
9560 8.915472421226927e-7
9561 8.915472421226927e-7
9562 8.915472421226927e-7
9563 8.915472421226927e-7
9564 8.915472421226927e-7
9565 8.929924055162946e-7
9566 8.929924055162946e-7
9567 8.929924055162946e-7
9568 8.929924055162946e-7
9569 8.929924055162946e-7
9570 8.929924055162946e-7
9571 8.929924055162946e-7
9572 8.929924055162946e-7
9573 8.929924055162946e-7
9574 8.942132645484055e-7
9575 8.942132645484055e-7
9576 8.942132645484055e-7
9577 8.942132645484055e-7
9578 8.942132645484055e-7
9579 8.942132645484055e-7
9580 8.942132645484055e-7
9581 8.946827023498901e-7
9582 8.946827023498901e-7
9583 8.946827023498901e-7
9584 8.946827023498901e-7
9585 8.952018072357482e-7
9586 8.952018072357482e-7
9587 8.952018072357482e-7
9588 8.952018072357482e-7
9589 8.952018072357482e-7
9590 8.952018072357482e-7
9591 8.952018072357482e-7
9592 8.952018072357482e-7
9593 8.954901995180937e-7
9594 8.954901995180937e-7
9595 8.958378715534364e-7
9596 8.958378715534364e-7
9597 8.958378715534364e-7
9598 8.958378715534364e-7
9599 8.958378715534364e-7
9600 8.964499029772019e-7
9601 8.964499029772019e-7
9602 8.964499029772019e-7
9603 8.964499029772019e-7
9604 8.974560697052636e-7
9605 8.974560697052636e-7
9606 8.974560697052636e-7
9607 8.974560697052636e-7
9608 8.974560697052636e-7
9609 8.979976049661527e-7
9610 8.972285603059891e-7
9611 8.972285603059891e-7
9612 8.972285603059891e-7
9613 8.972285603059891e-7
9614 8.972285603059891e-7
9615 8.972285603059891e-7
9616 8.972285603059891e-7
9617 8.972285603059891e-7
9618 8.972285603059891e-7
9619 8.972285603059891e-7
9620 8.972285603059891e-7
9621 8.972285603059891e-7
9622 8.972285603059891e-7
9623 8.972285603059891e-7
9624 8.972285603059891e-7
9625 8.972285603059891e-7
9626 8.972285603059891e-7
9627 8.972285603059891e-7
9628 8.972285603059891e-7
9629 8.972285603059891e-7
9630 8.972285603059891e-7
9631 8.975762323413318e-7
9632 8.975762323413318e-7
9633 8.981337891240481e-7
9634 8.981337891240481e-7
9635 8.981337891240481e-7
9636 8.981337891240481e-7
9637 8.985759902161899e-7
9638 8.997968492483009e-7
9639 8.997968492483009e-7
9640 8.997968492483009e-7
9641 8.997968492483009e-7
9642 8.997968492483009e-7
9643 9.008062197917826e-7
9644 9.008062197917826e-7
9645 9.008062197917826e-7
9646 9.008062197917826e-7
9647 9.017194599819371e-7
9648 9.017194599819371e-7
9649 9.017194599819371e-7
9650 9.017194599819371e-7
9651 9.017194599819371e-7
9652 9.017194599819371e-7
9653 9.017194599819371e-7
9654 9.017194599819371e-7
9655 9.017194599819371e-7
9656 9.017194599819371e-7
9657 9.017194599819371e-7
9658 9.04763595578937e-7
9659 9.052266251383998e-7
9660 9.052266251383998e-7
9661 9.052266251383998e-7
9662 9.052266251383998e-7
9663 9.052266251383998e-7
9664 9.052266251383998e-7
9665 9.052266251383998e-7
9666 9.052266251383998e-7
9667 9.052266251383998e-7
9668 9.052266251383998e-7
9669 9.060341223066035e-7
9670 9.060341223066035e-7
9671 9.060341223066035e-7
9672 9.060341223066035e-7
9673 9.060341223066035e-7
9674 9.067118429477516e-7
9675 9.067118429477516e-7
9676 9.067118429477516e-7
9677 9.067118429477516e-7
9678 9.067118429477516e-7
9679 9.067118429477516e-7
9680 9.07081946580489e-7
9681 9.07081946580489e-7
9682 9.07081946580489e-7
9683 9.073142629252572e-7
9684 9.073142629252572e-7
9685 9.073142629252572e-7
9686 9.073142629252572e-7
9687 9.073142629252572e-7
9688 9.073142629252572e-7
9689 9.073142629252572e-7
9690 9.073142629252572e-7
9691 9.073142629252572e-7
9692 9.073142629252572e-7
9693 9.073142629252572e-7
9694 9.078814335989608e-7
9695 9.078814335989608e-7
9696 9.078814335989608e-7
9697 9.078814335989608e-7
9698 9.078814335989608e-7
9699 9.078814335989608e-7
9700 9.078814335989608e-7
9701 9.0821949296568e-7
9702 9.0821949296568e-7
9703 9.0821949296568e-7
9704 9.089164395552572e-7
9705 9.089164395552572e-7
9706 9.089164395552572e-7
9707 9.089164395552572e-7
9708 9.089164395552572e-7
9709 9.089164395552572e-7
9710 9.095781392857601e-7
9711 9.095781392857601e-7
9712 9.095781392857601e-7
9713 9.095781392857601e-7
9714 9.095781392857601e-7
9715 9.095781392857601e-7
9716 9.095781392857601e-7
9717 9.095781392857601e-7
9718 9.101084593591337e-7
9719 9.101084593591337e-7
9720 9.101084593591337e-7
9721 9.104128731633064e-7
9722 9.104128731633064e-7
9723 9.104128731633064e-7
9724 9.104128731633064e-7
9725 9.104128731633064e-7
9726 9.12325871228319e-7
9727 9.12325871228319e-7
9728 9.12325871228319e-7
9729 9.12325871228319e-7
9730 9.12325871228319e-7
9731 9.12325871228319e-7
9732 9.12325871228319e-7
9733 9.129667418803189e-7
9734 9.129667418803189e-7
9735 9.129667418803189e-7
9736 9.129667418803189e-7
9737 9.129667418803189e-7
9738 9.129667418803189e-7
9739 9.129667418803189e-7
9740 9.129667418803189e-7
9741 9.129667418803189e-7
9742 9.129667418803189e-7
9743 9.129667418803189e-7
9744 9.129667418803189e-7
9745 9.129667418803189e-7
9746 9.134089429724608e-7
9747 9.134089429724608e-7
9748 9.134089429724608e-7
9749 9.134089429724608e-7
9750 9.134089429724608e-7
9751 9.134089429724608e-7
9752 9.134089429724608e-7
9753 9.135563429290535e-7
9754 9.141427401623682e-7
9755 9.141427401623682e-7
9756 9.141427401623682e-7
9757 9.141427401623682e-7
9758 9.141427401623682e-7
9759 9.141427401623682e-7
9760 9.150207334934482e-7
9761 9.150207334934482e-7
9762 9.150207334934482e-7
9763 9.150207334934482e-7
9764 9.15584700351732e-7
9765 9.15584700351732e-7
9766 9.15584700351732e-7
9767 9.15584700351732e-7
9768 9.15584700351732e-7
9769 9.15584700351732e-7
9770 9.15584700351732e-7
9771 9.15584700351732e-7
9772 9.15584700351732e-7
9773 9.15584700351732e-7
9774 9.15584700351732e-7
9775 9.15584700351732e-7
9776 9.15584700351732e-7
9777 9.15584700351732e-7
9778 9.15584700351732e-7
9779 9.157160787864974e-7
9780 9.164931342075746e-7
9781 9.164931342075746e-7
9782 9.164931342075746e-7
9783 9.164931342075746e-7
9784 9.173214592319173e-7
9785 9.173214592319173e-7
9786 9.173214592319173e-7
9787 9.173214592319173e-7
9788 9.173214592319173e-7
9789 9.173214592319173e-7
9790 9.173214592319173e-7
9791 9.173214592319173e-7
9792 9.173214592319173e-7
9793 9.173214592319173e-7
9794 9.173214592319173e-7
9795 9.179206729492755e-7
9796 9.179206729492755e-7
9797 9.179206729492755e-7
9798 9.1891081815551e-7
9799 9.1891081815551e-7
9800 9.1891081815551e-7
9801 9.1891081815551e-7
9802 9.1891081815551e-7
9803 9.1891081815551e-7
9804 9.1891081815551e-7
9805 9.1891081815551e-7
9806 9.1891081815551e-7
9807 9.1891081815551e-7
9808 9.196942824297909e-7
9809 9.196942824297909e-7
9810 9.196942824297909e-7
9811 9.196942824297909e-7
9812 9.205818890406765e-7
9813 9.205818890406765e-7
9814 9.205818890406765e-7
9815 9.205818890406765e-7
9816 9.205818890406765e-7
9817 9.205818890406765e-7
9818 9.205818890406765e-7
9819 9.205818890406765e-7
9820 9.211586723830037e-7
9821 9.211586723830037e-7
9822 9.211586723830037e-7
9823 9.211586723830037e-7
9824 9.213669546114854e-7
9825 9.213669546114854e-7
9826 9.213669546114854e-7
9827 9.213669546114854e-7
9828 9.214807090055318e-7
9829 9.214807090055318e-7
9830 9.214807090055318e-7
9831 9.214807090055318e-7
9832 9.214807090055318e-7
9833 9.22017437932109e-7
9834 9.22017437932109e-7
9835 9.22017437932109e-7
9836 9.22017437932109e-7
9837 9.22017437932109e-7
9838 9.22017437932109e-7
9839 9.22017437932109e-7
9840 9.22017437932109e-7
9841 9.22017437932109e-7
9842 9.22017437932109e-7
9843 9.22017437932109e-7
9844 9.22017437932109e-7
9845 9.22017437932109e-7
9846 9.22017437932109e-7
9847 9.22017437932109e-7
9848 9.22017437932109e-7
9849 9.22017437932109e-7
9850 9.22017437932109e-7
9851 9.22017437932109e-7
9852 9.22017437932109e-7
9853 9.22017437932109e-7
9854 9.22017437932109e-7
9855 9.22017437932109e-7
9856 9.22017437932109e-7
9857 9.214374501631799e-7
9858 9.214374501631799e-7
9859 9.214374501631799e-7
9860 9.214374501631799e-7
9861 9.214374501631799e-7
9862 9.214374501631799e-7
9863 9.214374501631799e-7
9864 9.214374501631799e-7
9865 9.214374501631799e-7
9866 9.209119364241181e-7
9867 9.209119364241181e-7
9868 9.209119364241181e-7
9869 9.209119364241181e-7
9870 9.209119364241181e-7
9871 9.209119364241181e-7
9872 9.209119364241181e-7
9873 9.209119364241181e-7
9874 9.209119364241181e-7
9875 9.209119364241181e-7
9876 9.209119364241181e-7
9877 9.209119364241181e-7
9878 9.209119364241181e-7
9879 9.209119364241181e-7
9880 9.209119364241181e-7
9881 9.209119364241181e-7
9882 9.209119364241181e-7
9883 9.209119364241181e-7
9884 9.209119364241181e-7
9885 9.209119364241181e-7
9886 9.221600321655718e-7
9887 9.221600321655718e-7
9888 9.221600321655718e-7
9889 9.221600321655718e-7
9890 9.221600321655718e-7
9891 9.224356061303281e-7
9892 9.224356061303281e-7
9893 9.224356061303281e-7
9894 9.224356061303281e-7
9895 9.224356061303281e-7
9896 9.226535022497972e-7
9897 9.226535022497972e-7
9898 9.226535022497972e-7
9899 9.226535022497972e-7
9900 9.226535022497972e-7
9901 9.226535022497972e-7
9902 9.226535022497972e-7
9903 9.226535022497972e-7
9904 9.226535022497972e-7
9905 9.226535022497972e-7
9906 9.230828856355317e-7
9907 9.230828856355317e-7
9908 9.237862404671307e-7
9909 9.237862404671307e-7
9910 9.237862404671307e-7
9911 9.237862404671307e-7
9912 9.237862404671307e-7
9913 9.237862404671307e-7
9914 9.237862404671307e-7
9915 9.237862404671307e-7
9916 9.237862404671307e-7
9917 9.237862404671307e-7
9918 9.237862404671307e-7
9919 9.237862404671307e-7
9920 9.237862404671307e-7
9921 9.237862404671307e-7
9922 9.237862404671307e-7
9923 9.237862404671307e-7
9924 9.237862404671307e-7
9925 9.237862404671307e-7
9926 9.237862404671307e-7
9927 9.237862404671307e-7
9928 9.237862404671307e-7
9929 9.237862404671307e-7
9930 9.237862404671307e-7
9931 9.237862404671307e-7
9932 9.237862404671307e-7
9933 9.237862404671307e-7
9934 9.237862404671307e-7
9935 9.237862404671307e-7
9936 9.237862404671307e-7
9937 9.237862404671307e-7
9938 9.248324616109426e-7
9939 9.248324616109426e-7
9940 9.248324616109426e-7
9941 9.248324616109426e-7
9942 9.248324616109426e-7
9943 9.255310107194117e-7
9944 9.254605145565353e-7
9945 9.254605145565353e-7
9946 9.254605145565353e-7
9947 9.254605145565353e-7
9948 9.254605145565353e-7
9949 9.26606071091458e-7
9950 9.26606071091458e-7
9951 9.26606071091458e-7
9952 9.26606071091458e-7
9953 9.26606071091458e-7
9954 9.26606071091458e-7
9955 9.26606071091458e-7
9956 9.26606071091458e-7
9957 9.26606071091458e-7
9958 9.26606071091458e-7
9959 9.27205285419998e-7
9960 9.269537437379825e-7
9961 9.269537437379825e-7
9962 9.281361508732354e-7
9963 9.280079768650718e-7
9964 9.294547421663835e-7
9965 9.288795607317663e-7
9966 9.288795607317663e-7
9967 9.288795607317663e-7
9968 9.288795607317663e-7
9969 9.288795607317663e-7
9970 9.288795607317663e-7
9971 9.288795607317663e-7
9972 9.288795607317663e-7
9973 9.288795607317663e-7
9974 9.288795607317663e-7
9975 9.288795607317663e-7
9976 9.288795607317663e-7
9977 9.288795607317663e-7
9978 9.288795607317663e-7
9979 9.288795607317663e-7
9980 9.288795607317663e-7
9981 9.288795607317663e-7
9982 9.288795607317663e-7
9983 9.288795607317663e-7
9984 9.288795607317663e-7
9985 9.288795607317663e-7
9986 9.288795607317663e-7
9987 9.294947959709517e-7
9988 9.294947959709517e-7
9989 9.294947959709517e-7
9990 9.294947959709517e-7
9991 9.294947959709517e-7
9992 9.298873287563561e-7
9993 9.298873287563561e-7
9994 9.298873287563561e-7
9995 9.298873287563561e-7
9996 9.302734532997389e-7
9997 9.302734532997389e-7
9998 9.302734532997389e-7
9999 9.302734532997389e-7
10000 9.302734532997389e-7
10001 9.302734532997389e-7
